id,name,type,industries,url,handle,channel_id,data,access,legal,cadence,maps_to,status,checked,reachable,robots,login,rss,feed_or_download,verified_as,verified_note,fetch_error,our_note,checked_at
sacnilk,Sacnilk,tracker,Hindi|Telugu|Tamil|Kannada|Malayalam|Hollywood-India,https://www.sacnilk.com/,,,"Day-wise India nett/gross by language, advance booking (tickets sold, gross), occupancy by show/region, worldwide gross",clipper,"Public pages; no API; ToS silent on automated access — read in the editor's own browser via the Pulse clipper, never crawled","live (advance), daily (nett)","adv, actuals, occupancy, trade",integrated,yes,yes,partial,partial,,None visible (no RSS link tags on the page); an /api/ path exists but is disallowed in robots.txt. /feed/ returned HTTP 410.,Latest Movie Reviews & Box Office Collections,"Home page shows Indian box office collections with day-wise breakdowns, opening-weekend figures, all-time records and language/genre rankings alongside reviews and celebrity news. Navigation has Login / My Account and a 'Pro Dashboard' for subscribers, so some features are tiered.",,,2026-09-12
bollywood-hungama-bo,Bollywood Hungama — Box Office,trade_press,Hindi|Hollywood-India,https://www.bollywoodhungama.com/box-office/,,,"Day-wise India nett, overseas, verdicts, all-time lists, footfalls",rss,Public; RSS feeds on WordPress; quote figures with attribution,daily,"actuals, trade, verdict",manual,yes,yes,partial,none,https://www.bollywoodhungama.com/feed/,No API or CSV/XLS; quarterly box-office snapshot tables on page only,Bollywood Hungama,"Box office hub with daily/weekly India collections, overseas performance, lifetime grosses, all-time top grossers, star-power rankings by collections and quarterly 'snapshot' tables (2024-2026). Free to read; account creation optional.",,,2026-09-12
box-office-india,Box Office India,tracker,Hindi,https://www.boxofficeindia.com/,,,"Hindi nett, weekly reports, footfalls, adjusted grosses, verdicts, all-time lists",public_page,Public; no API; attribution required,daily,"actuals, verdict, trade",manual,yes,yes,partial,none,,,Box Office India,"Bollywood box office database: first-day/weekend/total grossers for India, overseas and worldwide, territory-wise breakdowns, hit/flop counts by actor/director/banner, star rankings and film ratings. Fully public; login/register exists only for optional user accounts.",,,2026-09-12
koimoi-bo,Koimoi — Box Office,trade_press,Hindi|Telugu|Tamil|Hollywood-India,https://www.koimoi.com/box-office/,,,"Verdict tables, day-wise collections, 'How's the Hype?' reader polls on trailers/songs (pre-release intent-like signal)",rss,Public; RSS; poll results are editorial — treat as a web poll sample (source 'web'),daily,"trade, verdict, samples(web)",manual,yes,yes,partial,none,https://www.koimoi.com/feed/,WordPress RSS feed only (feed title 'Koimoi'); no API or CSV/XLS downloads seen.,Koimoi,"Box-office collection figures with daily updates, hit/flop verdicts, all-time grossers, highest openers, weekend and overseas collections for Bollywood, Hollywood and regional films, plus features like BO Filmometer, star/director power indices and the 100 Crore Club. Reader polls were not visible on this landing page.",,,2026-09-12
pinkvilla-bo,Pinkvilla — Box Office,trade_press,Hindi|Telugu|Tamil|Kannada|Malayalam|Hollywood-India,https://www.pinkvilla.com/entertainment/box-office,,,"Advance booking reports (tickets sold in national chains), day-wise nett, opening predictions",rss,Public; RSS,daily,"adv, trade, actuals",manual,yes,yes,partial,none,,None seen; /feed/ failed with 'Too many redirects'.,Pinkvilla Box Office,"Free listing of box office news articles with collection figures (opening day/weekend/week grossers, lifetime collections, 100-600 crore 'clubs'); figures are embedded in articles, not structured tables.",,,2026-09-12
filminformation,Film Information (Komal Nahta),trade_press,Hindi,https://filminformation.com/,,,"Trade verdicts, distributor shares, weekly trade analysis",public_page,Public articles; magazine paywall for archive,weekly,"trade, verdict",manual,yes,yes,allow,partial,https://filminformation.com/feed/,,Film Information,"Trade magazine site with weekly collections table (per-cinema averages, rankings), reviews with ratings (e.g. 'Last Man In Tower', 'Bhata' reviews dated 11 Sep 2026), upcoming release schedule with dates/platforms and trade/censor news. Sign-in prompts indicate premium articles and video reviews need login.",,,2026-09-12
taran-adarsh,Taran Adarsh (trade analyst),social,Hindi,https://x.com/taran_adarsh,@taran_adarsh,,"Daily nett figures, verdict calls",manual,X API is paid; read in browser and enter as a trade call,daily,trade,manual,yes,no,unavailable,unknown,,,,Not fetched: WebFetch refused the profile URL because x.com's robots.txt disallows it for the crawler; no page content seen.,ROBOTS_DISALLOWED: There was an error while fetching: URL is disallowed by robots.txt rules,,2026-09-12
komal-nahta,Komal Nahta (trade analyst),social,Hindi,https://x.com/KomalNahta,@KomalNahta,,"Trade verdicts, pre-release business",manual,X API paid; manual,weekly,trade,manual,yes,no,unavailable,unknown,,,,"Could not be fetched; the fetcher reports x.com as disallowed by robots.txt, so profile/tweet content could not be verified.",There was an error while fetching: URL is disallowed by robots.txt rules,,2026-09-12
sumit-kadel,Sumit Kadel (trade analyst),social,Hindi,https://x.com/SumitkadeI,@SumitkadeI,,"Opening-day predictions, day-wise estimates",manual,X API paid; manual,daily,trade,manual,yes,no,disallow_all,unknown,,,,Not fetched: X/Twitter profile refused by WebFetch as disallowed by robots.txt.,There was an error while fetching: URL is disallowed by robots.txt rules,Handle spelling ends in a capital I — verify before use,2026-09-12
ormax-media,Ormax Media,research,Hindi|Telugu|Tamil|Kannada|Malayalam|Hollywood-India,https://www.ormaxmedia.com/,,,"Ormax Box Office Report (monthly footfalls & gross, India), Ormax Cinematix (pre-release awareness/interest tracking — the industry's paid analogue of Pulse), Ormax Stars India Loves (quarterly star popularity), Ormax OTT Audience Report",paid,Paid reports; press-release summaries public,monthly/quarterly,"star, benchmark, calibration, ott",reference,yes,yes,allow,unknown,,,Ormax Media,"Media-consulting homepage presenting box office reports/forecasts (Ormax Cinematix), streaming audience sizing (e.g. 'The Ormax OTT Audience Report: 2026', 664.9M digital video users) and sector insights as reports/articles, not raw data tables.",,,2026-09-12
comscore-india,Comscore India (theatrical),research,Hindi|Telugu|Tamil|Kannada|Malayalam|Hollywood-India|Global,https://www.comscore.com/Products/Movies,,,Official-ish theatrical grosses by circuit (exhibitor-reported),paid,Paid; industry standard,daily,actuals,reference,yes,yes,partial,full,,,Comscore Movies,"Marketing page for Comscore's theatrical products: global box office reporting (Box Office Essentials, International Box Office Essentials), PostTrak exit polling, theatre-management and distribution software. No figures are shown publicly; the data products sit behind client login portals.",,,2026-09-12
gower-street,Gower Street Analytics,research,Global|Hollywood-India,https://gower.st/,,,Global box-office forecasts and FORECAST reports,paid,Paid,weekly,benchmark,reference,yes,yes,partial,partial,,None visible; FORECAST is a paid service with no public API/CSV linked from the homepage.,Gower Street Analytics,"Company site for a box-office analytics/forecasting firm; public homepage shows monthly/quarterly global box-office summary articles (e.g. August global box office $4.645 billion) and insight posts. The FORECAST product and detailed data sit behind the commercial service (pricing pages), not on the public page.",,,2026-09-12
bom-india,Box Office Mojo — India,aggregator,Hollywood-India|Hindi,https://www.boxofficemojo.com/intl/in/,,,"Weekend gross India (US$) for Hollywood and major Indian titles, release calendar",public_page,Amazon/IMDb ToS: no automated extraction — manual reading,weekly,"actuals(Hollywood-India), calendar",manual,yes,no,partial,unknown,,,,Not fetched: /intl/in/ refused by WebFetch as disallowed by robots.txt (the boxofficemojo.com home page itself was fetchable).,There was an error while fetching: URL is disallowed by robots.txt rules,,2026-09-12
track-tollywood,Track Tollywood,tracker,Telugu,https://www.tracktollywood.com/,,,"Telugu area-wise shares, pre-release business, verdicts",public_page,Public; attribution,daily,"actuals, trade, verdict",manual,yes,yes,partial,none,https://www.tracktollywood.com/feed/,,TrackTollywood,"Telugu portal with live box office tracking (collection figures for current releases, e.g. 'Mandaadi Day 2 ... Rs16 Cr Worldwide'), all-time charts (AP/TS and worldwide), reviews, galleries and upcoming release dates. Fully free.",,,2026-09-12
telugu360,Telugu360,trade_press,Telugu,https://www.telugu360.com/,,,"Telugu box office, pre-release business, reviews",rss,Public; RSS,daily,"trade, verdict",manual,yes,yes,partial,none,https://www.telugu360.com/feed/,,Telugu360,"Tollywood/AP-Telangana news portal: movie reviews with star ratings (e.g. 2.0/5), domestic and US box office figures, release-date news, photo galleries and videos. No login or paywall.",,,2026-09-12
andhra-box-office,Andhra Box Office,tracker,Telugu,https://www.andhraboxoffice.com/,,,"Telugu closing collections, area-wise, all-time",public_page,Public,weekly,actuals,dead,yes,no,unavailable,unknown,,,,"Site could not be reached: connection error on both www.andhraboxoffice.com and andhraboxoffice.com (robots.txt fetch failed with ConnectError), so no data could be verified.",There was an error while fetching: robots.txt fetch failed: ConnectError,host unreachable with and without www,2026-09-12
gulte,Gulte,trade_press,Telugu,https://www.gulte.com/,,,"Telugu trade news, pre-release business, day-wise",rss,Public; RSS,daily,trade,manual,yes,yes,partial,none,,None seen; WordPress site but /feed/ returned HTTP 410.,Gulte,"Telugu film and politics news portal: 'Movie Schedules' block with upcoming release dates (e.g. Epic - Sep 11, Sardar 2 - Sep 10), reviews, box office coverage inside articles, photo galleries; no structured box office tables.",,,2026-09-12
123telugu,123telugu,trade_press,Telugu,https://www.123telugu.com/,,,"Telugu reviews, box office, release dates",rss,Public; RSS,daily,"trade, calendar",manual,yes,yes,partial,none,https://www.123telugu.com/feed/,,"Latest Telugu cinema news | Movie reviews | OTT Updates, OTT","Telugu news portal: movie news, reviews with ratings, OTT release dates and OTT reviews, box office news and trailers; fetched homepage exposed mostly navigation/metadata rather than data tables. Free.",,,2026-09-12
greatandhra,GreatAndhra,trade_press,Telugu,https://www.greatandhra.com/,,,"Telugu trade, box office, buzz reporting",rss,Public,daily,trade,manual,yes,yes,allow,none,https://www.greatandhra.com/feed/,,Great Andhra,"Telugu news site covering politics and Tollywood: movie reviews with numeric ratings (e.g. 2.25/5), box office reports, film news and gossip; no tables/charts of figures. No paywall on the site itself (separate Epaper link).",,,2026-09-12
moviecrow,Moviecrow,tracker,Tamil,https://www.moviecrow.com/,,,"Tamil Nadu box office, Chennai city collections, verdicts",public_page,Public,weekly,"actuals, verdict",manual,yes,yes,partial,none,,"None seen; /feed/ returns the HTML homepage, not an RSS feed.",MovieCrow,"Tamil-cinema portal with reviews and ratings, box-office rankings/collections, top-song rankings, trailers, news and upcoming-release info; all freely accessible.",,,2026-09-12
behindwoods,Behindwoods,trade_press,Tamil,https://www.behindwoods.com/,,,"Tamil box office, Chennai box office, reviews, release dates",rss,Public; RSS,daily,"trade, calendar",manual,yes,yes,allow,none,,None seen; /feed/ returned HTTP 404.,Behindwoods,"Tamil cinema portal with news, reviews, trailers/videos and interviews; sidebar rankings 'Top Movies at Box Office' and 'Current Top Albums' plus upcoming movie listings; no structured figures, ratings or charts.",,,2026-09-12
cinema-express,Cinema Express (New Indian Express),trade_press,Tamil|Telugu|Malayalam|Kannada,https://www.cinemaexpress.com/,,,"South reviews, trade, release dates",rss,Public; RSS,daily,"trade, calendar",manual,yes,no,unavailable,unknown,,,,"Not verifiable — fetcher blocked for page, /robots.txt and /feed/.",SITE_BLOCKED: Access to this website has been blocked,,2026-09-12
indiaglitz,IndiaGlitz,trade_press,Telugu|Tamil|Kannada|Malayalam|Hindi,https://www.indiaglitz.com/,,,"Multi-language reviews, box office, release calendars",rss,Public,daily,"trade, calendar",manual,yes,yes,unavailable,none,,,IndiaGlitz - India's No.1 multi-region entertainment portal,"Multi-language (Tamil/Telugu/Hindi/Malayalam/Kannada) entertainment portal with movie news, trailers, reviews, interviews, galleries and upcoming-movie previews listing release dates. No box office tables or ratings system visible on the homepage; no login or paywall.",,,2026-09-12
ramesh-bala,Ramesh Bala (trade tracker),social,Tamil|Telugu|Malayalam,https://x.com/rameshlaus,@rameshlaus,,"Tamil/South box-office figures, overseas (esp. TN, Kerala, overseas Tamil)",manual,X API paid; manual,daily,trade,manual,yes,no,unavailable,unknown,,,,"Could not be fetched; the fetcher reports x.com as disallowed by robots.txt, so profile/tweet content could not be verified.",There was an error while fetching: URL is disallowed by robots.txt rules,,2026-09-12
sreedhar-pillai,Sreedhar Pillai (trade analyst),social,Tamil|Malayalam,https://x.com/sri50,@sri50,,"Kollywood trade verdicts, pre-release business",manual,X API paid; manual,daily,"trade, verdict",manual,yes,no,disallow_all,unknown,,,,Not fetched: X/Twitter profile refused by WebFetch as disallowed by robots.txt.,There was an error while fetching: URL is disallowed by robots.txt rules,,2026-09-12
kaushik-lm,Kaushik LM (trade tracker),social,Tamil,https://x.com/LMKMovieManiac,@LMKMovieManiac,,Tamil box office & advance updates,manual,X API paid; manual,daily,"trade, adv",manual,yes,no,unavailable,unknown,,,,Not verifiable — fetcher refused the profile URL as disallowed by x.com robots.txt.,ROBOTS_DISALLOWED: There was an error while fetching: URL is disallowed by robots.txt rules,,2026-09-12
manobala,Manobala Vijayabalan (trade tracker),social,Tamil|Telugu|Hindi,https://x.com/ManobalaV,@ManobalaV,,"Day-wise worldwide gross estimates, all industries",manual,X API paid; manual,daily,trade,manual,yes,no,unavailable,unknown,,,,Not fetched: WebFetch refused the profile URL because x.com's robots.txt disallows it for the crawler; no page content seen.,ROBOTS_DISALLOWED: There was an error while fetching: URL is disallowed by robots.txt rules,,2026-09-12
forum-keralam,Forum Keralam / Forum Reelz,social,Malayalam,https://x.com/Forumreelz,@Forumreelz,,"Kerala box office (theatre-level counts), Malayalam verdicts",manual,X API paid; manual,daily,"trade, actuals",manual,yes,no,unavailable,unknown,,,,"Could not be fetched; the fetcher reports x.com as disallowed by robots.txt, so profile/tweet content could not be verified.",There was an error while fetching: URL is disallowed by robots.txt rules,,2026-09-12
onmanorama,Onmanorama — Movies,trade_press,Malayalam,https://www.onmanorama.com/entertainment.html,,,"Malayalam reviews, box office reporting, release calendar",rss,Public; RSS,daily,"trade, calendar",manual,yes,yes,partial,none,https://www.onmanorama.com/entertainment.feeds.onmrss.xml,"RSS: /rss.html lists news-category feeds (kerala, india, world, business); the Entertainment feed above was verified (feed title 'Entertainment'). /feed/ returned HTTP 404. No API or CSV/XLS.",Entertainment News Headlines | Movie Celebrity News | Film News English Manorama | Onmanorama,"Entertainment news hub (Bollywood/Hollywood/Kollywood/Mollywood): headlines, movie reviews, interviews, music and celebrity news; no box office tables, ratings or release calendar visible. Main content open; a premium e-paper/app subscription is advertised separately.",,,2026-09-12
chitraloka,Chitraloka,trade_press,Kannada,https://chitraloka.com/,,,"Kannada release dates, box office, trade",rss,Public,daily,"trade, calendar",manual,yes,yes,allow,none,,,Chitraloka,"Kannada movie portal (since 2000) with news, photo galleries, interviews, actor profiles, songs and reviews; fetched homepage showed no box office tables or release-date lists. Free.",,,2026-09-12
filmibeat,Filmibeat (Oneindia),trade_press,Hindi|Telugu|Tamil|Kannada|Malayalam|Hollywood-India,https://www.filmibeat.com/,,,"Regional film news in Kannada/Tamil/Telugu/Malayalam/Hindi, reader polls, release calendars",rss,Public; RSS,daily,"trade, calendar, samples(web)",manual,yes,yes,partial,none,,,FilmiBeat,"Oneindia entertainment portal covering Bollywood, Hollywood, Kannada, Telugu, Tamil and Malayalam cinema: movie reviews with ratings, box office collection articles, celebrity/TV/Bigg Boss news. No paywall; optional Google sign-in for a 'better reading experience'.",,,2026-09-12
box-office-worldwide,Box Office Worldwide / trade compilations,aggregator,Hindi|Telugu|Tamil|Kannada|Malayalam|Hollywood-India,https://www.boxofficeworldwide.com/,,,South & Hindi day-wise trackers (secondary source),public_page,Public; secondary — verify against primary,daily,trade,reference,yes,yes,allow,none,,None visible on the homepage.,Box Office Worldwide,"Entertainment-news style site with box-office collection updates, weekend and opening-week figures and predictions for Bollywood, Hollywood, regional Indian films and OTT (e.g. 'Mirzapur The Movie Storms Past Rs 162 Crore'). Article-based, freely accessible.",,,2026-09-12
bookmyshow,BookMyShow,ticketing,Hindi|Telugu|Tamil|Kannada|Malayalam|Hollywood-India,https://in.bookmyshow.com/,,,"'Interested' counts pre-release (thousands), user rating & votes post-release, show counts by city, 'fast filling'/'almost full' tags, coming-soon calendar",clipper,"ToS forbids scraping and credential sharing — only the one-click clipper in the editor's own browser, never a login given to the worker",live,"bms, shows, calendar, rating",integrated,yes,no,unavailable,unknown,,,,Not fetched: WebFetch reports access to this website is blocked.,Access to this website has been blocked,not reachable from the server — use the browser clipper or manual entry,2026-09-12
district,District by Zomato (ex Paytm Insider/Movies),ticketing,Hindi|Telugu|Tamil|Kannada|Malayalam|Hollywood-India,https://www.district.in/movies,,,"Show counts, ratings, 'interested', coming soon",clipper,ToS; browser-side clipper only,live,"shows, calendar",planned,yes,yes,partial,none,,,District — Book movie tickets online across India,"Zomato's ticketing site: trending/now-showing movie listings with certification (U/UA/A/TBA), genre, language, showtimes and cinema directories by city. No box office figures, 'interested' counts or charts visible in fetched content; booking without login until checkout.",,,2026-09-12
pvr-inox,PVR INOX,ticketing,Hindi|Telugu|Tamil|Kannada|Malayalam|Hollywood-India,https://www.pvrcinemas.com/,,,"Showtimes, seat maps (occupancy sampling for advance), premium formats count",clipper,ToS; browser-side reading only; sample a fixed basket of shows,live,"occupancy, shows",planned,yes,no,unavailable,unknown,,,,"Not fetched: homepage returned HTTP 403 to the fetcher (bot blocking), so no showtimes/seat-map content could be inspected.",CLIENT_ERROR: There was an error while fetching: The page returned a 403 client error,not reachable from the server — use the browser clipper or manual entry,2026-09-12
cinepolis-in,Cinépolis India,ticketing,Hindi|Telugu|Tamil|Kannada|Malayalam|Hollywood-India,https://www.cinepolisindia.com/,,,"Showtimes, seat maps",clipper,ToS; browser-side only,live,"occupancy, shows",planned,yes,no,unavailable,unknown,,,,"Could not be fetched: TLS handshake failure (tlsv1 alert internal error) when the fetcher requested robots.txt, so showtime/seat-map data could not be verified.",There was an error while fetching: robots.txt fetch failed: [SSL: TLSV1_ALERT_INTERNAL_ERROR] tlsv1 alert internal error (_ssl.c:1016),not reachable from the server — use the browser clipper or manual entry,2026-09-12
miraj,Miraj Cinemas,ticketing,Hindi|Telugu|Tamil|Kannada|Malayalam|Hollywood-India,https://www.mirajcinemas.com/,,,Showtimes (tier-2 India signal),clipper,ToS; browser-side only,live,shows,reference,yes,yes,allow,unknown,,,Miraj Cinemas,"JavaScript-rendered app; the fetched HTML contained only page metadata (title, viewport) with no showtimes, cinema list or film data visible in the static HTML.",,,2026-09-12
tmdb,TMDB API,api,Hindi|Telugu|Tamil|Kannada|Malayalam|Hollywood-India|Global,https://developer.themoviedb.org/reference/intro/getting-started,,,"Metadata, daily 'popularity' score, trending (day/week), vote average/count, release dates by country, watch providers (JustWatch-powered), upcoming, people popularity",api,"Free API key; non-commercial free, commercial use requires TMDB commercial licence; attribution required",daily,"tmdb (anticipation), calendar, ott availability, star",planned,yes,yes,partial,partial,,TMDB REST API v3 (API key required); full endpoint reference on this site,TMDB API v3 — Getting Started,"Developer docs listing API v3 endpoints for movies, TV, people, collections: credits, vote averages/ratings, release dates, keywords, images, watch providers, trending/popular etc. Docs free; API calls need a (free) API key.",,,2026-09-12
imdb-datasets,IMDb Non-Commercial Datasets,dataset,Hindi|Telugu|Tamil|Kannada|Malayalam|Hollywood-India|Global,https://datasets.imdbws.com/,,,"title.basics, title.ratings (rating + votes for every title, daily), title.akas (regional titles), name.basics",dataset,Personal and non-commercial use only — a commercial site needs IMDb licensing (AWS Data Exchange) before using it in production,daily,imdb rating/votes velocity (post-release WOM),planned,yes,yes,unavailable,none,,"Direct .tsv.gz downloads (title.basics, title.ratings, title.akas, name.basics etc.); docs at developer.imdb.com/non-commercial-datasets",IMDb Non-Commercial Datasets,"Plain download index of seven compressed TSV datasets (names, titles, ratings, crew, episodes) provided for non-commercial use only; no box office data. No login or paywall; documentation is linked on IMDb's developer site.",,,2026-09-12
imdb-lists,IMDb — Most Anticipated / India charts (MOVIEmeter),public_page,Hindi|Telugu|Tamil|Kannada|Malayalam|Hollywood-India|Global,https://www.imdb.com/india/upcoming/,,,"Traffic-based MOVIEmeter rank, 'Most anticipated Indian movies', 'Most popular Indian movies', title-page Popularity",clipper,Robots disallow crawling; IMDb ToS — clipper in the editor's browser only,daily,"imdb, imdb_list",integrated,yes,no,unavailable,unknown,,,,"Could not be fetched; imdb.com is disallowed by robots.txt for the fetcher, so the India upcoming/MOVIEmeter charts could not be verified.",There was an error while fetching: URL is disallowed by robots.txt rules,not reachable from the server — use the browser clipper or manual entry,2026-09-12
imdb-pro,IMDbPro (MOVIEmeter/STARmeter history),api,Hindi|Telugu|Tamil|Kannada|Malayalam|Hollywood-India|Global,https://pro.imdb.com/,,,"MOVIEmeter and STARmeter weekly history, box office (Box Office Mojo Pro)",paid,Subscription; export for own analysis,weekly,"imdb, star",reference,yes,yes,unavailable,full,,No API docs or downloads linked; IMDbPro is a paid membership product.,IMDbPro,"Marketing landing page for the IMDbPro membership (agent contacts, in-development titles, who's attached); no MOVIEmeter/STARmeter history or box office data is displayed publicly; individual plans from $19.99/month.",,,2026-09-12
omdb,OMDb API,api,Hindi|Telugu|Tamil|Kannada|Malayalam|Hollywood-India|Global,https://www.omdbapi.com/,,,"IMDb rating/votes, RT score, Metascore, plot, poster per title",api,"Free 1,000/day; paid tiers; data licensing caveats",daily,"imdb, rt (post-release)",planned,yes,yes,allow,partial,,OMDb REST API (free key; Poster API patrons-only),OMDb API - The Open Movie Database,"REST API documentation: title metadata by title/IMDb ID (title, year, plot, poster, ratings), parameter tables, examples and changelog. Free tier with API key; Poster API (280,000+ posters) only for patrons.",,,2026-09-12
wikidata,Wikidata SPARQL / Wikipedia API,api,Hindi|Telugu|Tamil|Kannada|Malayalam|Hollywood-India|Global,https://query.wikidata.org/,,,"Release dates, cast, director, production companies, budget/box-office claims, IMDb/TMDB ids for entity matching",api,CC0 / CC BY-SA; free,daily,"calendar, metadata, matching",planned,yes,no,unavailable,unknown,,,,"Not fetched: the WebFetch tool refuses this domain ('cache-only and cannot be fetched'); this is a tool-side restriction, not evidence the SPARQL endpoint is down.",URL_NOT_FOUND: There was an error while fetching: This domain is cache-only and cannot be fetched,not reachable from the server — use the browser clipper or manual entry,2026-09-12
wikimedia-pageviews,Wikimedia Pageviews API,api,Hindi|Telugu|Tamil|Kannada|Malayalam|Hollywood-India|Global,https://wikimedia.org/api/rest_v1/,,,Daily pageviews for film and star articles (all languages),api,Free; public,daily,"wiki, star",integrated,yes,no,unavailable,unknown,,,,"Could not be fetched: the fetcher treats wikimedia.org (and wikitech.wikimedia.org) as a cache-only domain that cannot be fetched, so the REST API docs could not be verified.",There was an error while fetching: This domain is cache-only and cannot be fetched,not reachable from the server — use the browser clipper or manual entry,2026-09-12
trakt,Trakt API,api,Global|Hollywood-India,https://trakt.docs.apiary.io/,,,"Most anticipated movies (watchlist adds — a global intent proxy), trending (currently watching), most watched/collected, ratings",api,"Free API key (client id); rate-limited (1,000 req/5 min); attribution",daily,antic,planned,yes,yes,partial,unknown,,API documentation site (Apiary) - content requires JavaScript to render.,Trakt API (Apiary),"Apiary-hosted Trakt API documentation; the page is a JavaScript shell, so no endpoint list (anticipated/trending/etc.) or data descriptions were visible in the fetched HTML.",,,2026-09-12
letterboxd,Letterboxd,review,Global|Hindi|Hollywood-India,https://letterboxd.com/,,,"Watchlist count per film pre-release ('want to watch' — intent proxy), ratings distribution, 'Most anticipated' lists",clipper,API is partner-only; page reading in the editor's browser via clipper; no crawling,daily,"antic, rating",planned,yes,yes,partial,partial,,API (beta) linked from footer; no CSV/XLS,Letterboxd,"Social film-logging site: 5-star ratings, reviews, lists (e.g. 'Letterboxd's Top 500 Films'), watchlists and diaries; homepage promotes Pro for comprehensive stats and links an API (beta). Watchlist counts/most-anticipated lists not shown on homepage.",,,2026-09-12
rotten-tomatoes,Rotten Tomatoes,review,Global|Hollywood-India,https://www.rottentomatoes.com/,,,"'Want to see' count pre-release (intent proxy), Tomatometer, Verified Hot audience score",clipper,No public API; robots restrictions; clipper only,daily,"antic, quality (post-release)",planned,yes,yes,partial,none,,,Rotten Tomatoes,"Review aggregator homepage showing Tomatometer critic scores, audience scores, trailers, showtimes, box office rankings, release dates and editorial guides. All public; account sign-up only for personalised watchlists. No API docs or downloads visible.",,,2026-09-12
metacritic,Metacritic,review,Global,https://www.metacritic.com/,,,"Metascore, user score",clipper,No API; manual,weekly,quality,reference,yes,yes,partial,none,,None seen; /feed/ returns 404.,Metacritic,"Review aggregator showing Metascores (weighted critic averages), user scores, release dates/premiere calendars, streaming availability and editorial rankings for movies, TV, games and music; no box-office figures.",,,2026-09-12
justwatch,JustWatch,ott_tracker,Hindi|Telugu|Tamil|Kannada|Malayalam|Hollywood-India|Global,https://www.justwatch.com/in,,,"OTT availability by country, JustWatch popularity rank (daily), streaming charts",api,Partner API; the sanctioned route is TMDB /watch/providers (JustWatch-powered) with attribution,daily,ott,planned,yes,yes,allow,none,,None linked; /feed/ returned HTTP 404.,JustWatch (India),"Streaming availability catalogue (about 66,368 titles) filterable by release year, genre, price and age rating across Netflix, Prime Video, Apple TV etc.; no popularity-rank numbers, box office or ratings visible on the landing page.",,,2026-09-12
flixpatrol,FlixPatrol,ott_tracker,Hindi|Telugu|Tamil|Kannada|Malayalam|Hollywood-India|Global,https://flixpatrol.com/,,,"Daily Top-10 on Netflix/Prime/Disney+/JioHotstar etc. by country, points system",paid,Paid API; free daily pages for manual reading,daily,ott,manual,yes,yes,partial,partial,,Premium (paid) API; API documentation link on homepage,FlixPatrol,"Daily VOD Top-10 charts for 1,027 streaming platforms in 167 countries (Netflix, Disney+, Prime, HBO Max etc.), trending, VOD release calendar and social metrics (Wikipedia views, YouTube trailer views, torrents). Current charts free; Top-10 archive, API access and availability data are Premium.",,,2026-09-12
netflix-top10,Netflix Tudum Top 10,ott_tracker,Hindi|Telugu|Tamil|Kannada|Malayalam|Hollywood-India|Global,https://www.netflix.com/tudum/top10,,,Official weekly Top 10 by country with views/hours; downloadable Excel of global + country lists,csv,"Official, free, downloadable",weekly,ott,planned,yes,yes,partial,none,,,Top 10 Most Popular Movies on Netflix Right Now in India,"Netflix Tudum weekly Top 10 for India: ranked list 1-10 of films (e.g. Gandhari, Alpha 2, Dhamaal 4) with no views/hours numbers on the country page; the root page https://www.netflix.com/tudum/top10 does show 'views this week' and 'hours viewed' per title. No Excel/TSV download link and no 'Download' text was visible in either fetched render; content is public (sign-in only for a watchlist).",,views/hours are on the root page; the /india page shows ranks only; no XLS link seen,2026-09-12
prime-video-top10,Prime Video Top 10 (in-app),ott_tracker,Hindi|Telugu|Tamil|Kannada|Malayalam|Hollywood-India|Global,https://www.primevideo.com/,,,In-app Top 10 India — no public data feed,manual,No public feed; screenshot-level manual only,daily,ott,reference,yes,yes,unavailable,partial,,None; no public data feed for Top 10.,,"Fetch returned a streaming-catalogue landing page listing titles with descriptions, parental ratings and access type (free trial/rental/purchase); the summariser oddly referenced 'Peacock Premium Plus', so the content is not clearly the India storefront. No Top 10 chart or any chart data was exposed; Top 10 is in-app only.",,,2026-09-12
jiohotstar,JioHotstar,ott_tracker,Hindi|Telugu|Tamil|Kannada|Malayalam|Hollywood-India,https://www.jiohotstar.com/,,,Trending/top titles in-app; no public feed,manual,No public feed,daily,ott,reference,yes,no,unavailable,unknown,,,Hotstar,"Only a VPN/proxy block page was served ('Looks like you are connecting through a VPN, proxy or unblocker service'); no catalogue or trending data visible.","302 to https://www.hotstar.com/ which returned an access-block page: 'Looks like you are connecting through a VPN, proxy or unblocker service' - no site content; /feed also returned the block page",,2026-09-12
ottplay,OTTplay,ott_tracker,Hindi|Telugu|Tamil|Kannada|Malayalam|Hollywood-India,https://www.ottplay.com/,,,"OTT release calendar India, ratings, OTT news",rss,Public; RSS,daily,"calendar(ott), ott",manual,yes,no,unavailable,unknown,,,,"Not verifiable — fetcher blocked for page, /robots.txt and /feed/.",SITE_BLOCKED: Access to this website has been blocked,,2026-09-12
letsott,LetsOTT Global (OTT charts),social,Hindi|Telugu|Tamil|Kannada|Malayalam|Hollywood-India|Global,https://x.com/LetsOTT,@LetsOTT,,"OTT release dates, platform top-10 screenshots, streaming rights deals",manual,X API paid; manual,daily,"calendar(ott), ott, rights",manual,yes,no,unavailable,unknown,,,,Not fetched: WebFetch refused the profile URL because x.com's robots.txt disallows it for the crawler; no page content seen.,ROBOTS_DISALLOWED: There was an error while fetching: URL is disallowed by robots.txt rules,,2026-09-12
ormax-ott,Ormax OTT Audience Report,research,Hindi|Telugu|Tamil|Kannada|Malayalam|Hollywood-India,https://www.ormaxmedia.com/,,,Viewership estimates for OTT titles India,paid,Paid,monthly,"ott, calibration",reference,yes,yes,allow,partial,,"None visible; reports are consulting deliverables, no API/CSV linked.",Ormax Media,"Corporate site of India's specialised media consulting firm; lists reports such as 'The Ormax OTT Audience Report: 2026' and box-office forecasting via Ormax Cinematix, but the homepage shows report titles/insights only, not underlying viewership datasets.",,,2026-09-12
google-trends,Google Trends,api,Hindi|Telugu|Tamil|Kannada|Malayalam|Hollywood-India|Global,https://trends.google.com/trends/,,,"Interest over time vs benchmark film, related queries, trending now (RSS)",csv,Free; explore endpoint rate-limited — CSV paste + Trending RSS integrated; official Trends API alpha optional,daily,"search, trending",integrated,yes,yes,partial,none,,None visible on the landing page.,Google Trends,"Landing page describing exploration of search interest by time, location and popularity, with curated trend stories and visualisations; no film-specific data and no API docs, RSS or download links visible on the landing page.",,,2026-09-12
google-search-console,Google Search Console API,api,Hindi|Telugu|Tamil|Kannada|Malayalam|Hollywood-India,https://developers.google.com/webmaster-tools,,,Impressions/clicks for film queries on Screenstat's own properties (search demand you can see),owned,Own properties; service account,daily,gsc,integrated,yes,yes,allow,none,,Search Console API reference and getting-started docs,Google Search Console API,"Developer landing page for the Search Console API (search performance reports, sitemaps, site verification) with links to API reference, getting-started guide, forum and YouTube channel. No film data — only impressions/clicks for your own verified properties.",,,2026-09-12
youtube-data,YouTube Data API v3,api,Hindi|Telugu|Tamil|Kannada|Malayalam|Hollywood-India|Global,https://developers.google.com/youtube/v3,,,"Trailer/teaser/song views, likes, comment counts, comments text, channel stats, publishedAt for 24-h views",api,Free 10k units/day; ToS: no scraping,6-hourly,"tr24, trTotal, likeRatio, song, sentiment, intent samples",integrated,yes,yes,partial,none,,YouTube Data API v3 REST reference + APIs Explorer (API key/OAuth required),YouTube Data API | Google for Developers,"Google Developers documentation hub for the YouTube Data API v3: guides, reference docs, code samples, APIs Explorer, quota calculator and issue tracker. Documentation is free and public; using the API requires a Google Cloud project/API key (free quota).",,,2026-09-12
youtube-charts,YouTube Music Charts — India,music,Hindi|Telugu|Tamil|Kannada|Malayalam,https://charts.youtube.com/charts/TopSongs/in/weekly,,,Weekly top songs India by views — film-song chart position,clipper,Public page; no API,weekly,song,planned,yes,yes,partial,none,,None seen in the fetched HTML.,"YouTube Charts (meta description: 'Top Songs, Artists, Videos on YouTube')","JavaScript-rendered chart app; only page metadata was readable. The weekly India Top Songs list itself did not render in the fetched HTML, so chart positions could not be read server-side.",,,2026-09-12
spotify-api,Spotify Web API,api,Hindi|Telugu|Tamil|Kannada|Malayalam|Hollywood-India|Global,https://developer.spotify.com/documentation/web-api,,,"Track popularity (0–100), playlists, artist followers",api,Free client credentials; developer terms,daily,spot,integrated,yes,yes,partial,partial,,API reference docs; OpenAPI schema at /reference/web-api/open-api-schema.yaml is explicitly allowed in robots.txt.,Spotify Web API (Spotify for Developers),"Developer documentation for the Web API: music metadata (artists, albums, tracks), playlists and playback control; docs are public, API calls require a Spotify developer app/credentials (page notes Premium needed for some features).",,,2026-09-12
spotify-charts,Spotify Charts — India,music,Hindi|Telugu|Tamil|Kannada|Malayalam,https://charts.spotify.com/charts/view/regional-in-daily/latest,,,Daily/weekly Top 50 India with CSV download,csv,Free with Spotify login; download in the editor's browser,daily,song,planned,yes,yes,unavailable,unknown,,Not visible in fetched content (chart table is client-rendered),Spotify Charts,"JS-rendered chart app; fetched text showed only marketing copy ('artist, genre, city and local pulse charts'), legal/privacy/FAQ links. The India daily Top 50 table and its CSV download did not render server-side, so figures could not be seen.",,,2026-09-12
jiosaavn,JioSaavn charts,music,Hindi|Telugu|Tamil|Kannada|Malayalam,https://www.jiosaavn.com/featured/weekly-top-songs/8MT-LQlP35c_,,,Weekly Top Songs (Hindi + regional) — mass-market song reach beyond Spotify's urban skew,clipper,No public API; page reading in browser,weekly,song,planned,yes,yes,partial,partial,,,Dumdaar Hits,"The URL resolves to a JioSaavn playlist page whose heading is 'Dumdaar Hits' (15 songs, 'Just Updated', no date) rather than a chart titled 'Weekly Top Songs'; the page also links to new releases, top charts and artist pages. Browsing is free, full playback needs JioSaavn Pro. No API/RSS/download links.",,"playlist now renders ""Dumdaar Hits"" — chart id is stale, find the current weekly-top-songs id",2026-09-12
gaana,Gaana Top Charts,music,Hindi|Telugu|Tamil|Kannada|Malayalam,https://gaana.com/,,,Trending songs India,clipper,No public API,weekly,song,reference,yes,no,unavailable,unknown,,,,"Could not be fetched: the fetcher reports access to this website has been blocked, so trending/top-chart data could not be verified.",Access to this website has been blocked,,2026-09-12
wynk,Wynk Music Top 100,music,Hindi|Telugu|Tamil|Kannada|Malayalam,https://wynk.in/music,,,Top 100 India,clipper,No public API,weekly,song,reference,yes,yes,partial,unknown,,,Wynk Music,"Music streaming landing page (Hindi/English/Bollywood/regional songs, podcasts, playlists); no Top 100 chart or film data visible in the fetched content.",,,2026-09-12
apple-music-charts,Apple Music Top 100: India,music,Hindi|Telugu|Tamil|Kannada|Malayalam,https://rss.applemarketingtools.com/api/v2/in/music/most-played/100/songs.json,,,Daily Top 100 India,public_page,Public playlist page,daily,song,planned,yes,no,partial,unknown,,,,"Playlist ID returns 404 on /in/ and /us/ storefronts and without slug; the sibling 'Top 100: Global' playlist (pl.d25f5d1181894928af76c85c967f8f31) loads fine, so this India playlist URL/ID appears wrong or retired. Candidate alternative: rss.applemarketingtools.com/api/v2/in/music/most-played/100/songs.json (unverified — its robots.txt fetch failed).",CLIENT_ERROR: There was an error while fetching: The page returned a 404 client error (also 404 for https://music.apple.com/in/playlist/pl.c0e98d2423e54c39b3df955c24df3cc4 and the /us/ storefront),the /in/ Top-100 playlist id 404s; Apple Marketing Tools RSS JSON is the stable feed · not reachable from the server — use the browser clipper or manual entry,2026-09-12
shazam-charts,Shazam Charts — India,music,Hindi|Telugu|Tamil|Kannada|Malayalam,https://www.shazam.com/charts/top-200/india,,,Top 200 India — discovery-driven demand for film songs,public_page,Public page,daily,song,planned,yes,yes,partial,none,,Download CSV button on chart pages,Top 200 India - Shazam Charts,"Shazam's weekly Top 200 chart for India: ranked song titles and artists (1-200), with tabs for Viral/Discovery and city charts (Bengaluru, Delhi, Mumbai). Free, no login; a 'Download CSV' control is present on the chart page.",,,2026-09-12
imi-charts,IMI International Top 20 Singles,music,Hindi,https://indianmi.org/,,,Weekly official Indian Music Industry chart,public_page,Public,weekly,song,reference,yes,yes,allow,none,,PDF reports only; no chart API/CSV seen.,Indian Music Industry (IMI),"Given URL www.imi.org.in was disallowed for the fetcher; the IMI's actual site indianmi.org is an industry-body page (IFPI affiliate) with news, advocacy content and reports such as 'IMI Annual Report 2023' and 'Digital Music Study Report 2022'. No weekly International Top 20 Singles chart was visible on the homepage.",Original URL https://www.imi.org.in/ failed: There was an error while fetching: URL is disallowed by robots.txt rules; verified alternative host https://indianmi.org/ instead.,imi.org.in blocked; IMI site is indianmi.org — no public Top 20 chart visible,2026-09-12
mirchi-top20,Radio Mirchi Top 20,music,Hindi,https://www.mirchi.in/,,,Weekly radio chart of film songs,public_page,Public,weekly,song,reference,yes,no,unavailable,unknown,,,,Not fetched: WebFetch reports access to this website is blocked.,Access to this website has been blocked,,2026-09-12
reddit-api,Reddit API,api,Hindi|Telugu|Tamil|Kannada|Malayalam|Hollywood-India|Global,https://www.reddit.com/dev/api/,,,"Threads & comments on r/bollywood, r/BollyBlindsNGossip, r/tollywood, r/kollywood, r/MalayalamMovies, r/movies, r/boxoffice",api,Free tier for this volume (100 req/min); Data API terms,6-hourly,"reddit, sentiment, intent samples",integrated,yes,no,unavailable,unknown,,,,Not verifiable — fetcher blocked for page and /robots.txt.,SITE_BLOCKED: Access to this website has been blocked,not reachable from the server — use the browser clipper or manual entry,2026-09-12
x-api,X (Twitter) API,api,Hindi|Telugu|Tamil|Kannada|Malayalam|Hollywood-India|Global,https://developer.x.com/,,,"Mentions/velocity, polls, trade analysts' posts",paid,"Paid tiers (Basic ~US$100/mo, 10k reads/month) — optional connector",hourly,"x mentions, samples(x)",planned,yes,yes,allow,partial,,"X API v2 via Developer Console (paid, consumption-based billing)",X Developer Platform,"Landing page for the X Developer Platform describing X API access via a Developer Console with consumption-based billing (no fixed monthly cost, no caps). No film data on the page; API docs are linked from the console. Actual API use requires a developer account and payment.",,,2026-09-12
meta-ig-hashtag,Instagram Hashtag Search API,api,Hindi|Telugu|Tamil|Kannada|Malayalam|Hollywood-India,https://developers.facebook.com/docs/instagram-platform/instagram-graph-api/reference/ig-hashtag-search,,,Recent/top media counts for film hashtags (30 hashtags per account per week),owned,Requires Business/Creator account + App Review; owned assets only,6-hourly,posts,integrated,yes,yes,allow,partial,,"Graph API endpoint GET /ig_hashtag_search (User access token + instagram_basic; 30 unique hashtags per account per 7 days); docs public, API gated by app review/tokens.",IG Hashtag Search (Instagram Graph API reference),"Developer documentation for the Instagram Graph API hashtag-search endpoint: returns hashtag IDs for a query, limited to 30 unique hashtags per 7-day period, with sample requests/responses. Requires a User access token with instagram_basic permission; no film data on the page itself.",,,2026-09-12
meta-ig-discovery,Instagram Business Discovery API,api,Hindi|Telugu|Tamil|Kannada|Malayalam|Hollywood-India|Global,https://developers.facebook.com/docs/instagram-platform/instagram-api-with-instagram-login/business-discovery,,,"Public Business/Creator accounts by username: followers_count, media_count, recent media like/comment counts, captions — the sanctioned way to read official studio, platform and star accounts",owned,Query from an owned IG professional account; only public professional accounts; no comment texts,6-hourly,"official, star",planned,yes,yes,allow,partial,,API documentation (Graph API endpoints with curl samples).,Instagram Graph API - Business Discovery (Meta for Developers),"API reference for Business Discovery: fetch another professional account's metadata by username - follower counts, media objects and engagement (likes, comments, views) - with curl sample requests and JSON responses; requires a Meta app and access token.",Listed URL (.../guides/business-discovery) returned HTTP 404; the document is live at /docs/instagram-platform/instagram-graph-api/business-discovery,docs path moved,2026-09-12
meta-network,Meta Graph API — own Pages & IG accounts,api,Hindi|Telugu|Tamil|Kannada|Malayalam|Hollywood-India,https://developers.facebook.com/docs/graph-api,,,"Insights and engagement on the 50 Facebook Pages + 50 Instagram accounts, comments on film posts",owned,Own assets,6-hourly,"net, sentiment, intent samples",integrated,yes,yes,allow,none,,Graph API reference docs,Graph API - Documentation - Meta for Developers,"Meta developer documentation for the Graph API (overview, getting started, batch requests, debugging, error handling, secure requests) with links to the API reference. No film data — Page/IG insights only for accounts you manage. Docs free.",,,2026-09-12
tiktok-creative-center,TikTok Creative Center (trends),social,Global|Hollywood-India,https://ads.tiktok.com/business/creativecenter/inspiration/popular/hashtag/pc/en,,,Trending hashtags and sounds by country (not India — banned),public_page,Public; ToS,daily,antic (global),reference,yes,yes,allow,partial,,,TikTok One Creative Suite,"The fetcher landed on TikTok's advertiser 'TikTok One / Creative Center' suite page offering Creative Studio, trend analysis (hashtags/sounds), top-performing ads and creator tools; the trending-hashtag table itself was not rendered and detailed views require a TikTok for Business login. No film data, API docs or downloads visible.",,,2026-09-12
sharechat-moj,ShareChat / Moj,social,Hindi|Telugu|Tamil|Kannada|Malayalam|Hollywood-India,https://sharechat.com/,,,Indian-language short video — no public API; trend pages public,manual,No API,daily,—,reference,yes,yes,partial,none,,None; no public API referenced.,ShareChat,"Social-network landing page ('India's own social network in 15 languages', 500 million users) with Home/Explore/Video/Profile/Trends navigation and generic post content; no film data, charts or API mentioned. Only the homepage was checked, not trend pages.",,,2026-09-12
box-office-mojo,Box Office Mojo,aggregator,Global,https://www.boxofficemojo.com/,,,"Daily/weekend domestic & international grosses, release schedule, all-time",public_page,Amazon ToS: no automated extraction; manual,daily,"actuals(global), calendar",manual,yes,yes,partial,none,,None linked on the home page.,Box Office Mojo,"Home page shows Release Schedule, Latest Dailies (daily grosses), Top 2026 Movies (domestic), Worldwide 2026 rankings and Recent Release Date Changes; no login or paywall visible.",,,2026-09-12
the-numbers,The Numbers,aggregator,Global,https://www.the-numbers.com/,,,"Production budgets, daily grosses, market share, 'Bankability' index for stars",public_page,Data licensing for bulk; manual reading,daily,"budget, star, actuals(global)",manual,yes,yes,allow,partial,,No public API/CSV; paid Research/Data Services,The Numbers,"Daily and weekend box office charts, theater counts, opening predictions, international market data, release schedules, DVD/Blu-ray sales and talent 'Bankability' rankings, free to browse. The Numbers Business Report (forecasting) and Research/Data Services are paid.",,,2026-09-12
boxoffice-pro,Boxoffice Pro (The Boxoffice Company),trade_press,Global,https://www.boxofficepro.com/,,,"Long-range forecasts, weekend previews, presales/tracking commentary",rss,Public articles; RSS,weekly,"trade(global), adv(global)",manual,yes,yes,allow,partial,https://www.boxofficepro.com/feed/,,Boxoffice Pro,"Trade publication (since 1920) with long-range forecasts and opening-weekend prediction ranges, weekend tracking, and exhibition/industry news for domestic and international markets. Homepage articles are free; a subscription is offered but which content is gated was not visible.",,,2026-09-12
the-quorum,The Quorum (audience tracking),research,Global,https://www.greenlightanalytics.com/,,,Weekly pre-release awareness and interest tracking for upcoming US films (published tracking board),public_page,Free tier public; paid detail,weekly,"antic, benchmark",manual,yes,yes,partial,partial,,None visible; platform access via demo/sales.,Greenlight Analytics,"thequorum.com now 302-redirects to greenlightanalytics.com, a predictive audience-tracking platform; the homepage shows sample survey metrics (awareness, theater intent, interest, heat score, willingness to pay, premium-format interest) for upcoming films such as 'The Smashing Machine' and 'The Man with the Bag' alongside release dates. Full tracking board is gated behind 'Book a Demo'.",,The Quorum rebranded to Greenlight Analytics; tracking board is demo-gated,2026-09-12
deadline-bo,Deadline — Box Office,trade_press,Global,https://deadline.com/v/box-office/,,,"Weekend previews, presales, tracking leaks, daily grosses",rss,Public; RSS,daily,trade(global),manual,yes,yes,partial,none,,None; WordPress /feed/ returned HTTP 402 (Payment Required) to this fetcher.,Box Office,"News listing of Deadline's box office coverage: domestic/global weekend results, opening-weekend projections and specialty/indie results, all as editorial articles; no tables, charts or feed links on the page.",,,2026-09-12
variety-bo,Variety — Box Office,trade_press,Global,https://variety.com/v/film/box-office/,,,"Tracking, weekend reports",rss,Public; RSS,daily,trade(global),manual,yes,yes,partial,partial,,,Box Office - Variety,"Box office vertical with weekend/opening reports and projections (e.g. 'Predator: Badlands Targets $25 Million Debut'), international box office charts and industry news; articles free with 'Subscribe Today' promotion. Note: /feed/ returned HTTP 402 to the fetcher (bot paywall), so the WordPress RSS could not be confirmed.",,,2026-09-12
thr-bo,The Hollywood Reporter — Box Office,trade_press,Global,https://www.hollywoodreporter.com/t/box-office/,,,"Tracking, weekend reports",rss,Public; RSS,daily,trade(global),manual,yes,yes,partial,partial,https://www.hollywoodreporter.com/feed/,,Box Office - The Hollywood Reporter,"THR's box office topic page: weekend reports, opening figures and projections (e.g. 'Kung Fu Soccer' past $200M in China, 'The Odyssey' $124M opening). Articles carry prominent 'Subscribe for full access' messaging (metered paywall).",,,2026-09-12
screen-daily,Screen Daily,trade_press,Global,https://www.screendaily.com/box-office,,,"International box office by territory, UK charts",paid,Subscription for most,weekly,actuals(global),reference,yes,yes,unavailable,unknown,,None seen; /feed/ returned HTTP 405.,,"Box-office news listing with opening-weekend figures, cumulative totals and territory comparisons (North America, UK-Ireland, China, Hong Kong, France, South Korea), e.g. 'Project Hail Mary' $12m from Thursday screenings, 'Hoppers', 'Scream 7'. Headlines were readable without login; article-level access could not be confirmed.",,,2026-09-12
erc-boxoffice,Exhibitor Relations,social,Global,https://x.com/ERCboxoffice,@ERCboxoffice,,Daily domestic estimates,manual,X API paid,daily,trade(global),manual,yes,no,disallow_all,unknown,,,,Not fetched: X/Twitter profile refused by WebFetch as disallowed by robots.txt.,There was an error while fetching: URL is disallowed by robots.txt rules,,2026-09-12
luiz-fernando,Luiz Fernando (global tracker),social,Global|Hindi,https://x.com/LuizFernandoJ,@LuizFernandoJ,,Worldwide grosses incl. Indian films overseas,manual,X API paid,daily,trade(global),manual,yes,no,unavailable,unknown,,,,Not verifiable — fetcher refused the profile URL as disallowed by x.com robots.txt.,ROBOTS_DISALLOWED: There was an error while fetching: URL is disallowed by robots.txt rules,,2026-09-12
fandango,Fandango,ticketing,Global,https://www.fandango.com/,,,"Presale records, 'Fanticipation' scores, most anticipated polls",manual,No API; press releases,weekly,"antic, adv(global)",reference,yes,yes,partial,none,,,Fandango,"US movie-ticketing homepage: upcoming releases with dates, showtimes, trailers, reviews and promotional offers. No box office figures, Fanticipation scores or polls were visible on the homepage render; account needed only to purchase tickets.",,,2026-09-12
nrg,National Research Group (tracking),research,Global,https://www.nrgmr.com/,,,Studio tracking (paid),paid,Paid,weekly,benchmark,reference,yes,yes,allow,full,,None; studio tracking is a paid client service.,National Research Group,Given URL nationalresearchgroup.com does not resolve (DNS failure); NRG's actual site nrgmr.com is a corporate homepage whose fetched content was metadata only ('a leading global insights and strategy firm at the intersection of entertainment and technology'). No tracking data is exposed publicly.,Original URL https://www.nationalresearchgroup.com/ failed: There was an error while fetching: robots.txt fetch failed: [Errno -2] Name or service not known; verified https://www.nrgmr.com/ instead.,nationalresearchgroup.com does not resolve,2026-09-12
parrot,Parrot Analytics,research,Hindi|Telugu|Tamil|Kannada|Malayalam|Hollywood-India|Global,https://www.parrotanalytics.com/,,,Demand Expressions (public 'most in-demand' charts; API paid),paid,Paid API; public charts,daily,"antic, ott",reference,yes,yes,allow,partial,,"API mentioned in product listings (DEMAND360, paid); no public API docs or downloads linked from the home page.",Parrot Analytics,"Corporate site for DEMAND360 and Streaming Economics products (audience demand metrics, subscriber forecasts, content ROI); no public 'most in-demand' charts surfaced on the home page, detailed data sits behind the DEMAND360 login, and an API is mentioned in product listings.",,,2026-09-12
cinelytic,Cinelytic,research,Global,https://www.cinelytic.com/,,,AI forecasting for studios,paid,Paid,—,benchmark,reference,yes,yes,unavailable,full,,,Cinelytic,"Marketing site for an AI film-analytics platform: predictive box-office forecasting ('85%+ accuracy'), talent analytics, distribution insights and financial modelling; claims 123,370 films and 655,639 talent profiles. All actual data behind login/demo request.",,,2026-09-12
bfi-weekend,BFI weekend box office reports,official_stat,Global,https://www.bfi.org.uk/industry-data-insights/weekend-box-office-figures,,,"Official UK & Ireland weekend figures (XLS), incl. Indian releases in UK",csv,Free download,weekly,actuals(overseas UK),planned,yes,yes,unavailable,none,,"Per-weekend .ods spreadsheet downloads (OpenDocument, not XLS/CSV)",Weekend box office figures | BFI,"Official UK & Ireland weekend box office reports covering the top 15 films, all other British releases and new releases, with Fri-Sun grosses in GBP and comparative metrics. Every weekend's report is a free downloadable OpenDocument spreadsheet (.ods) organised by year and month; no login.",,"downloads are .ods, not .xls",2026-09-12
launching-films,Launching Films (UK release schedule),calendar,Global|Hindi,https://filmdistributorsassociation.com/,,,UK release dates incl. Indian films,public_page,Public,weekly,calendar,reference,yes,yes,partial,partial,,None visible; release schedule is a browsable web page.,Film Distributors' Association,"launchingfilms.com 302-redirects to the FDA (UK & Ireland distributors' body) site, which shows a 'UK and Ireland Top 5 Films' chart with weekend and cumulative totals (Comscore-sourced), an upcoming theatrical release schedule, and industry databank/market-trend pages. Public charts/schedule need no login; 'Members Area' and 'Media Centre' require credentials.",,launchingfilms.com redirects to the FDA site; UK Top 5 + release schedule there,2026-09-12
cnc-france,CNC (France) — fréquentation,official_stat,Global,https://www.cnc.fr/,,,Weekly admissions France,csv,Open data,weekly,actuals(France),reference,yes,yes,partial,none,https://www.cnc.fr/rss/-/journal/rss/36995/942647,News RSS feed verified (feed title 'Actualités'); no API or CSV/XLS links visible on the landing page.,"Soutien à la création cinéma, séries, TV, jeu vidéo | CNC","Institutional home page: funding schemes, education, industry resources and statistics sections; no admissions figures shown on the landing page. Login is only for the 'MesAides' grants portal; a news RSS feed is linked in the footer.",,,2026-09-12
allocine,AlloCiné,review,Global,https://www.allocine.fr/,,,"'Envie de voir' (want-to-see) counts, press/spectator ratings, France release dates",clipper,No API; manual,daily,antic(France),reference,yes,yes,partial,none,,,AlloCiné,"French cinema/TV reference: showtimes, release dates, box office rankings, press and spectator ratings, trailers, reviews and news, all free. 'Envie de voir' counts live on film pages and were not visible on the homepage fetch.",,,2026-09-12
jp-box-office,JP's Box-Office,aggregator,Global,https://www.jpbox-office.com/,,,France daily admissions,public_page,Public,daily,actuals(France),reference,yes,yes,partial,none,,,JP's Box-Office,"French-language box office database with daily and weekly admissions ('entrées') charts for France and Paris plus USA, Germany, Brazil, China, South Korea, Spain, Italy and Russia; annual summaries, budgets, talent statistics and awards. Free without paywall; optional registration.",,,2026-09-12
ffa-germany,FFA (Germany) — Filmhitlisten,official_stat,Global,https://www.ffa.de/,,,Official German charts,csv,Open,weekly,actuals(Germany),reference,yes,yes,partial,none,,Market-research statistics section exists; no CSV/API links seen on the homepage.,FFA Filmförderungsanstalt,"Official site of Germany's national film funding body: funding programmes, submission deadlines, funding results, upcoming releases of funded productions and market-research statistics on the German film, cinema and video industry. The Filmhitlisten charts were not visible on the homepage itself.",,,2026-09-12
cinetel,Cinetel (Italy),official_stat,Global,https://www.cinetel.it/,,,Daily Italian box office,public_page,Public,daily,actuals(Italy),reference,yes,yes,unavailable,unknown,,,Cinetel On Line - Il Mercato Cinema In Tempo Reale,"JavaScript single-page app; the fetched HTML contained only the title and metadata, so no box office tables were visible statically (site bills itself as 'the cinema market in real time').",,,2026-09-12
icaa-spain,ICAA (Spain) — taquilla,official_stat,Global,https://www.cultura.gob.es/cultura/areas/cine/inicio.html,,,Official Spanish box office,csv,Open,weekly,actuals(Spain),reference,yes,no,unavailable,unknown,,,,Not verifiable — TLS certificate of the Spanish ministry host is not trusted by the fetcher (same failure on the legacy host www.culturaydeporte.gob.es).,ROBOTS_DISALLOWED: There was an error while fetching: robots.txt fetch failed: [SSL: CERTIFICATE_VERIFY_FAILED] certificate verify failed: unable to get local issuer certificate (_ssl.c:1016),,2026-09-12
mpdaa,MPDAA (Australia),official_stat,Global|Hindi,https://www.mpdaa.org.au/,,,Australian box office (Indian films are regular chart entries),paid,Members; press summaries,weekly,actuals(Australia),dead,yes,yes,partial,none,,,Motion Picture Distributors Association of Australia,"Trade-association homepage linking to classification guidelines, anti-piracy information and Flicks (where-to-watch). No box office figures, charts or any link mentioning box office/statistics/reports anywhere on the page.",,site carries no box-office data or links,2026-09-12
numero-au,Numero (Australia/NZ),official_stat,Global,https://numero.com.au/,,,Australian/NZ box office,paid,Paid,daily,actuals,dead,yes,no,unavailable,unknown,,,,"Host does not resolve: DNS failure for both numero.com.au and www.numero.com.au, so no data could be verified.",There was an error while fetching: robots.txt fetch failed: [Errno -2] Name or service not known,domain does not resolve,2026-09-12
ancine,ANCINE (Brazil) — Observatório,official_stat,Global,https://www.gov.br/ancine/,,,Open data on Brazilian admissions,csv,Open government data,weekly,actuals(Brazil),reference,yes,yes,partial,none,,OCA section links to 'dados abertos' (open data) and interactive panels - not verified beyond the landing page.,ANCINE - Agência Nacional do Cinema (gov.br),Institutional portal with news and regulatory resources; the Observatório (OCA) section advertises 'painéis interativos' (interactive dashboards) and 'dados abertos' (open data) but no figures appear on the landing page. The SAD system requires credentials for regulated industry users only.,,,2026-09-12
filme-b,Filme B (Brazil),tracker,Global,https://www.filmeb.com.br/,,,Brazil box office,public_page,Public/paid,weekly,actuals(Brazil),reference,yes,yes,partial,partial,,,Filme B,"Brazilian film-market portal: weekend box office rankings for Brazil and the USA, annual revenue charts, release calendar, festival calendar, industry statistics and 'Quem é Quem' directory. Mostly free; some features require subscription ('Assine agora') / login.",,,2026-09-12
canacine,CANACINE (Mexico),official_stat,Global,https://canacine.org.mx/taquilla/,,,Mexico box office,public_page,Public,weekly,actuals(Mexico),reference,yes,yes,allow,none,,,CANACINE - Cámara Nacional de la Industria Cinematográfica,"Mexican film-industry chamber site with upcoming releases, industry studies and a 'Taquilla' section at https://canacine.org.mx/taquilla/ showing the weekly Mexico top 10 (latest: 3-6 Sept 2026) with weekly and cumulative revenue in MDP and admissions, sourced from Comscore; also an 'Estadísticas' page at https://canacine.org.mx/estadisticas/. No login; no PDF/XLS downloads seen.",,"box office lives at /taquilla/ (weekly Mexico top 10, Comscore-sourced), not the homepage",2026-09-12
eais-russia,EAIS — Russian unified ticket system,official_stat,Global,https://ekinobilet.fond-kino.ru/,,,Official Russian box office (open),csv,Open,daily,actuals(Russia),reference,yes,no,unavailable,unknown,,,,"Could not be fetched; the fetcher reports the URL as disallowed by robots.txt, so the EAIS box-office tables could not be verified.",There was an error while fetching: URL is disallowed by robots.txt rules,,2026-09-12
kinometro,Бюллетень кинопрокатчика (kinometro.ru),trade_press,Global,https://www.kinometro.ru/,,,Russian box office & release schedule,public_page,Public,weekly,actuals(Russia),reference,yes,yes,partial,partial,https://www.kinometro.ru/index/rss,RSS verified (feed title 'Бюллетень Кинопрокатчика - лента новостей'); /feed/ returned HTTP 404; no API or CSV/XLS links visible.,Кинопрокат в России онлайн,"Russian trade bulletin (Бюллетень Кинопрокатчика): box office for Russia/CIS and worldwide, release schedule, box office forecasts, film statistics, festival/premiere news, interviews and analytics; some materials and newsletters are subscription-only.",,,2026-09-12
box-office-turkiye,Box Office Türkiye,tracker,Global,https://boxofficeturkiye.com/,,,Turkish box office (Indian films occasionally),public_page,Public,weekly,actuals(Turkey),reference,yes,yes,partial,none,https://boxofficeturkiye.com/feed/news.atom,,Box Office Türkiye,"Turkish box office tracker: current weekly rankings by admissions and revenue, showtimes, trailers, film pages, release calendar, all-time records and news. Free; optional registration. Atom news feed at /feed/news.atom ('Box Office Türkiye Haberler').",,Atom feed at /feed/news.atom,2026-09-12
film-indonesia,filmindonesia.or.id,official_stat,Global,https://filmindonesia.or.id/,,,Indonesian admissions,public_page,Public,weekly,actuals(Indonesia),dead,yes,yes,unavailable,none,,Free PDF industry-overview reports (2019/2020) mentioned; no data tables,filmindonesia.or.id,"Indonesian film-industry site with reviews, analysis and festival coverage; the newest article visible is dated 21 Jan 2021 and no admissions/box office data section is linked from the homepage. Free downloadable industry reports ('Pemandangan Umum Industri Film Indonesia' 2019/2020) are mentioned; no login.",,site stale since Jan 2021; no admissions section,2026-09-12
cean-nigeria,Cinema Exhibitors Association of Nigeria,official_stat,Global,https://ceanigeria.com/,,,Nollywood weekly charts,public_page,Public,weekly,actuals(Nigeria),reference,yes,yes,allow,partial,,None visible; charts are HTML tables only.,CEAN,"Cinema Exhibitors Association of Nigeria site showing weekly/monthly/yearly box-office charts with grosses in Naira (e.g. 'Mission Impossible: The Final Reckoning' ₦55,587,381). Charts are public on the homepage; Signup/Login links suggest additional member content.",,,2026-09-12
box-office-detail-pk,Box Office Detail (Pakistan),tracker,Global|Hindi,https://boxofficedetail.com/,,,Pakistan box office (Punjabi/Urdu; Indian releases when permitted),public_page,Public,weekly,actuals(Pakistan),reference,yes,no,unavailable,unknown,,,,"Not fetched: server returned HTTP 403 for the home page, /robots.txt and /feed/ (likely bot/WAF block).",There was an error while fetching: The page returned a 403 client error,,2026-09-12
kobis,KOBIS Open API (Korean Film Council),api,Global,https://www.kobis.or.kr/kobisopenapi/homepg/apiservice/searchServiceInfo.do,,,"Official daily/weekly box office (admissions, sales, screens, shows), reservation rate (예매율 — advance-booking share, a live intent signal), movie list/details",api,Free key from KOFIC; public data,daily,"kobis: actuals, adv, shows (Korean releases; Indian films in Korea)",planned,yes,yes,unavailable,partial,,KOBIS Open API (free key after registration) with docs and sample downloads,KOBIS Open API (KOFIC),"KOFIC Open API catalogue: daily box office (일별 박스오피스), weekly/weekend box office, film list, film detail, company and filmmaker APIs, with tutorials, downloadable resources and documentation. Login and API-key registration required to call the APIs.",,,2026-09-12
naver-movie,Naver (Korea) — movie ratings,review,Global,https://search.naver.com/,,,Netizen ratings & 'expectation' scores,manual,No API,daily,antic(Korea),reference,yes,no,unavailable,unknown,,,,"Not fetched: WebFetch reports access to search.naver.com is blocked (tool-side SITE_BLOCKED), so no netizen-rating or expectation-score content could be inspected.",SITE_BLOCKED: Access to this website has been blocked,,2026-09-12
cgv,CGV (Korea) — Golden Egg index,ticketing,Global,https://www.cgv.co.kr/,,,"Post-viewing 'Golden Egg' score, reservation share",clipper,ToS; browser only,daily,"quality, adv(Korea)",reference,yes,yes,partial,unknown,,None visible.,"깊이 빠져 보다, CGV","Korean cinema-chain homepage; only Open Graph/Twitter metadata was readable ('DEEP DIVE SPACE' branding). No Golden Egg scores, reservation-share or other film data appeared in the fetched HTML (JS-rendered site).",,,2026-09-12
eiren,Eiren (Motion Picture Producers Association of Japan),official_stat,Global,https://www.eiren.org/toukei/,,,Annual Japanese box office (¥10bn+ list),public_page,Public,annual,actuals(Japan),reference,yes,no,unavailable,unknown,,,,"Not fetched: www.eiren.org did not respond (connection timeout retrieving robots.txt on two attempts, so WebFetch refused to fetch the page).",There was an error while fetching: robots.txt fetch failed: ConnectTimeout (attempt 1); There was an error while fetching: Failed to fetch or parse robots.txt (attempt 2),,2026-09-12
kogyo-tsushin,Kogyo Tsushin (興行通信社),tracker,Global,https://www.kogyotsushin.com/,,,"Japanese weekend rankings, cumulative gross",public_page,Public/paid,weekly,actuals(Japan),reference,yes,yes,unavailable,none,,,CINEMAランキング通信,"Kogyo Tsushinsha's ranking site: weekend box office rankings for Japan and North America with admissions/revenue, week-over-week change and weeks in release. Free; no feeds, API or downloads.",,,2026-09-12
filmarks,Filmarks (Japan),review,Global,https://filmarks.com/,,,"'Mitai' (want-to-see) counts pre-release, ratings",clipper,No API,daily,antic(Japan),reference,yes,yes,partial,none,,,Filmarks,"Japan's largest movie review platform (~150,000 titles, 210M+ user reviews): per-title user ratings, release dates, cast, streaming availability and reviews. Browsing is free; posting reviews or keeping a watchlist needs a free account; no paywall. No API docs, RSS or downloads visible.",,,2026-09-12
pia-satisfaction,Pia — first-day satisfaction ranking,research,Global,https://lp.p.pia.jp/shared/cnt/eiga_index.html,,,Exit-poll satisfaction ranking on opening day (Japan),public_page,Public,weekly,exit samples(Japan),dead,yes,no,unavailable,unknown,,,,"The given page returns HTTP 404 (satisfaction-ranking page has moved). The site root lp.p.pia.jp is reachable and is Pia's entertainment information portal (film/music/theatre work info, interviews, news, reviews) but showed no satisfaction ranking on its homepage.",There was an error while fetching: The page returned a 404 client error,ranking page 404s; new path not found,2026-09-12
maoyan,Maoyan (猫眼) / Maoyan Pro,ticketing,Global,https://piaofang.maoyan.com/,,,"Real-time China box office, pre-sales, 'want to see' (想看) counts — the closest global analogue to Pulse's intent count",manual,No public API; Chinese-language; manual reading,live,"antic, adv, actuals(China)",reference,yes,no,disallow_all,unknown,,,,Not fetched: Maoyan Pro (piaofang) refused by WebFetch as disallowed by robots.txt.,There was an error while fetching: URL is disallowed by robots.txt rules,,2026-09-12
beacon-dengta,"Beacon (灯塔专业版, Alibaba)",ticketing,Global,https://www.dengtadata.com/,,,"Real-time China box office, pre-sales",manual,App-first; manual,live,"adv, actuals(China)",reference,yes,no,unavailable,unknown,,,,"Not verifiable — www.dengta.com did not answer at all. Likely correct host is www.dengtadata.com (its /robots.txt answered 404 but the homepage returned SERVER_ERROR 'Error while fetching the URL'), still unverified.",ROBOTS_DISALLOWED: There was an error while fetching: robots.txt fetch failed: All connection attempts failed,dengta.com does not respond; dengtadata.com answers but is app-first,2026-09-12
douban,Douban (豆瓣),review,Global,https://movie.douban.com/,,,"Ratings, 'want to see' counts, coming-soon anticipation ranks",manual,No API; manual,daily,"antic, quality(China)",reference,yes,yes,partial,none,,,豆瓣电影 (Douban Movie),"Douban Movie homepage: film ratings and user reviews, upcoming-release schedules, ticketing links and curated recommendation lists. Freely viewable without login (account needed to rate/review). No API docs, RSS or downloads visible.",,,2026-09-12
weibo,Weibo hot search / topics,social,Global,https://weibo.com/,,,Topic reads/discussions for films,manual,No open API,daily,posts(China),reference,yes,no,unavailable,unknown,,,,"Could not be fetched; the fetcher reports weibo.com as disallowed by robots.txt, so hot-search/topic data could not be verified.",There was an error while fetching: URL is disallowed by robots.txt rules,,2026-09-12
china-film-admin,China Film Administration (国家电影局),official_stat,Global,https://www.chinafilm.gov.cn/,,,Official annual/quarterly totals,public_page,Public,quarterly,calibration,reference,yes,yes,unavailable,none,,,国家电影局 (China Film Administration),"Official regulator portal publishing film project registration notices (电影备案立项公示), theatrical release permit notices (电影公映许可证公示), regulations and industry standards; no box office totals, charts or datasets on the home page; links out to cinema POS-management and copyright-query systems.",,,2026-09-12
google-audience,Google Search 'Audience rating' (% liked),review,Hindi|Telugu|Tamil|Kannada|Malayalam|Hollywood-India,https://www.google.com/,,,Knowledge-panel audience '% liked this film' and Google user ratings — the widest Indian audience score,clipper,No API; read in browser,daily,quality (post-release),planned,yes,yes,partial,none,,,Google,"Google homepage only: search box and product/privacy links. The knowledge-panel audience '% liked this film' and user ratings appear only inside search results for a film query, which this URL does not expose.",,,2026-09-12
bms-rating,BookMyShow rating & votes,review,Hindi|Telugu|Tamil|Kannada|Malayalam|Hollywood-India,https://in.bookmyshow.com/,,,"Post-release rating from ticket buyers (verified-ish), vote counts",clipper,Clipper only,daily,"quality, rating",integrated,yes,no,unavailable,unknown,,,,"Not fetched: WebFetch reports access to in.bookmyshow.com is blocked (tool-side SITE_BLOCKED), so no rating/vote-count content could be inspected.",SITE_BLOCKED: Access to this website has been blocked,not reachable from the server — use the browser clipper or manual entry,2026-09-12
filmcompanion,Film Companion,review,Hindi|Telugu|Tamil|Kannada|Malayalam|Hollywood-India,https://www.filmcompanion.in/,,,Critic reviews,rss,Public,weekly,quality(critics),reference,yes,yes,unavailable,none,,"None seen; /feed/ was disallowed by robots.txt for the fetcher, so a WordPress feed could not be confirmed.",Film Companion,"Entertainment media site with critic reviews, 'In-Depth Stories', interviews, festival coverage and news across Bollywood, Tamil, Telugu, Malayalam, Kannada, Bengali, Marathi and Hollywood cinema. No numeric ratings database, box-office figures or release calendar visible; site prompts 'INSTALL APP'.",,,2026-09-12
times-of-india-movies,Times of India — Entertainment/ETimes,review,Hindi|Telugu|Tamil|Kannada|Malayalam|Hollywood-India,https://timesofindia.indiatimes.com/entertainment,,,"Critic rating, user ratings, box office reporting",rss,Public; RSS,daily,"quality, trade",manual,yes,no,unavailable,unknown,,,,Not fetched: WebFetch reports access to this website is blocked.,Access to this website has been blocked,,2026-09-12
rediff-movies,Rediff Movies,review,Hindi|Telugu|Tamil|Kannada|Malayalam,https://www.rediff.com/movies,,,"Reviews, box office columns",rss,Public,weekly,quality,reference,yes,no,unavailable,unknown,,,,"Not verifiable — domain is blocklisted by the fetch proxy (page, /robots.txt and /feed/).",INVALID_URL: There was an error while fetching: 403: Domain is blocklisted,,2026-09-12
ormax-stars,Ormax Stars India Loves,research,Hindi|Telugu|Tamil|Kannada|Malayalam|Hollywood-India,https://www.ormaxmedia.com/,,,Quarterly most-popular male/female stars (public press release),public_page,Public summary,quarterly,star,manual,yes,yes,allow,partial,,,Ormax Media,"Corporate site of India's specialised media consulting firm: insight articles and reports on box office (Ormax Cinematix forecasts, box office reports), streaming audience data and consumer research. The homepage shows no data tables or the 'Stars India Loves' list itself; full research reports are commercial.",,,2026-09-12
yougov-india,YouGov India — celebrity ratings,research,Hindi|Telugu|Tamil|Kannada|Malayalam|Hollywood-India,https://business.yougov.com/,,,Fame/popularity ratings for Indian celebrities,public_page,Public profiles; detail paid,quarterly,star,reference,yes,yes,unavailable,partial,,None visible; data products are commercial.,YouGov,"B2B marketing homepage for YouGov's consumer-insights platform (brand tracking, consumer surveys, polling across 27M+ panel members, client case studies). No India celebrity fame/popularity ratings or any film data appear on this page.",,,2026-09-12
kroll-celebrity,Kroll Celebrity Brand Valuation,research,Hindi|Telugu|Tamil|Kannada|Malayalam|Hollywood-India,https://www.kroll.com/,,,Annual celebrity brand value ranking (public PDF),public_page,Public report,annual,star,reference,yes,yes,partial,none,,,Kroll,"Corporate home page of Kroll (valuation, risk and financial advisory); no celebrity brand valuation ranking or any film data is surfaced on the home page - the report would have to be located deeper in the site.",,,2026-09-12
imdb-starmeter,IMDb STARmeter,review,Hindi|Telugu|Tamil|Kannada|Malayalam|Hollywood-India|Global,https://www.imdb.com/,,,Star page popularity rank (Pro history),clipper,Clipper; Pro for history,weekly,star,planned,yes,yes,unavailable,unknown,,,IMDb,"Fetched homepage content was editorial features (TV premieres, film anniversaries, awards red-carpet coverage); no ratings tables, box office or STARmeter values visible at this URL (STARmeter lives on name pages, history on IMDbPro).",,,2026-09-12
wiki-star-views,Wikipedia pageviews — star articles,api,Hindi|Telugu|Tamil|Kannada|Malayalam|Hollywood-India|Global,https://wikimedia.org/api/rest_v1/,,,Daily views on lead actors' articles vs baseline,api,Free,daily,star,planned,yes,no,unavailable,unknown,,,,"Not fetched: the WebFetch tool refuses wikimedia.org ('cache-only and cannot be fetched'); this is a tool-side restriction, not evidence the Pageviews REST API is down.",URL_NOT_FOUND: There was an error while fetching: This domain is cache-only and cannot be fetched,not reachable from the server — use the browser clipper or manual entry,2026-09-12
wiki-lists,Wikipedia film lists by language & year,calendar,Hindi|Telugu|Tamil|Kannada|Malayalam|Hollywood-India|Global,https://en.wikipedia.org/wiki/List_of_Hindi_films_of_2026,,,"Release calendars, box-office tables, budgets, infobox figures — Hindi, Telugu, Tamil, Kannada, Malayalam, global",api,CC BY-SA; MediaWiki API,weekly,"calendar, training",integrated,yes,yes,unavailable,none,,None linked from the page as fetched.,List of Hindi films of 2026,"Wikipedia list page with a highest-grossing Hindi films table showing worldwide collections (e.g. 'Dhurandhar: The Revenge' ₹1,852.44 crore) and a month-by-month 2026 release schedule with director, cast and production company. Freely accessible.",,,2026-09-12
tmdb-upcoming,TMDB upcoming / release dates,api,Hindi|Telugu|Tamil|Kannada|Malayalam|Hollywood-India|Global,https://developer.themoviedb.org/reference/movie-upcoming-list,,,Upcoming releases per region,api,See TMDB,weekly,calendar,planned,yes,yes,partial,partial,,REST API docs with OpenAPI spec; llms.txt index at https://developer.themoviedb.org/llms.txt.,The Movie Database (TMDB) API Reference,"API reference documentation for TMDB endpoints (upcoming movies, ratings, release dates, certifications, credits, images, videos, watch providers); calls need a free API key/access token; page points to https://developer.themoviedb.org/llms.txt for a Markdown index and OpenAPI endpoints.",,,2026-09-12
bms-coming-soon,BookMyShow coming soon,calendar,Hindi|Telugu|Tamil|Kannada|Malayalam|Hollywood-India,https://in.bookmyshow.com/explore/upcoming-movies,,,Dated upcoming releases with 'interested' counts,clipper,Clipper,weekly,"calendar, bms",integrated,yes,no,unavailable,unknown,,,,Not verifiable — fetcher blocked for page and /robots.txt.,SITE_BLOCKED: Access to this website has been blocked,not reachable from the server — use the browser clipper or manual entry,2026-09-12
espncricinfo,ESPNcricinfo schedule,calendar,Hindi|Telugu|Tamil|Kannada|Malayalam|Hollywood-India,https://www.espncricinfo.com/live-cricket-match-schedule-fixtures,,,India cricket fixtures (clash modifier),public_page,Public,weekly,cricket window,manual,yes,no,partial,unknown,,,,"Not fetched: the fixtures page returned HTTP 403 to the fetcher (bot blocking), so no schedule content could be inspected.",CLIENT_ERROR: There was an error while fetching: The page returned a 403 client error,,2026-09-12
iplt20,IPL schedule,calendar,Hindi|Telugu|Tamil|Kannada|Malayalam|Hollywood-India,https://www.iplt20.com/matches/fixtures,,,IPL dates (clash modifier),public_page,Public,annual,cricket window,manual,yes,yes,partial,none,,None visible; no CSV/ICS/API links on the matches page.,,"Given path /matches/schedule returns HTTP 404; the official IPL matches page at /matches/fixtures shows fixtures and results for seasons 2008-2026, filterable by season and venue (40+ stadiums), as a browsable interface only. Homepage also carries news, stats (Orange/Purple Cap) for TATA IPL 2026.",Original URL https://www.iplt20.com/matches/schedule failed: There was an error while fetching: The page returned a 404 client error; verified https://www.iplt20.com/matches/fixtures instead.,/matches/schedule 404s,2026-09-12
india-holidays,Government of India holiday list / Google Calendar holidays API,calendar,Hindi|Telugu|Tamil|Kannada|Malayalam|Hollywood-India,https://calendar.google.com/,,,"Public & regional holidays (Sankranti, Pongal, Onam, Ugadi, Dasara…)",api,Free,annual,holiday,integrated,yes,no,disallow_all,unknown,,,,Not fetched: calendar.google.com refused by WebFetch as disallowed by robots.txt.,There was an error while fetching: URL is disallowed by robots.txt rules,not reachable from the server — use the browser clipper or manual entry,2026-09-12
cbfc,CBFC e-cinepramaan,official_stat,Hindi|Telugu|Tamil|Kannada|Malayalam|Hollywood-India,https://www.ecinepramaan.gov.in/,,,"Certification (U/UA/A) and runtime, official",public_page,Public search,per film,"cert, runtime",manual,yes,no,unavailable,unknown,,,,Not verifiable — homepage entered a redirect loop for the fetcher.,SERVER_ERROR: There was an error while fetching: Too many redirects,,2026-09-12
ig-yrf,Yash Raj Films,instagram,Hindi,https://www.instagram.com/yrf/,@yrf,,"studio: followers, recent post like/comment counts, captions (film tags)",owned,Read via Business Discovery from an owned IG professional account; public professional accounts only; handles unverified in this session — run scripts/discovery-check.js,6-hourly,official,planned,no,,,,,,,,,,
ig-dharma,Dharma Productions,instagram,Hindi,https://www.instagram.com/dharmamovies/,@dharmamovies,,"studio: followers, recent post like/comment counts, captions (film tags)",owned,Read via Business Discovery from an owned IG professional account; public professional accounts only; handles unverified in this session — run scripts/discovery-check.js,6-hourly,official,planned,no,,,,,,,,,,
ig-tseries,T-Series,instagram,Hindi,https://www.instagram.com/tseries.official/,@tseries.official,,"label/studio: followers, recent post like/comment counts, captions (film tags)",owned,Read via Business Discovery from an owned IG professional account; public professional accounts only; handles unverified in this session — run scripts/discovery-check.js,6-hourly,official,planned,no,,,,,,,,,,
ig-redchillies,Red Chillies Entertainment,instagram,Hindi,https://www.instagram.com/redchilliesent/,@redchilliesent,,"studio: followers, recent post like/comment counts, captions (film tags)",owned,Read via Business Discovery from an owned IG professional account; public professional accounts only; handles unverified in this session — run scripts/discovery-check.js,6-hourly,official,planned,no,,,,,,,,,,
ig-excel,Excel Entertainment,instagram,Hindi,https://www.instagram.com/excelmovies/,@excelmovies,,"studio: followers, recent post like/comment counts, captions (film tags)",owned,Read via Business Discovery from an owned IG professional account; public professional accounts only; handles unverified in this session — run scripts/discovery-check.js,6-hourly,official,planned,no,,,,,,,,,,
ig-maddock,Maddock Films,instagram,Hindi,https://www.instagram.com/maddockfilms/,@maddockfilms,,"studio: followers, recent post like/comment counts, captions (film tags)",owned,Read via Business Discovery from an owned IG professional account; public professional accounts only; handles unverified in this session — run scripts/discovery-check.js,6-hourly,official,planned,no,,,,,,,,,,
ig-nadiadwala,Nadiadwala Grandson,instagram,Hindi,https://www.instagram.com/nadiadwalagrandson/,@nadiadwalagrandson,,"studio: followers, recent post like/comment counts, captions (film tags)",owned,Read via Business Discovery from an owned IG professional account; public professional accounts only; handles unverified in this session — run scripts/discovery-check.js,6-hourly,official,planned,no,,,,,,,,,,
ig-zeestudios,Zee Studios,instagram,Hindi|Telugu|Tamil|Kannada|Malayalam,https://www.instagram.com/zeestudiosofficial/,@zeestudiosofficial,,"studio: followers, recent post like/comment counts, captions (film tags)",owned,Read via Business Discovery from an owned IG professional account; public professional accounts only; handles unverified in this session — run scripts/discovery-check.js,6-hourly,official,planned,no,,,,,,,,,,
ig-jiostudios,Jio Studios,instagram,Hindi,https://www.instagram.com/officialjiostudios/,@officialjiostudios,,"studio: followers, recent post like/comment counts, captions (film tags)",owned,Read via Business Discovery from an owned IG professional account; public professional accounts only; handles unverified in this session — run scripts/discovery-check.js,6-hourly,official,planned,no,,,,,,,,,,
ig-penmovies,Pen Studios,instagram,Hindi,https://www.instagram.com/penmovies/,@penmovies,,"studio/distributor: followers, recent post like/comment counts, captions (film tags)",owned,Read via Business Discovery from an owned IG professional account; public professional accounts only; handles unverified in this session — run scripts/discovery-check.js,6-hourly,official,planned,no,,,,,,,,,,
ig-zeemusic,Zee Music Company,instagram,Hindi,https://www.instagram.com/zeemusiccompany/,@zeemusiccompany,,"label: followers, recent post like/comment counts, captions (film tags)",owned,Read via Business Discovery from an owned IG professional account; public professional accounts only; handles unverified in this session — run scripts/discovery-check.js,6-hourly,official,planned,no,,,,,,,,,,
ig-sonymusicindia,Sony Music India,instagram,Hindi,https://www.instagram.com/sonymusicindia/,@sonymusicindia,,"label: followers, recent post like/comment counts, captions (film tags)",owned,Read via Business Discovery from an owned IG professional account; public professional accounts only; handles unverified in this session — run scripts/discovery-check.js,6-hourly,official,planned,no,,,,,,,,,,
ig-saregama,Saregama,instagram,Hindi|Telugu|Tamil|Kannada|Malayalam,https://www.instagram.com/saregama_official/,@saregama_official,,"label: followers, recent post like/comment counts, captions (film tags)",owned,Read via Business Discovery from an owned IG professional account; public professional accounts only; handles unverified in this session — run scripts/discovery-check.js,6-hourly,official,planned,no,,,,,,,,,,
ig-tips,Tips Official,instagram,Hindi,https://www.instagram.com/tipsofficial/,@tipsofficial,,"label: followers, recent post like/comment counts, captions (film tags)",owned,Read via Business Discovery from an owned IG professional account; public professional accounts only; handles unverified in this session — run scripts/discovery-check.js,6-hourly,official,planned,no,,,,,,,,,,
ig-rsvp,RSVP Movies,instagram,Hindi,https://www.instagram.com/rsvpmovies/,@rsvpmovies,,"studio: followers, recent post like/comment counts, captions (film tags)",owned,Read via Business Discovery from an owned IG professional account; public professional accounts only; handles unverified in this session — run scripts/discovery-check.js,6-hourly,official,planned,no,,,,,,,,,,
ig-roykapur,Roy Kapur Films,instagram,Hindi,https://www.instagram.com/roykapurfilms/,@roykapurfilms,,"studio: followers, recent post like/comment counts, captions (film tags)",owned,Read via Business Discovery from an owned IG professional account; public professional accounts only; handles unverified in this session — run scripts/discovery-check.js,6-hourly,official,planned,no,,,,,,,,,,
ig-balaji,Balaji Motion Pictures,instagram,Hindi,https://www.instagram.com/balajimotionpictures/,@balajimotionpictures,,"studio: followers, recent post like/comment counts, captions (film tags)",owned,Read via Business Discovery from an owned IG professional account; public professional accounts only; handles unverified in this session — run scripts/discovery-check.js,6-hourly,official,planned,no,,,,,,,,,,
ig-junglee,Junglee Pictures,instagram,Hindi,https://www.instagram.com/jungleepictures/,@jungleepictures,,"studio: followers, recent post like/comment counts, captions (film tags)",owned,Read via Business Discovery from an owned IG professional account; public professional accounts only; handles unverified in this session — run scripts/discovery-check.js,6-hourly,official,planned,no,,,,,,,,,,
ig-aanand-l-rai,Colour Yellow Productions,instagram,Hindi,https://www.instagram.com/cypplofficial/,@cypplofficial,,"studio: followers, recent post like/comment counts, captions (film tags)",owned,Read via Business Discovery from an owned IG professional account; public professional accounts only; handles unverified in this session — run scripts/discovery-check.js,6-hourly,official,planned,no,,,,,,,,,,
ig-mythri,Mythri Movie Makers,instagram,Telugu,https://www.instagram.com/mythriofficial/,@mythriofficial,,"studio: followers, recent post like/comment counts, captions (film tags)",owned,Read via Business Discovery from an owned IG professional account; public professional accounts only; handles unverified in this session — run scripts/discovery-check.js,6-hourly,official,planned,no,,,,,,,,,,
ig-geethaarts,Geetha Arts,instagram,Telugu,https://www.instagram.com/geethaarts/,@geethaarts,,"studio: followers, recent post like/comment counts, captions (film tags)",owned,Read via Business Discovery from an owned IG professional account; public professional accounts only; handles unverified in this session — run scripts/discovery-check.js,6-hourly,official,planned,no,,,,,,,,,,
ig-sithara,Sithara Entertainments,instagram,Telugu,https://www.instagram.com/sitharaentertainments/,@sitharaentertainments,,"studio: followers, recent post like/comment counts, captions (film tags)",owned,Read via Business Discovery from an owned IG professional account; public professional accounts only; handles unverified in this session — run scripts/discovery-check.js,6-hourly,official,planned,no,,,,,,,,,,
ig-svc,Sri Venkateswara Creations,instagram,Telugu,https://www.instagram.com/svc_official/,@svc_official,,"studio: followers, recent post like/comment counts, captions (film tags)",owned,Read via Business Discovery from an owned IG professional account; public professional accounts only; handles unverified in this session — run scripts/discovery-check.js,6-hourly,official,planned,no,,,,,,,,,,
ig-vyjayanthi,Vyjayanthi Movies,instagram,Telugu,https://www.instagram.com/vyjayanthimovies/,@vyjayanthimovies,,"studio: followers, recent post like/comment counts, captions (film tags)",owned,Read via Business Discovery from an owned IG professional account; public professional accounts only; handles unverified in this session — run scripts/discovery-check.js,6-hourly,official,planned,no,,,,,,,,,,
ig-dvv,DVV Entertainment,instagram,Telugu,https://www.instagram.com/dvvmovies/,@dvvmovies,,"studio: followers, recent post like/comment counts, captions (film tags)",owned,Read via Business Discovery from an owned IG professional account; public professional accounts only; handles unverified in this session — run scripts/discovery-check.js,6-hourly,official,planned,no,,,,,,,,,,
ig-uv,UV Creations,instagram,Telugu,https://www.instagram.com/uvcreationsofficial/,@uvcreationsofficial,,"studio: followers, recent post like/comment counts, captions (film tags)",owned,Read via Business Discovery from an owned IG professional account; public professional accounts only; handles unverified in this session — run scripts/discovery-check.js,6-hourly,official,planned,no,,,,,,,,,,
ig-hombale,Hombale Films,instagram,Kannada|Telugu,https://www.instagram.com/hombalefilms/,@hombalefilms,,"studio: followers, recent post like/comment counts, captions (film tags)",owned,Read via Business Discovery from an owned IG professional account; public professional accounts only; handles unverified in this session — run scripts/discovery-check.js,6-hourly,official,planned,no,,,,,,,,,,
ig-kvn,KVN Productions,instagram,Kannada,https://www.instagram.com/kvnproductions/,@kvnproductions,,"studio: followers, recent post like/comment counts, captions (film tags)",owned,Read via Business Discovery from an owned IG professional account; public professional accounts only; handles unverified in this session — run scripts/discovery-check.js,6-hourly,official,planned,no,,,,,,,,,,
ig-paramvah,Paramvah Studios,instagram,Kannada,https://www.instagram.com/paramvahstudios/,@paramvahstudios,,"studio: followers, recent post like/comment counts, captions (film tags)",owned,Read via Business Discovery from an owned IG professional account; public professional accounts only; handles unverified in this session — run scripts/discovery-check.js,6-hourly,official,planned,no,,,,,,,,,,
ig-sunpictures,Sun Pictures,instagram,Tamil,https://www.instagram.com/sunpictures/,@sunpictures,,"studio: followers, recent post like/comment counts, captions (film tags)",owned,Read via Business Discovery from an owned IG professional account; public professional accounts only; handles unverified in this session — run scripts/discovery-check.js,6-hourly,official,planned,no,,,,,,,,,,
ig-lyca,Lyca Productions,instagram,Tamil,https://www.instagram.com/lycaproductions/,@lycaproductions,,"studio: followers, recent post like/comment counts, captions (film tags)",owned,Read via Business Discovery from an owned IG professional account; public professional accounts only; handles unverified in this session — run scripts/discovery-check.js,6-hourly,official,planned,no,,,,,,,,,,
ig-redgiant,Red Giant Movies,instagram,Tamil,https://www.instagram.com/redgiantmovies_/,@redgiantmovies_,,"distributor: followers, recent post like/comment counts, captions (film tags)",owned,Read via Business Discovery from an owned IG professional account; public professional accounts only; handles unverified in this session — run scripts/discovery-check.js,6-hourly,official,planned,no,,,,,,,,,,
ig-ags,AGS Entertainment,instagram,Tamil,https://www.instagram.com/agsentertainment/,@agsentertainment,,"studio: followers, recent post like/comment counts, captions (film tags)",owned,Read via Business Discovery from an owned IG professional account; public professional accounts only; handles unverified in this session — run scripts/discovery-check.js,6-hourly,official,planned,no,,,,,,,,,,
ig-sevenscreen,Seven Screen Studio,instagram,Tamil,https://www.instagram.com/sevenscreenstudio/,@sevenscreenstudio,,"studio: followers, recent post like/comment counts, captions (film tags)",owned,Read via Business Discovery from an owned IG professional account; public professional accounts only; handles unverified in this session — run scripts/discovery-check.js,6-hourly,official,planned,no,,,,,,,,,,
ig-wunderbar,Wunderbar Films,instagram,Tamil,https://www.instagram.com/wunderbarfilms/,@wunderbarfilms,,"studio: followers, recent post like/comment counts, captions (film tags)",owned,Read via Business Discovery from an owned IG professional account; public professional accounts only; handles unverified in this session — run scripts/discovery-check.js,6-hourly,official,planned,no,,,,,,,,,,
ig-2d,2D Entertainment,instagram,Tamil,https://www.instagram.com/2d_entertainment/,@2d_entertainment,,"studio: followers, recent post like/comment counts, captions (film tags)",owned,Read via Business Discovery from an owned IG professional account; public professional accounts only; handles unverified in this session — run scripts/discovery-check.js,6-hourly,official,planned,no,,,,,,,,,,
ig-thinkmusic,Think Music,instagram,Tamil,https://www.instagram.com/thinkmusicofficial/,@thinkmusicofficial,,"label: followers, recent post like/comment counts, captions (film tags)",owned,Read via Business Discovery from an owned IG professional account; public professional accounts only; handles unverified in this session — run scripts/discovery-check.js,6-hourly,official,planned,no,,,,,,,,,,
ig-adityamusic,Aditya Music,instagram,Telugu,https://www.instagram.com/adityamusic/,@adityamusic,,"label: followers, recent post like/comment counts, captions (film tags)",owned,Read via Business Discovery from an owned IG professional account; public professional accounts only; handles unverified in this session — run scripts/discovery-check.js,6-hourly,official,planned,no,,,,,,,,,,
ig-laharimusic,Lahari Music,instagram,Telugu|Kannada,https://www.instagram.com/laharimusic/,@laharimusic,,"label: followers, recent post like/comment counts, captions (film tags)",owned,Read via Business Discovery from an owned IG professional account; public professional accounts only; handles unverified in this session — run scripts/discovery-check.js,6-hourly,official,planned,no,,,,,,,,,,
ig-aashirvad,Aashirvad Cinemas,instagram,Malayalam,https://www.instagram.com/aashirvadcine/,@aashirvadcine,,"studio: followers, recent post like/comment counts, captions (film tags)",owned,Read via Business Discovery from an owned IG professional account; public professional accounts only; handles unverified in this session — run scripts/discovery-check.js,6-hourly,official,planned,no,,,,,,,,,,
ig-wayfarer,Wayfarer Films,instagram,Malayalam,https://www.instagram.com/wayfarerfilms.official/,@wayfarerfilms.official,,"studio: followers, recent post like/comment counts, captions (film tags)",owned,Read via Business Discovery from an owned IG professional account; public professional accounts only; handles unverified in this session — run scripts/discovery-check.js,6-hourly,official,planned,no,,,,,,,,,,
ig-netflix-in,Netflix India,instagram,Hindi|Telugu|Tamil|Kannada|Malayalam|Hollywood-India,https://www.instagram.com/netflix_in/,@netflix_in,,"platform: followers, recent post like/comment counts, captions (film tags)",owned,Read via Business Discovery from an owned IG professional account; public professional accounts only; handles unverified in this session — run scripts/discovery-check.js,6-hourly,official,planned,no,,,,,,,,,,
ig-primevideo-in,Prime Video India,instagram,Hindi|Telugu|Tamil|Kannada|Malayalam|Hollywood-India,https://www.instagram.com/primevideoin/,@primevideoin,,"platform: followers, recent post like/comment counts, captions (film tags)",owned,Read via Business Discovery from an owned IG professional account; public professional accounts only; handles unverified in this session — run scripts/discovery-check.js,6-hourly,official,planned,no,,,,,,,,,,
ig-jiohotstar,JioHotstar,instagram,Hindi|Telugu|Tamil|Kannada|Malayalam|Hollywood-India,https://www.instagram.com/jiohotstar/,@jiohotstar,,"platform: followers, recent post like/comment counts, captions (film tags)",owned,Read via Business Discovery from an owned IG professional account; public professional accounts only; handles unverified in this session — run scripts/discovery-check.js,6-hourly,official,planned,no,,,,,,,,,,
ig-zee5,ZEE5,instagram,Hindi|Telugu|Tamil|Kannada|Malayalam|Hollywood-India,https://www.instagram.com/zee5/,@zee5,,"platform: followers, recent post like/comment counts, captions (film tags)",owned,Read via Business Discovery from an owned IG professional account; public professional accounts only; handles unverified in this session — run scripts/discovery-check.js,6-hourly,official,planned,no,,,,,,,,,,
ig-sonyliv,Sony LIV,instagram,Hindi|Telugu|Tamil|Kannada|Malayalam|Hollywood-India,https://www.instagram.com/sonylivindia/,@sonylivindia,,"platform: followers, recent post like/comment counts, captions (film tags)",owned,Read via Business Discovery from an owned IG professional account; public professional accounts only; handles unverified in this session — run scripts/discovery-check.js,6-hourly,official,planned,no,,,,,,,,,,
ig-bms,BookMyShow,instagram,Hindi|Telugu|Tamil|Kannada|Malayalam|Hollywood-India,https://www.instagram.com/bookmyshowin/,@bookmyshowin,,"ticketing: followers, recent post like/comment counts, captions (film tags)",owned,Read via Business Discovery from an owned IG professional account; public professional accounts only; handles unverified in this session — run scripts/discovery-check.js,6-hourly,official,planned,no,,,,,,,,,,
ig-pvrinox,PVR INOX,instagram,Hindi|Telugu|Tamil|Kannada|Malayalam|Hollywood-India,https://www.instagram.com/pvrcinemas_official/,@pvrcinemas_official,,"exhibitor: followers, recent post like/comment counts, captions (film tags)",owned,Read via Business Discovery from an owned IG professional account; public professional accounts only; handles unverified in this session — run scripts/discovery-check.js,6-hourly,official,planned,no,,,,,,,,,,
ig-filmfare,Filmfare,instagram,Hindi,https://www.instagram.com/filmfare/,@filmfare,,"magazine: followers, recent post like/comment counts, captions (film tags)",owned,Read via Business Discovery from an owned IG professional account; public professional accounts only; handles unverified in this session — run scripts/discovery-check.js,6-hourly,official,planned,no,,,,,,,,,,
ig-pinkvilla,Pinkvilla,instagram,Hindi,https://www.instagram.com/pinkvilla/,@pinkvilla,,"news: followers, recent post like/comment counts, captions (film tags)",owned,Read via Business Discovery from an owned IG professional account; public professional accounts only; handles unverified in this session — run scripts/discovery-check.js,6-hourly,official,planned,no,,,,,,,,,,
ig-viralbhayani,Viral Bhayani,instagram,Hindi,https://www.instagram.com/viralbhayani/,@viralbhayani,,"paparazzi: followers, recent post like/comment counts, captions (film tags)",owned,Read via Business Discovery from an owned IG professional account; public professional accounts only; handles unverified in this session — run scripts/discovery-check.js,6-hourly,official,planned,no,,,,,,,,,,
ig-varinder,Varinder Chawla,instagram,Hindi,https://www.instagram.com/varindertchawla/,@varindertchawla,,"paparazzi: followers, recent post like/comment counts, captions (film tags)",owned,Read via Business Discovery from an owned IG professional account; public professional accounts only; handles unverified in this session — run scripts/discovery-check.js,6-hourly,official,planned,no,,,,,,,,,,
ig-instantbollywood,Instant Bollywood,instagram,Hindi,https://www.instagram.com/instantbollywood/,@instantbollywood,,"news: followers, recent post like/comment counts, captions (film tags)",owned,Read via Business Discovery from an owned IG professional account; public professional accounts only; handles unverified in this session — run scripts/discovery-check.js,6-hourly,official,planned,no,,,,,,,,,,
ig-bollywoodhungama,Bollywood Hungama,instagram,Hindi,https://www.instagram.com/realbollywoodhungama/,@realbollywoodhungama,,"news: followers, recent post like/comment counts, captions (film tags)",owned,Read via Business Discovery from an owned IG professional account; public professional accounts only; handles unverified in this session — run scripts/discovery-check.js,6-hourly,official,planned,no,,,,,,,,,,
ig-koimoi,Koimoi,instagram,Hindi,https://www.instagram.com/koimoi/,@koimoi,,"news: followers, recent post like/comment counts, captions (film tags)",owned,Read via Business Discovery from an owned IG professional account; public professional accounts only; handles unverified in this session — run scripts/discovery-check.js,6-hourly,official,planned,no,,,,,,,,,,
ig-ottplay,OTTplay,instagram,Hindi|Telugu|Tamil|Kannada|Malayalam|Hollywood-India,https://www.instagram.com/ottplayapp/,@ottplayapp,,"ott news: followers, recent post like/comment counts, captions (film tags)",owned,Read via Business Discovery from an owned IG professional account; public professional accounts only; handles unverified in this session — run scripts/discovery-check.js,6-hourly,official,planned,no,,,,,,,,,,
ig-filmygyan,Filmygyan,instagram,Hindi,https://www.instagram.com/filmygyan/,@filmygyan,,"news: followers, recent post like/comment counts, captions (film tags)",owned,Read via Business Discovery from an owned IG professional account; public professional accounts only; handles unverified in this session — run scripts/discovery-check.js,6-hourly,official,planned,no,,,,,,,,,,
ig-bollywoodnow,Bollywood Now,instagram,Hindi,https://www.instagram.com/bollywoodnow/,@bollywoodnow,,"news: followers, recent post like/comment counts, captions (film tags)",owned,Read via Business Discovery from an owned IG professional account; public professional accounts only; handles unverified in this session — run scripts/discovery-check.js,6-hourly,official,planned,no,,,,,,,,,,
ig-manavmanglani,Manav Manglani,instagram,Hindi,https://www.instagram.com/manav.manglani/,@manav.manglani,,"paparazzi: followers, recent post like/comment counts, captions (film tags)",owned,Read via Business Discovery from an owned IG professional account; public professional accounts only; handles unverified in this session — run scripts/discovery-check.js,6-hourly,official,planned,no,,,,,,,,,,
ig-etimes,ETimes,instagram,Hindi|Telugu|Tamil|Kannada|Malayalam,https://www.instagram.com/etimes/,@etimes,,"news: followers, recent post like/comment counts, captions (film tags)",owned,Read via Business Discovery from an owned IG professional account; public professional accounts only; handles unverified in this session — run scripts/discovery-check.js,6-hourly,official,planned,no,,,,,,,,,,
ig-behindwoods,Behindwoods,instagram,Tamil,https://www.instagram.com/behindwoodsofficial/,@behindwoodsofficial,,"news: followers, recent post like/comment counts, captions (film tags)",owned,Read via Business Discovery from an owned IG professional account; public professional accounts only; handles unverified in this session — run scripts/discovery-check.js,6-hourly,official,planned,no,,,,,,,,,,
ig-gulte,Gulte,instagram,Telugu,https://www.instagram.com/gulteofficial/,@gulteofficial,,"news: followers, recent post like/comment counts, captions (film tags)",owned,Read via Business Discovery from an owned IG professional account; public professional accounts only; handles unverified in this session — run scripts/discovery-check.js,6-hourly,official,planned,no,,,,,,,,,,
ig-onmanorama,Onmanorama,instagram,Malayalam,https://www.instagram.com/onmanorama/,@onmanorama,,"news: followers, recent post like/comment counts, captions (film tags)",owned,Read via Business Discovery from an owned IG professional account; public professional accounts only; handles unverified in this session — run scripts/discovery-check.js,6-hourly,official,planned,no,,,,,,,,,,
ig-marvel,Marvel Studios,instagram,Global|Hollywood-India,https://www.instagram.com/marvelstudios/,@marvelstudios,,"studio: followers, recent post like/comment counts, captions (film tags)",owned,Read via Business Discovery from an owned IG professional account; public professional accounts only; handles unverified in this session — run scripts/discovery-check.js,6-hourly,official,planned,no,,,,,,,,,,
ig-disney,Disney,instagram,Global|Hollywood-India,https://www.instagram.com/disney/,@disney,,"studio: followers, recent post like/comment counts, captions (film tags)",owned,Read via Business Discovery from an owned IG professional account; public professional accounts only; handles unverified in this session — run scripts/discovery-check.js,6-hourly,official,planned,no,,,,,,,,,,
ig-wb,Warner Bros. Pictures,instagram,Global|Hollywood-India,https://www.instagram.com/wbpictures/,@wbpictures,,"studio: followers, recent post like/comment counts, captions (film tags)",owned,Read via Business Discovery from an owned IG professional account; public professional accounts only; handles unverified in this session — run scripts/discovery-check.js,6-hourly,official,planned,no,,,,,,,,,,
ig-universal,Universal Pictures,instagram,Global|Hollywood-India,https://www.instagram.com/universalpictures/,@universalpictures,,"studio: followers, recent post like/comment counts, captions (film tags)",owned,Read via Business Discovery from an owned IG professional account; public professional accounts only; handles unverified in this session — run scripts/discovery-check.js,6-hourly,official,planned,no,,,,,,,,,,
ig-sony,Sony Pictures,instagram,Global|Hollywood-India,https://www.instagram.com/sonypictures/,@sonypictures,,"studio: followers, recent post like/comment counts, captions (film tags)",owned,Read via Business Discovery from an owned IG professional account; public professional accounts only; handles unverified in this session — run scripts/discovery-check.js,6-hourly,official,planned,no,,,,,,,,,,
ig-paramount,Paramount Pictures,instagram,Global|Hollywood-India,https://www.instagram.com/paramountpics/,@paramountpics,,"studio: followers, recent post like/comment counts, captions (film tags)",owned,Read via Business Discovery from an owned IG professional account; public professional accounts only; handles unverified in this session — run scripts/discovery-check.js,6-hourly,official,planned,no,,,,,,,,,,
ig-lionsgate,Lionsgate,instagram,Global,https://www.instagram.com/lionsgate/,@lionsgate,,"studio: followers, recent post like/comment counts, captions (film tags)",owned,Read via Business Discovery from an owned IG professional account; public professional accounts only; handles unverified in this session — run scripts/discovery-check.js,6-hourly,official,planned,no,,,,,,,,,,
ig-a24,A24,instagram,Global,https://www.instagram.com/a24/,@a24,,"studio: followers, recent post like/comment counts, captions (film tags)",owned,Read via Business Discovery from an owned IG professional account; public professional accounts only; handles unverified in this session — run scripts/discovery-check.js,6-hourly,official,planned,no,,,,,,,,,,
ig-netflix,Netflix,instagram,Global,https://www.instagram.com/netflix/,@netflix,,"platform: followers, recent post like/comment counts, captions (film tags)",owned,Read via Business Discovery from an owned IG professional account; public professional accounts only; handles unverified in this session — run scripts/discovery-check.js,6-hourly,official,planned,no,,,,,,,,,,
ig-primevideo,Prime Video,instagram,Global,https://www.instagram.com/primevideo/,@primevideo,,"platform: followers, recent post like/comment counts, captions (film tags)",owned,Read via Business Discovery from an owned IG professional account; public professional accounts only; handles unverified in this session — run scripts/discovery-check.js,6-hourly,official,planned,no,,,,,,,,,,
ig-imdb,IMDb,instagram,Global,https://www.instagram.com/imdb/,@imdb,,"reference: followers, recent post like/comment counts, captions (film tags)",owned,Read via Business Discovery from an owned IG professional account; public professional accounts only; handles unverified in this session — run scripts/discovery-check.js,6-hourly,official,planned,no,,,,,,,,,,
ig-rottentomatoes,Rotten Tomatoes,instagram,Global,https://www.instagram.com/rottentomatoes/,@rottentomatoes,,"reference: followers, recent post like/comment counts, captions (film tags)",owned,Read via Business Discovery from an owned IG professional account; public professional accounts only; handles unverified in this session — run scripts/discovery-check.js,6-hourly,official,planned,no,,,,,,,,,,
ig-letterboxd,Letterboxd,instagram,Global,https://www.instagram.com/letterboxd/,@letterboxd,,"reference: followers, recent post like/comment counts, captions (film tags)",owned,Read via Business Discovery from an owned IG professional account; public professional accounts only; handles unverified in this session — run scripts/discovery-check.js,6-hourly,official,planned,no,,,,,,,,,,
ig-discussingfilm,DiscussingFilm,instagram,Global,https://www.instagram.com/discussingfilm/,@discussingfilm,,"news: followers, recent post like/comment counts, captions (film tags)",owned,Read via Business Discovery from an owned IG professional account; public professional accounts only; handles unverified in this session — run scripts/discovery-check.js,6-hourly,official,planned,no,,,,,,,,,,
ig-cjenm,CJ ENM Movie (Korea),instagram,Global,https://www.instagram.com/cjenm_movie/,@cjenm_movie,,"studio: followers, recent post like/comment counts, captions (film tags)",owned,Read via Business Discovery from an owned IG professional account; public professional accounts only; handles unverified in this session — run scripts/discovery-check.js,6-hourly,official,planned,no,,,,,,,,,,
ig-lotte-ent,Lotte Entertainment (Korea),instagram,Global,https://www.instagram.com/lotte_ent/,@lotte_ent,,"studio: followers, recent post like/comment counts, captions (film tags)",owned,Read via Business Discovery from an owned IG professional account; public professional accounts only; handles unverified in this session — run scripts/discovery-check.js,6-hourly,official,planned,no,,,,,,,,,,
ig-toho,TOHO (Japan),instagram,Global,https://www.instagram.com/toho_movie/,@toho_movie,,"studio: followers, recent post like/comment counts, captions (film tags)",owned,Read via Business Discovery from an owned IG professional account; public professional accounts only; handles unverified in this session — run scripts/discovery-check.js,6-hourly,official,planned,no,,,,,,,,,,
yt-tseries,T-Series,youtube,Hindi,https://www.youtube.com/@tseries,@tseries,UCq-Fj5jknLsUf-MWSy4_brA,"label/studio: trailer/teaser/song uploads, views, likes, comments",api,YouTube Data API v3 (channel → uploads); public,6-hourly,"tr24, trTotal, likeRatio, song, sentiment",integrated,yes,yes,partial,none,https://www.youtube.com/feeds/videos.xml?channel_id=UCq-Fj5jknLsUf-MWSy4_brA,YouTube Data API v3 (channel_id UCq-Fj5jknLsUf-MWSy4_brA),T-Series,"YouTube channel page for T-Series (India's largest music label and film studio) hosting trailers, songs and music videos; the fetched render exposed the channel name and RSS link but no subscriber count or video list, so per-video views/likes/comments must be pulled via the Data API. Public, no login.",,,2026-09-12
yt-zeemusic,Zee Music Company,youtube,Hindi,https://www.youtube.com/@zeemusiccompany,@zeemusiccompany,UCFFbwnve3yF62-tVXkTyHqg,"label: trailer/teaser/song uploads, views, likes, comments",api,YouTube Data API v3 (channel → uploads); public,6-hourly,"tr24, trTotal, likeRatio, song, sentiment",integrated,yes,yes,partial,none,https://www.youtube.com/feeds/videos.xml?channel_id=UCFFbwnve3yF62-tVXkTyHqg,Channel RSS feed (channel_id UCFFbwnve3yF62-tVXkTyHqg); YouTube Data API not referenced on the page.,Zee Music Company,"YouTube channel page for Zee Music Company ('world's largest Hindi film library', 3,818+ movie titles). Only channel metadata was readable in the fetched HTML; per-video view/like/comment counts are not exposed server-side.",,,2026-09-12
yt-sonymusicindia,Sony Music India,youtube,Hindi,https://www.youtube.com/@SonyMusicIndiaVEVO,@SonyMusicIndiaVEVO,UC3MLnJtqc_phABBriLRhtgQ,"label: trailer/teaser/song uploads, views, likes, comments",api,YouTube Data API v3 (channel → uploads); public,6-hourly,"tr24, trTotal, likeRatio, song, sentiment",integrated,yes,yes,partial,none,https://www.youtube.com/feeds/videos.xml?channel_id=UC3MLnJtqc_phABBriLRhtgQ,channel_id UC3MLnJtqc_phABBriLRhtgQ (usable with the YouTube Data API; not linked on the page).,SonyMusicIndiaVEVO,"Official label channel (music videos 'that celebrate India's rich musical heritage'); the static HTML exposes the channel's RSS feed of latest uploads, but per-video view/like/comment counts and subscriber count were not visible in the fetched content.",,,2026-09-12
yt-saregama,Saregama Music,youtube,Hindi,https://www.youtube.com/@SaregamaMusic,@saregama,UC_A7K2dXFsTMAciGmnNxy-Q,"label: trailer/teaser/song uploads, views, likes, comments",api,YouTube Data API v3 (channel → uploads); public,6-hourly,"tr24, trTotal, likeRatio, song, sentiment",integrated,yes,no,partial,none,https://www.youtube.com/feeds/videos.xml?channel_id=UC_A7K2dXFsTMAciGmnNxy-Q,,Saregama Music,"Handle @saregama does not exist (404; /user/saregama also 404). The label's channel is at https://www.youtube.com/@SaregamaMusic (channel ID UC_A7K2dXFsTMAciGmnNxy-Q), which loads and posts song/film-music content; subscriber and video counts not shown in fetched content.",CLIENT_ERROR: There was an error while fetching: The page returned a 404 client error (corrected URL: https://www.youtube.com/@SaregamaMusic),handle @saregama 404s; correct channel @SaregamaMusic · not reachable from the server — use the browser clipper or manual entry,2026-09-12
yt-tips,Tips Official,youtube,Hindi,https://www.youtube.com/@tipsofficial,@tipsofficial,,"label: trailer/teaser/song uploads, views, likes, comments",api,YouTube Data API v3 (channel → uploads); public,6-hourly,"tr24, trTotal, likeRatio, song, sentiment",integrated,yes,yes,partial,none,,YouTube Data API v3 (resolve handle @tipsofficial to channel id via channels.list forHandle),Tips Official - YouTube,"YouTube channel page titled 'Tips Official' (not a 404), but both the handle page and /about rendered only YouTube header/footer navigation — no description, subscriber count, video list or RSS/channel-id link was exposed to the fetcher. Public, no login.",,,2026-09-12
yt-yrf,YRF,youtube,Hindi,https://www.youtube.com/@yrf,@yrf,UCbTLwN10NoCU4WDzLf1JMOA,"studio: trailer/teaser/song uploads, views, likes, comments",api,YouTube Data API v3 (channel → uploads); public,6-hourly,"tr24, trTotal, likeRatio, song, sentiment",integrated,yes,yes,partial,none,https://www.youtube.com/feeds/videos.xml?channel_id=UCbTLwN10NoCU4WDzLf1JMOA,Channel RSS feed (channel_id UCbTLwN10NoCU4WDzLf1JMOA).,YRF,Official Yash Raj Films YouTube channel ('Films. Music. Artistes'). Channel metadata only in the fetched HTML; no view/like counts exposed server-side.,,,2026-09-12
yt-dharma,Dharma Productions,youtube,Hindi,https://www.youtube.com/@DharmaProductions,@DharmaProductions,UCGdHCtXEzkCB7-g_NXYZPcw,"studio: trailer/teaser/song uploads, views, likes, comments",api,YouTube Data API v3 (channel → uploads); public,6-hourly,"tr24, trTotal, likeRatio, song, sentiment",integrated,yes,yes,partial,none,https://www.youtube.com/feeds/videos.xml?channel_id=UCGdHCtXEzkCB7-g_NXYZPcw,channel_id UCGdHCtXEzkCB7-g_NXYZPcw (usable with the YouTube Data API; not linked on the page).,Dharma Productions,"Official channel of the production house (est. 1976) hosting trailers, songs and promos; the static HTML exposes the channel RSS feed, but per-video view/like/comment counts and subscriber count were not visible in the fetched content.",,,2026-09-12
yt-excel,Excel Movies,youtube,Hindi,https://www.youtube.com/@ExcelMovies,@ExcelMovies,,"studio: trailer/teaser/song uploads, views, likes, comments",api,YouTube Data API v3 (channel → uploads); public,6-hourly,"tr24, trTotal, likeRatio, song, sentiment",integrated,yes,yes,partial,none,,,Excel Movies - YouTube,"Channel page loads (title only); fetched content for /, /videos, /about and /featured contained just YouTube footer/navigation — no description, channel ID, subscriber/video counts or upload list, so the RSS URL could not be derived.",,,2026-09-12
yt-maddock,Maddock Films,youtube,Hindi,https://www.youtube.com/@MaddockFilms,@MaddockFilms,UC-LOdiPoxninevJ0DkleCLg,"studio: trailer/teaser/song uploads, views, likes, comments",api,YouTube Data API v3 (channel → uploads); public,6-hourly,"tr24, trTotal, likeRatio, song, sentiment",integrated,yes,yes,partial,none,https://www.youtube.com/feeds/videos.xml?channel_id=UC-LOdiPoxninevJ0DkleCLg,YouTube Data API v3 (channel_id UC-LOdiPoxninevJ0DkleCLg),Maddock Films,"Official YouTube channel of Maddock Films (Indian production studio) distributing trailers, teasers and songs; the render exposed the channel name and RSS link but no subscriber count or video list. Public, no login.",,,2026-09-12
yt-redchillies,Red Chillies Entertainment,youtube,Hindi,https://www.youtube.com/@RedChilliesEntertainment,@RedChilliesEntertainment,UCjJKg01HAP01xCLVhDmnLhw,"studio: trailer/teaser/song uploads, views, likes, comments",api,YouTube Data API v3 (channel → uploads); public,6-hourly,"tr24, trTotal, likeRatio, song, sentiment",integrated,yes,yes,partial,none,https://www.youtube.com/feeds/videos.xml?channel_id=UCjJKg01HAP01xCLVhDmnLhw,Channel RSS feed (channel_id UCjJKg01HAP01xCLVhDmnLhw).,Red Chillies Entertainment,Official Red Chillies Entertainment channel page (production house founded 2002) with channel description and filmography text; no view/like counts exposed server-side.,,,2026-09-12
yt-penmovies,Pen Movies,youtube,Hindi,https://www.youtube.com/@PenMovies,@PenMovies,,"distributor: trailer/teaser/song uploads, views, likes, comments",api,YouTube Data API v3 (channel → uploads); public,6-hourly,"tr24, trTotal, likeRatio, song, sentiment",integrated,yes,yes,partial,none,,"channel_id not captured, so the feeds/videos.xml URL could not be recorded.",Pen Movies - YouTube,"Channel page fetched, but the converted content contained only the title and YouTube footer/navigation; RSS link, channel_id, subscriber count and video list were not extractable (two attempts, including /videos).",,,2026-09-12
yt-goldmines,Goldmines Telefilms,youtube,Hindi|Telugu|Tamil,https://www.youtube.com/@GoldminesTelefilms,@GoldminesTelefilms,UCyoXW-Dse7fURq30EWl_CUA,"Hindi-dubbed South releases — the dubbed-market signal: trailer/teaser/song uploads, views, likes, comments",api,YouTube Data API v3 (channel → uploads); public,6-hourly,"tr24, trTotal, likeRatio, song, sentiment",integrated,yes,yes,partial,none,https://www.youtube.com/feeds/videos.xml?channel_id=UCyoXW-Dse7fURq30EWl_CUA,,Goldmines Telefilms,Channel page (ID UCyoXW-Dse7fURq30EWl_CUA) for Hindi-dubbed South Indian films and Bollywood content; page exposes description and RSS link but subscriber/video counts and per-video views were not in the fetched content.,,,2026-09-12
yt-adityamusic,Aditya Music,youtube,Telugu,https://www.youtube.com/@adityamusic,@adityamusic,UCNApqoVYJbYSrni4YsbXzyQ,"label: trailer/teaser/song uploads, views, likes, comments",api,YouTube Data API v3 (channel → uploads); public,6-hourly,"tr24, trTotal, likeRatio, song, sentiment",integrated,yes,yes,partial,none,https://www.youtube.com/feeds/videos.xml?channel_id=UCNApqoVYJbYSrni4YsbXzyQ,YouTube Data API v3 (channel_id UCNApqoVYJbYSrni4YsbXzyQ),Aditya Music,"YouTube channel of Aditya Music, a Telugu music label ('24/7 live music, top songs and popular hits across genres'); trailers/songs uploads, no structured film data. Render exposed the channel name and RSS link but no subscriber count or video list. Public, no login.",,,2026-09-12
yt-laharimusic,Lahari Music,youtube,Telugu|Kannada,https://www.youtube.com/user/LahariMusic,@LahariMusic,UCnSqxrSfo1sK4WZ7nBpYW1Q,"label: trailer/teaser/song uploads, views, likes, comments",api,YouTube Data API v3 (channel → uploads); public,6-hourly,"tr24, trTotal, likeRatio, song, sentiment",integrated,yes,yes,partial,none,https://www.youtube.com/feeds/videos.xml?channel_id=UCnSqxrSfo1sK4WZ7nBpYW1Q,Channel RSS feed (channel_id UCnSqxrSfo1sK4WZ7nBpYW1Q).,Lahari Music,Handle URL @LahariMusic returns HTTP 404; the legacy URL /user/LahariMusic resolves to the Lahari Music channel ('South India's Largest Music Company #LahariMusic'). Channel metadata and video titles only; no view/like counts exposed server-side.,Original URL https://www.youtube.com/@LahariMusic failed: There was an error while fetching: The page returned a 404 client error; verified https://www.youtube.com/user/LahariMusic instead.,legacy /user/ URL; @LahariMusic 404s,2026-09-12
yt-mythri,Mythri Movie Makers,youtube,Telugu,https://www.youtube.com/@MythriMovieMakers,@MythriMovieMakers,UCKZSn5C-RzrLjuWJF8wWiDw,"studio: trailer/teaser/song uploads, views, likes, comments",api,YouTube Data API v3 (channel → uploads); public,6-hourly,"tr24, trTotal, likeRatio, song, sentiment",integrated,yes,yes,partial,none,https://www.youtube.com/feeds/videos.xml?channel_id=UCKZSn5C-RzrLjuWJF8wWiDw,channel_id UCKZSn5C-RzrLjuWJF8wWiDw (usable with the YouTube Data API; not linked on the page).,Mythri Movie Makers,"Official channel of the Telugu production house with film promos and upcoming-project content; the static HTML exposes the channel RSS feed, but per-video view/like/comment counts and subscriber count were not visible in the fetched content.",,,2026-09-12
yt-geethaarts,Geetha Arts,youtube,Telugu,https://www.youtube.com/@GeethaArts,@GeethaArts,UCiJfiEg1FImWsVuEu0L8X6Q,"studio: trailer/teaser/song uploads, views, likes, comments",api,YouTube Data API v3 (channel → uploads); public,6-hourly,"tr24, trTotal, likeRatio, song, sentiment",integrated,yes,yes,partial,none,https://www.youtube.com/feeds/videos.xml?channel_id=UCiJfiEg1FImWsVuEu0L8X6Q,,Geetha Arts,"Channel page (ID UCiJfiEg1FImWsVuEu0L8X6Q) of the Telugu production/distribution house (est. 1972; Chiranjeevi, Pawan Kalyan, Allu Arjun films); description and RSS link present, subscriber/video counts not shown in fetched content.",,,2026-09-12
yt-sunpictures,Sun Pictures,youtube,Tamil,https://www.youtube.com/@SunPicturesOfficial,@sunpictures,,"studio: trailer/teaser/song uploads, views, likes, comments",api,YouTube Data API v3 (channel → uploads); public,6-hourly,"tr24, trTotal, likeRatio, song, sentiment",integrated,yes,yes,partial,none,,YouTube Data API v3 — but the correct studio channel id must first be verified manually (candidate UCaLjjnTzwQckqy7yksIgUjQ),Sun pictures,"WRONG CHANNEL: @sunpictures resolves to a hobby channel named 'Sun pictures' ('Capturing everything beneath the sun!' — technology, music, pictures, travel; channel_id UCo2r1S9iXJshkeV9v_ZDicw), not the Tamil film studio. A separate handle @SunPicturesOfficial exists (name 'Sun Pictures', channel_id UCaLjjnTzwQckqy7yksIgUjQ, description 'See You Soon, with more updates! Stay Tuned.') but its identity as the studio could not be confirmed from the page; the studio site sunpictures.in could not be fetched (TLS error).",,WARNING: @sunpictures is an unrelated channel; @SunPicturesOfficial is the likely studio channel — confirm before use,2026-09-12
yt-thinkmusic,Think Music India,youtube,Tamil,https://www.youtube.com/user/thinkmusicindia,@ThinkMusicIndia,UCLbdVvreihwZRL6kwuEUYsA,"label: trailer/teaser/song uploads, views, likes, comments",api,YouTube Data API v3 (channel → uploads); public,6-hourly,"tr24, trTotal, likeRatio, song, sentiment",integrated,yes,yes,partial,none,https://www.youtube.com/feeds/videos.xml?channel_id=UCLbdVvreihwZRL6kwuEUYsA,Channel RSS feed (channel_id UCLbdVvreihwZRL6kwuEUYsA).,Think Music India,Handle URL @ThinkMusicIndia returns HTTP 404 (and @thinkmusic is an unrelated French music channel); the legacy URL /user/thinkmusicindia resolves to the official Think Music India label channel. Channel metadata only; no view/like counts exposed server-side.,Original URL https://www.youtube.com/@ThinkMusicIndia failed: There was an error while fetching: The page returned a 404 client error; verified https://www.youtube.com/user/thinkmusicindia instead.,legacy /user/ URL; @ThinkMusicIndia 404s,2026-09-12
yt-sonymusicsouth,Sony Music South,youtube,Telugu|Tamil|Kannada|Malayalam,https://www.youtube.com/@SonyMusicSouthVEVO,@SonyMusicSouth,UCTNtRdBAiZtHP9w7JinzfUg,"label: trailer/teaser/song uploads, views, likes, comments",api,YouTube Data API v3 (channel → uploads); public,6-hourly,"tr24, trTotal, likeRatio, song, sentiment",integrated,yes,yes,partial,none,https://www.youtube.com/feeds/videos.xml?channel_id=UCTNtRdBAiZtHP9w7JinzfUg,channel_id UCTNtRdBAiZtHP9w7JinzfUg (usable with the YouTube Data API; not linked on the page).,SonyMusicSouthVEVO,"Official Sony Music South channel hosting Tamil/Telugu/Malayalam/Kannada music videos; the static HTML exposes the channel RSS feed, but per-video view/like/comment counts and subscriber count were not visible in the fetched content.",Listed handle @SonyMusicSouth returned HTTP 404; channel found at @SonyMusicSouthVEVO,handle corrected from @SonyMusicSouth,2026-09-12
yt-saregamatamil,Saregama Tamil,youtube,Tamil,https://www.youtube.com/@SaregamaTamil,@SaregamaTamil,UCzee67JnEcuvjErRyWP3GpQ,"label: trailer/teaser/song uploads, views, likes, comments",api,YouTube Data API v3 (channel → uploads); public,6-hourly,"tr24, trTotal, likeRatio, song, sentiment",integrated,yes,yes,partial,none,https://www.youtube.com/feeds/videos.xml?channel_id=UCzee67JnEcuvjErRyWP3GpQ,,Saregama Tamil,"Saregama India's Tamil music channel (ID UCzee67JnEcuvjErRyWP3GpQ) — song/film-music archive; description and RSS link present, subscriber/video counts not shown in fetched content.",,,2026-09-12
yt-lyca,Lyca Productions,youtube,Tamil,https://www.youtube.com/@LycaProductions,@LycaProductions,UCA7gwgLgmCZ8DSmdf2bhb8g,"studio: trailer/teaser/song uploads, views, likes, comments",api,YouTube Data API v3 (channel → uploads); public,6-hourly,"tr24, trTotal, likeRatio, song, sentiment",integrated,yes,yes,partial,none,https://www.youtube.com/feeds/videos.xml?channel_id=UCA7gwgLgmCZ8DSmdf2bhb8g,YouTube Data API v3 (channel_id UCA7gwgLgmCZ8DSmdf2bhb8g),Lyca Productions,"Official YouTube channel of Lyca Productions (Indian entertainment company est. 2014 producing/distributing Tamil films); trailers/songs uploads only, no structured film data. Render exposed the channel name and RSS link but no subscriber count or video list. Public, no login.",,,2026-09-12
yt-muzik247,Muzik247,youtube,Malayalam,https://www.youtube.com/@Muzik247,@Muzik247,UChRi1dpwnsZcIo1LSwzY0Iw,"label: trailer/teaser/song uploads, views, likes, comments",api,YouTube Data API v3 (channel → uploads); public,6-hourly,"tr24, trTotal, likeRatio, song, sentiment",integrated,yes,yes,partial,none,https://www.youtube.com/feeds/videos.xml?channel_id=UChRi1dpwnsZcIo1LSwzY0Iw,Channel RSS feed (channel_id UChRi1dpwnsZcIo1LSwzY0Iw).,Muzik247,Muzik247 YouTube channel distributing Malayalam and Tamil music and movie content. Channel metadata only; no view/like counts exposed server-side.,,,2026-09-12
yt-manoramamusic,Manorama Music,youtube,Malayalam,https://www.youtube.com/@ManoramaMusic,@ManoramaMusicSongs,UCyx6Udkt-zEqwEaoq-uWubQ,"label: trailer/teaser/song uploads, views, likes, comments",api,YouTube Data API v3 (channel → uploads); public,6-hourly,"tr24, trTotal, likeRatio, song, sentiment",integrated,yes,yes,partial,none,https://www.youtube.com/feeds/videos.xml?channel_id=UCyx6Udkt-zEqwEaoq-uWubQ,channel_id UCyx6Udkt-zEqwEaoq-uWubQ (usable with the YouTube Data API; not linked on the page).,Manorama Music,"Channel of Malayala Manorama's electronic media division (music albums, movie soundtracks, devotional and classical songs); the static HTML exposes the channel RSS feed, but per-video view/like/comment counts and subscriber count were not visible in the fetched content.",Listed handle @ManoramaMusicSongs returned HTTP 404 (also /videos); channel found at @ManoramaMusic,handle corrected from @ManoramaMusicSongs,2026-09-12
yt-anandaudio,Anand Audio,youtube,Kannada,https://www.youtube.com/@AnandAudio,@AnandAudio,UCLtCejNl8eAg4PO_9lf2TIg,"label: trailer/teaser/song uploads, views, likes, comments",api,YouTube Data API v3 (channel → uploads); public,6-hourly,"tr24, trTotal, likeRatio, song, sentiment",integrated,yes,yes,partial,none,https://www.youtube.com/feeds/videos.xml?channel_id=UCLtCejNl8eAg4PO_9lf2TIg,,Anand Audio,"Kannada music label channel (ID UCLtCejNl8eAg4PO_9lf2TIg) posting HD video songs, full movies, lyrical videos, trailers and short films; description and RSS link present, subscriber/video counts not shown in fetched content.",,,2026-09-12
yt-hombale,Hombale Films,youtube,Kannada|Telugu,https://www.youtube.com/@HombaleFilms,@HombaleFilms,,"studio: trailer/teaser/song uploads, views, likes, comments",api,YouTube Data API v3 (channel → uploads); public,6-hourly,"tr24, trTotal, likeRatio, song, sentiment",integrated,yes,yes,partial,none,,YouTube Data API v3 (resolve handle @HombaleFilms to channel id via channels.list forHandle),Hombale Films,"Official YouTube channel of Hombale Films (Indian production/distribution company; portfolio lists KGF Chapters 1 & 2, Kantara, Salaar Part 1: Ceasefire); trailers/songs uploads only. The render exposed the channel description but no RSS/channel-id link, subscriber count or video list. Public, no login.",,,2026-09-12
yt-marvel,Marvel Entertainment,youtube,Global|Hollywood-India,https://www.youtube.com/@marvel,@marvel,UCvC4D8onUfXzvjTOM-dBfEA,"studio: trailer/teaser/song uploads, views, likes, comments",api,YouTube Data API v3 (channel → uploads); public,6-hourly,"tr24, trTotal, likeRatio, song, sentiment",integrated,yes,yes,partial,none,https://www.youtube.com/feeds/videos.xml?channel_id=UCvC4D8onUfXzvjTOM-dBfEA,Channel RSS feed (channel_id UCvC4D8onUfXzvjTOM-dBfEA).,Marvel Entertainment,"Marvel's official YouTube channel (Marvel Studios, Comics, Games content). Channel metadata only; no view/like counts exposed server-side.",,,2026-09-12
yt-wb,Warner Bros. Pictures,youtube,Global|Hollywood-India,https://www.youtube.com/@warnerbros,@warnerbrospictures,UCjmJDM5pRKbUlVIzDYYWb6g,"studio: trailer/teaser/song uploads, views, likes, comments",api,YouTube Data API v3 (channel → uploads); public,6-hourly,"tr24, trTotal, likeRatio, song, sentiment",integrated,yes,yes,partial,none,https://www.youtube.com/feeds/videos.xml?channel_id=UCjmJDM5pRKbUlVIzDYYWb6g,channel_id UCjmJDM5pRKbUlVIzDYYWb6g (usable with the YouTube Data API; not linked on the page).,Warner Bros. (@WarnerBros),"Official Warner Bros. channel ('all our latest movie trailers, clips and featurettes'); the static HTML exposes the channel RSS feed, but per-video view/like/comment counts and subscriber count were not visible in the fetched content.",Listed handle @warnerbrospictures returned HTTP 404 (also /videos); channel found at @warnerbros,handle corrected from @warnerbrospictures,2026-09-12
yt-universal,Universal Pictures,youtube,Global|Hollywood-India,https://www.youtube.com/@UniversalPictures,@UniversalPictures,UCq0OueAsdxH6b8nyAspwViw,"studio: trailer/teaser/song uploads, views, likes, comments",api,YouTube Data API v3 (channel → uploads); public,6-hourly,"tr24, trTotal, likeRatio, song, sentiment",integrated,yes,yes,partial,none,https://www.youtube.com/feeds/videos.xml?channel_id=UCq0OueAsdxH6b8nyAspwViw,,Universal Pictures,"Official Universal Pictures channel (ID UCq0OueAsdxH6b8nyAspwViw) for trailers and film content; description and RSS link present, subscriber/video counts not shown in fetched content.",,,2026-09-12
yt-sony,Sony Pictures Entertainment,youtube,Global|Hollywood-India,https://www.youtube.com/@SonyPictures,@SonyPictures,UCz97F7dMxBNOfGYu3rx8aCw,"studio: trailer/teaser/song uploads, views, likes, comments",api,YouTube Data API v3 (channel → uploads); public,6-hourly,"tr24, trTotal, likeRatio, song, sentiment",integrated,yes,yes,partial,none,https://www.youtube.com/feeds/videos.xml?channel_id=UCz97F7dMxBNOfGYu3rx8aCw,YouTube Data API v3 (channel_id UCz97F7dMxBNOfGYu3rx8aCw),Sony Pictures Entertainment,"Official Sony Pictures Entertainment YouTube channel ('weekly first looks at our films, including the latest movie trailers, exclusive movie clips, and vignettes' plus behind-the-scenes content); no box office/ratings data. Render exposed the channel name and RSS link but no subscriber count or video list. Public, no login.",,,2026-09-12
yt-paramount,Paramount Pictures,youtube,Global|Hollywood-India,https://www.youtube.com/@ParamountPictures,@ParamountPictures,UCF9imwPMSGz4Vq1NiTWCC7g,"studio: trailer/teaser/song uploads, views, likes, comments",api,YouTube Data API v3 (channel → uploads); public,6-hourly,"tr24, trTotal, likeRatio, song, sentiment",integrated,yes,yes,partial,none,https://www.youtube.com/feeds/videos.xml?channel_id=UCF9imwPMSGz4Vq1NiTWCC7g,Channel RSS feed (channel_id UCF9imwPMSGz4Vq1NiTWCC7g).,Paramount Pictures,Official Paramount Pictures YouTube channel page (promotional trailers/videos). Channel metadata only; no view/like counts exposed server-side.,,,2026-09-12
yt-20th,20th Century Studios,youtube,Global|Hollywood-India,https://www.youtube.com/@20thCenturyStudios,@20thCenturyStudios,UC2-BeLxzUBSs0uSrmzWhJuQ,"studio: trailer/teaser/song uploads, views, likes, comments",api,YouTube Data API v3 (channel → uploads); public,6-hourly,"tr24, trTotal, likeRatio, song, sentiment",integrated,yes,yes,partial,none,https://www.youtube.com/feeds/videos.xml?channel_id=UC2-BeLxzUBSs0uSrmzWhJuQ,channel_id UC2-BeLxzUBSs0uSrmzWhJuQ (usable with the YouTube Data API; not linked on the page).,20th Century Studios,"Official studio channel (Walt Disney Company division) with trailers, clips and promotional content; the static HTML exposes the channel RSS feed, but per-video view/like/comment counts and subscriber count were not visible in the fetched content.",,,2026-09-12
yt-lionsgate,Lionsgate Movies,youtube,Global,https://www.youtube.com/@LionsgateMovies,@LionsgateMovies,UCJ6nMHaJPZvsJ-HmUmj1SeA,"studio: trailer/teaser/song uploads, views, likes, comments",api,YouTube Data API v3 (channel → uploads); public,6-hourly,"tr24, trTotal, likeRatio, song, sentiment",integrated,yes,yes,partial,none,https://www.youtube.com/feeds/videos.xml?channel_id=UCJ6nMHaJPZvsJ-HmUmj1SeA,,Lionsgate Movies,"Official Lionsgate channel (ID UCJ6nMHaJPZvsJ-HmUmj1SeA) with trailers, special features and official clips; description and RSS link present, subscriber/video counts not shown in fetched content.",,,2026-09-12
yt-a24,A24,youtube,Global,https://www.youtube.com/@A24,@A24,UCuPivVjnfNo4mb3Oog_frZg,"studio: trailer/teaser/song uploads, views, likes, comments",api,YouTube Data API v3 (channel → uploads); public,6-hourly,"tr24, trTotal, likeRatio, song, sentiment",integrated,yes,yes,partial,none,https://www.youtube.com/feeds/videos.xml?channel_id=UCuPivVjnfNo4mb3Oog_frZg,YouTube Data API v3 (channel_id UCuPivVjnfNo4mb3Oog_frZg),A24,"A24's official YouTube channel with trailers and promotional content (references Everything Everywhere All at Once, Uncut Gems; one recent item 'TONY & THE INVITE' marked Now Playing); no box office/ratings data. Render exposed the channel name and RSS link but no subscriber count. Public, no login.",,,2026-09-12
yt-netflix,Netflix,youtube,Global,https://www.youtube.com/@Netflix,@Netflix,UCWOA1ZGywLbqmigxE4Qlvuw,"platform: trailer/teaser/song uploads, views, likes, comments",api,YouTube Data API v3 (channel → uploads); public,6-hourly,"tr24, trTotal, likeRatio, song, sentiment",integrated,yes,yes,partial,none,https://www.youtube.com/feeds/videos.xml?channel_id=UCWOA1ZGywLbqmigxE4Qlvuw,Channel RSS feed (channel_id UCWOA1ZGywLbqmigxE4Qlvuw).,Netflix,"Netflix's official YouTube channel page describing the service (series, films, games, live programming). Channel metadata only; no view/like counts exposed server-side.",,,2026-09-12
yt-netflix-in,Netflix India,youtube,Hindi|Telugu|Tamil|Kannada|Malayalam|Hollywood-India,https://www.youtube.com/@NetflixIndiaOfficial,@NetflixIndiaOfficial,UCZSNzBgFub_WWil6TOTYwAg,"platform: trailer/teaser/song uploads, views, likes, comments",api,YouTube Data API v3 (channel → uploads); public,6-hourly,"tr24, trTotal, likeRatio, song, sentiment",integrated,yes,yes,partial,none,https://www.youtube.com/feeds/videos.xml?channel_id=UCZSNzBgFub_WWil6TOTYwAg,channel_id UCZSNzBgFub_WWil6TOTYwAg (usable with the YouTube Data API; not linked on the page).,Netflix India,"Official Netflix India channel (series, films, games and live programming promos across languages); the static HTML exposes the channel RSS feed, but per-video view/like/comment counts and subscriber count were not visible in the fetched content.",,,2026-09-12
yt-primevideo-in,Prime Video India,youtube,Hindi|Telugu|Tamil|Kannada|Malayalam|Hollywood-India,https://www.youtube.com/@PrimeVideoIN,@PrimeVideoIN,UC4zWG9LccdWGUlF77LZ8toA,"platform: trailer/teaser/song uploads, views, likes, comments",api,YouTube Data API v3 (channel → uploads); public,6-hourly,"tr24, trTotal, likeRatio, song, sentiment",integrated,yes,yes,partial,none,https://www.youtube.com/feeds/videos.xml?channel_id=UC4zWG9LccdWGUlF77LZ8toA,,Prime Video India,"Prime Video India's official channel (ID UC4zWG9LccdWGUlF77LZ8toA) with trailers, promos and announcements for platform titles; description and RSS link present, subscriber/video counts not shown in fetched content.",,,2026-09-12
yt-jiohotstar,JioHotstar,youtube,Hindi|Telugu|Tamil|Kannada|Malayalam|Hollywood-India,https://www.youtube.com/@JioHotstar,@JioHotstar,UC0PTktRYpZXb6On0_zFKWIg,"platform: trailer/teaser/song uploads, views, likes, comments",api,YouTube Data API v3 (channel → uploads); public,6-hourly,"tr24, trTotal, likeRatio, song, sentiment",integrated,yes,yes,partial,none,https://www.youtube.com/feeds/videos.xml?channel_id=UC0PTktRYpZXb6On0_zFKWIg,YouTube Data API v3 (channel_id UC0PTktRYpZXb6On0_zFKWIg),JioHotstar,"JioHotstar's YouTube channel ('Where your binge never ends') carrying promos for the streaming service and its networks (Star Plus, Life OK, Channel V, Star Movies etc.); no structured film data. Render exposed the channel name and RSS link but no subscriber count or video list. Public, no login.",,,2026-09-12
yt-rt-trailers,Rotten Tomatoes Trailers,youtube,Global,https://www.youtube.com/@RottenTomatoesTrailers,@RottenTomatoesTrailers,UCi8e0iOVk1fEOogdfu4YgfA,"aggregator: trailer/teaser/song uploads, views, likes, comments",api,YouTube Data API v3 (channel → uploads); public,6-hourly,"tr24, trTotal, likeRatio, song, sentiment",integrated,yes,yes,partial,none,https://www.youtube.com/feeds/videos.xml?channel_id=UCi8e0iOVk1fEOogdfu4YgfA,Channel RSS feed (channel_id UCi8e0iOVk1fEOogdfu4YgfA).,Rotten Tomatoes Trailers,Rotten Tomatoes Trailers YouTube channel (trailers and exclusive previews for theatrical/streaming releases). Channel metadata only; no view/like counts exposed server-side.,,,2026-09-12
