industry,year,title,basis,value,value_high,ww_gross_cr,india_gross_cr,gross_usd_m,gross_jpy_bn,admissions_m,budget_cr,budget_musd,open_day_cr,verdict,verdict_words,origin,language,franchise,genre,star_pull,holiday,imdb,rt_pct,distributor,rank_in_year,all_time_rank,source,notes
Hindi,2016,Dangal,india_nett_cr,387.4,,2024.0,,,,,70.0,,29.78,Blockbuster,,Indian,,0,sports,5,1,8.3,,,,,"trade (Sacnilk/BOI/BH), Wikipedia-checked",Christmas week; WW incl China
Hindi,2016,Sultan,india_nett_cr,300.45,,584.0,,,,,90.0,,36.54,Blockbuster,,Indian,,0,sports,5,1,7.0,,,,,"trade (Sacnilk/BOI/BH), Wikipedia-checked",Eid Wednesday; 5-day opening shown as weekend
Hindi,2016,Ae Dil Hai Mushkil,india_nett_cr,112.5,,237.0,,,,,70.0,,13.3,Hit,,Indian,,0,romance,4,1,5.8,,,,,"trade (Sacnilk/BOI/BH), Wikipedia-checked",Diwali
Hindi,2016,Shivaay,india_nett_cr,100.3,,150.0,,,,,105.0,,10.24,Flop,,Indian,,0,action,4,1,5.1,,,,,"trade (Sacnilk/BOI/BH), Wikipedia-checked",Diwali clash
Hindi,2016,M.S. Dhoni: The Untold Story,india_nett_cr,133.1,,216.0,,,,,104.0,,21.3,Hit,,Indian,,0,biopic,3,0,7.9,,,,,"trade (Sacnilk/BOI/BH), Wikipedia-checked",
Hindi,2016,Rustom,india_nett_cr,127.49,,210.0,,,,,50.0,,14.11,Super Hit,,Indian,,0,thriller,4,1,7.1,,,,,"trade (Sacnilk/BOI/BH), Wikipedia-checked",Independence Day weekend
Hindi,2016,Airlift,india_nett_cr,128.1,,231.0,,,,,30.0,,12.35,Super Hit,,Indian,,0,drama,4,1,8.0,,,,,"trade (Sacnilk/BOI/BH), Wikipedia-checked",Republic Day weekend
Hindi,2016,Housefull 3,india_nett_cr,107.7,,190.0,,,,,75.0,,15.21,Average,,Indian,,1,comedy,4,0,5.0,,,,,"trade (Sacnilk/BOI/BH), Wikipedia-checked",
Hindi,2016,Baaghi,india_nett_cr,76.34,,127.0,,,,,38.0,,11.94,Hit,,Indian,,0,action,3,0,5.2,,,,,"trade (Sacnilk/BOI/BH), Wikipedia-checked",
Hindi,2016,Udta Punjab,india_nett_cr,59.95,,100.0,,,,,25.0,,10.05,Hit,,Indian,,0,drama,2,0,7.7,,,,,"trade (Sacnilk/BOI/BH), Wikipedia-checked",
Hindi,2016,Fan,india_nett_cr,84.5,,181.0,,,,,85.0,,19.2,Flop,,Indian,,0,thriller,5,0,6.9,,,,,"trade (Sacnilk/BOI/BH), Wikipedia-checked",
Hindi,2016,Mohenjo Daro,india_nett_cr,58.3,,105.0,,,,,115.0,,8.87,Disaster,,Indian,,0,epic,4,1,5.7,,,,,"trade (Sacnilk/BOI/BH), Wikipedia-checked",Independence Day clash with Rustom
Hindi,2016,Befikre,india_nett_cr,60.4,,110.0,,,,,70.0,,10.36,Flop,,Indian,,0,romance,4,0,4.9,,,,,"trade (Sacnilk/BOI/BH), Wikipedia-checked",
Hindi,2016,Dear Zindagi,india_nett_cr,68.5,,132.0,,,,,40.0,,8.75,Hit,,Indian,,0,drama,4,0,7.5,,,,,"trade (Sacnilk/BOI/BH), Wikipedia-checked",Post-demonetisation
Hindi,2016,Pink,india_nett_cr,66.0,,110.0,,,,,28.0,,4.32,Hit,,Indian,,0,drama,3,0,8.1,,,,,"trade (Sacnilk/BOI/BH), Wikipedia-checked",
Hindi,2016,Neerja,india_nett_cr,75.6,,120.0,,,,,20.0,,4.7,Super Hit,,Indian,,0,biopic,2,0,7.6,,,,,"trade (Sacnilk/BOI/BH), Wikipedia-checked",
Hindi,2016,Kapoor & Sons,india_nett_cr,73.3,,150.0,,,,,35.0,,6.85,Hit,,Indian,,0,drama,3,0,7.7,,,,,"trade (Sacnilk/BOI/BH), Wikipedia-checked",
Hindi,2016,Ki & Ka,india_nett_cr,53.3,,101.0,,,,,32.0,,6.5,Hit,,Indian,,0,romance,3,0,5.8,,,,,"trade (Sacnilk/BOI/BH), Wikipedia-checked",
Hindi,2016,Rocky Handsome,india_nett_cr,32.2,,50.0,,,,,45.0,,5.1,Flop,,Indian,,0,action,2,1,6.6,,,,,"trade (Sacnilk/BOI/BH), Wikipedia-checked",Good Friday weekend; Korean remake
Hindi,2016,Azhar,india_nett_cr,36.5,,55.0,,,,,42.0,,9.3,Flop,,Indian,,0,biopic,2,0,5.9,,,,,"trade (Sacnilk/BOI/BH), Wikipedia-checked",
Hindi,2016,Sarbjit,india_nett_cr,29.8,,45.0,,,,,25.0,,3.55,Flop,,Indian,,0,biopic,2,0,6.8,,,,,"trade (Sacnilk/BOI/BH), Wikipedia-checked",
Hindi,2016,Great Grand Masti,india_nett_cr,16.2,,25.0,,,,,42.0,,4.1,Disaster,,Indian,,1,comedy,2,0,3.0,,,,,"trade (Sacnilk/BOI/BH), Wikipedia-checked",Leaked online before release
Hindi,2016,Mirzya,india_nett_cr,12.0,,18.0,,,,,45.0,,2.8,Disaster,,Indian,,0,romance,1,0,5.5,,,,,"trade (Sacnilk/BOI/BH), Wikipedia-checked",
Hindi,2016,Force 2,india_nett_cr,36.5,,55.0,,,,,45.0,,6.05,Flop,,Indian,,0,action,2,0,6.1,,,,,"trade (Sacnilk/BOI/BH), Wikipedia-checked",Demonetisation week
Hindi,2016,Baar Baar Dekho,india_nett_cr,32.0,,52.0,,,,,40.0,,6.8,Flop,,Indian,,0,romance,3,0,5.3,,,,,"trade (Sacnilk/BOI/BH), Wikipedia-checked",
Hindi,2017,Raees,india_nett_cr,137.51,,308.0,,,,,90.0,,20.42,Hit,,Indian,,0,gangster,5,1,6.6,,,,,"trade (Sacnilk/BOI/BH), Wikipedia-checked",Republic Day; 5-day opening shown as weekend; clash Kaabil
Hindi,2017,Kaabil,india_nett_cr,103.83,,200.0,,,,,50.0,,10.43,Hit,,Indian,,0,thriller,4,1,7.1,,,,,"trade (Sacnilk/BOI/BH), Wikipedia-checked",Republic Day clash with Raees
Hindi,2017,Jolly LLB 2,india_nett_cr,117.0,,207.0,,,,,45.0,,13.2,Hit,,Indian,,1,comedy,4,0,7.4,,,,,"trade (Sacnilk/BOI/BH), Wikipedia-checked",
Hindi,2017,Badrinath Ki Dulhania,india_nett_cr,116.6,,205.0,,,,,32.0,,12.25,Super Hit,,Indian,,1,romance,3,1,6.1,,,,,"trade (Sacnilk/BOI/BH), Wikipedia-checked",Holi weekend
Hindi,2017,Baahubali 2: The Conclusion (Hindi),india_nett_cr,510.99,,1810.0,,,,,250.0,,41.0,Blockbuster,,Indian,,1,epic,4,0,8.2,,,,,"trade (Sacnilk/BOI/BH), Wikipedia-checked",Hindi dubbed version only; budget is total film
Hindi,2017,Hindi Medium,india_nett_cr,69.59,,322.0,,,,,23.0,,2.81,Super Hit,,Indian,,0,comedy,2,0,7.8,,,,,"trade (Sacnilk/BOI/BH), Wikipedia-checked",WW incl China
Hindi,2017,Tubelight,india_nett_cr,121.25,,211.0,,,,,100.0,,21.15,Flop,,Indian,,0,drama,5,1,4.4,,,,,"trade (Sacnilk/BOI/BH), Wikipedia-checked",Eid; Little Boy remake
Hindi,2017,Jagga Jasoos,india_nett_cr,53.1,,75.0,,,,,110.0,,8.57,Disaster,,Indian,,0,musical,4,0,6.4,,,,,"trade (Sacnilk/BOI/BH), Wikipedia-checked",
Hindi,2017,Jab Harry Met Sejal,india_nett_cr,64.32,,150.0,,,,,85.0,,15.25,Flop,,Indian,,0,romance,5,0,5.3,,,,,"trade (Sacnilk/BOI/BH), Wikipedia-checked",
Hindi,2017,Toilet: Ek Prem Katha,india_nett_cr,134.22,,311.0,,,,,25.0,,13.1,Super Hit,,Indian,,0,drama,4,1,7.2,,,,,"trade (Sacnilk/BOI/BH), Wikipedia-checked",Independence Day week
Hindi,2017,Shubh Mangal Saavdhan,india_nett_cr,42.98,,60.0,,,,,17.0,,2.71,Hit,,Indian,,0,comedy,2,0,7.1,,,,,"trade (Sacnilk/BOI/BH), Wikipedia-checked",
Hindi,2017,Judwaa 2,india_nett_cr,138.61,,225.0,,,,,65.0,,16.1,Hit,,Indian,,1,comedy,3,1,4.8,,,,,"trade (Sacnilk/BOI/BH), Wikipedia-checked",Dussehra weekend
Hindi,2017,Golmaal Again,india_nett_cr,205.72,,311.0,,,,,80.0,,30.14,Blockbuster,,Indian,,1,comedy,4,1,4.6,,,,,"trade (Sacnilk/BOI/BH), Wikipedia-checked",Diwali; budget reported 80 (Wikipedia infobox says 142 incl. marketing)
Hindi,2017,Secret Superstar,india_nett_cr,63.4,,977.0,,,,,15.0,,4.8,Hit,,Indian,,0,drama,3,1,7.9,,,,,"trade (Sacnilk/BOI/BH), Wikipedia-checked",Diwali clash; WW incl China
Hindi,2017,Tiger Zinda Hai,india_nett_cr,339.16,,565.0,,,,,210.0,,34.1,Blockbuster,,Indian,,1,action,5,1,6.0,,,,,"trade (Sacnilk/BOI/BH), Wikipedia-checked",Christmas; budget 210 incl. marketing (Wikipedia infobox 130)
Hindi,2017,Fukrey Returns,india_nett_cr,80.32,,110.0,,,,,18.0,,8.1,Super Hit,,Indian,,1,comedy,2,0,6.7,,,,,"trade (Sacnilk/BOI/BH), Wikipedia-checked",
Hindi,2017,Half Girlfriend,india_nett_cr,60.2,,88.0,,,,,35.0,,10.27,Average,,Indian,,0,romance,2,0,4.5,,,,,"trade (Sacnilk/BOI/BH), Wikipedia-checked",
Hindi,2017,Baadshaho,india_nett_cr,76.6,,115.0,,,,,60.0,,12.03,Average,,Indian,,0,action,4,0,5.3,,,,,"trade (Sacnilk/BOI/BH), Wikipedia-checked",
Hindi,2017,A Gentleman,india_nett_cr,21.5,,35.0,,,,,65.0,,4.05,Disaster,,Indian,,0,action,2,0,5.3,,,,,"trade (Sacnilk/BOI/BH), Wikipedia-checked",
Hindi,2017,Mubarakan,india_nett_cr,56.3,,80.0,,,,,56.0,,5.4,Average,,Indian,,0,comedy,2,0,5.5,,,,,"trade (Sacnilk/BOI/BH), Wikipedia-checked",
Hindi,2017,Rangoon,india_nett_cr,20.7,,30.0,,,,,70.0,,6.0,Disaster,,Indian,,0,period,3,0,5.3,,,,,"trade (Sacnilk/BOI/BH), Wikipedia-checked",
Hindi,2017,Newton,india_nett_cr,21.8,,30.0,,,,,9.0,,0.96,Hit,,Indian,,0,drama,2,0,7.6,,,,,"trade (Sacnilk/BOI/BH), Wikipedia-checked",
Hindi,2017,Bareilly Ki Barfi,india_nett_cr,34.6,,55.0,,,,,20.0,,2.42,Hit,,Indian,,0,comedy,2,0,7.5,,,,,"trade (Sacnilk/BOI/BH), Wikipedia-checked",
Hindi,2017,Ittefaq,india_nett_cr,30.3,,45.0,,,,,30.0,,4.05,Average,,Indian,,0,thriller,2,0,7.2,,,,,"trade (Sacnilk/BOI/BH), Wikipedia-checked",
Hindi,2017,Bhoomi,india_nett_cr,10.5,,16.0,,,,,35.0,,2.25,Disaster,,Indian,,0,drama,2,0,4.5,,,,,"trade (Sacnilk/BOI/BH), Wikipedia-checked",
Hindi,2017,Naam Shabana,india_nett_cr,36.3,,50.0,,,,,40.0,,5.12,Average,,Indian,,1,thriller,2,0,6.5,,,,,"trade (Sacnilk/BOI/BH), Wikipedia-checked",
Hindi,2018,Padmaavat,india_nett_cr,282.2,,585.0,,,,,200.0,,24.0,Blockbuster,,Indian,,0,epic,4,1,7.0,,,,,"trade (Sacnilk/BOI/BH), Wikipedia-checked",Republic Day; Thursday release with paid previews; 4-day opening shown as weekend
Hindi,2018,Padman,india_nett_cr,81.82,,120.0,,,,,30.0,,10.26,Average,,Indian,,0,drama,4,0,7.9,,,,,"trade (Sacnilk/BOI/BH), Wikipedia-checked",
Hindi,2018,Sonu Ke Titu Ki Sweety,india_nett_cr,108.95,,150.0,,,,,30.0,,6.42,Super Hit,,Indian,,0,romance,3,0,7.0,,,,,"trade (Sacnilk/BOI/BH), Wikipedia-checked",
Hindi,2018,Pari,india_nett_cr,29.5,,45.0,,,,,25.0,,4.36,Average,,Indian,,0,horror,2,1,6.5,,,,,"trade (Sacnilk/BOI/BH), Wikipedia-checked",Holi
Hindi,2018,Raid,india_nett_cr,101.54,,150.0,,,,,40.0,,10.04,Hit,,Indian,,0,thriller,4,0,7.3,,,,,"trade (Sacnilk/BOI/BH), Wikipedia-checked",
Hindi,2018,Baaghi 2,india_nett_cr,164.38,,253.0,,,,,60.0,,25.1,Super Hit,,Indian,,1,action,3,1,4.7,,,,,"trade (Sacnilk/BOI/BH), Wikipedia-checked",Good Friday weekend; Telugu remake
Hindi,2018,October,india_nett_cr,37.6,,55.0,,,,,35.0,,5.04,Average,,Indian,,0,drama,3,0,7.4,,,,,"trade (Sacnilk/BOI/BH), Wikipedia-checked",
Hindi,2018,Raazi,india_nett_cr,123.84,,195.0,,,,,35.0,,7.53,Super Hit,,Indian,,0,thriller,4,0,7.7,,,,,"trade (Sacnilk/BOI/BH), Wikipedia-checked",
Hindi,2018,102 Not Out,india_nett_cr,52.0,,80.0,,,,,26.0,,3.52,Hit,,Indian,,0,comedy,3,0,7.4,,,,,"trade (Sacnilk/BOI/BH), Wikipedia-checked",
Hindi,2018,Parmanu,india_nett_cr,65.6,,90.0,,,,,45.0,,4.82,Hit,,Indian,,0,thriller,2,0,7.7,,,,,"trade (Sacnilk/BOI/BH), Wikipedia-checked",
Hindi,2018,Veere Di Wedding,india_nett_cr,80.21,,140.0,,,,,42.0,,10.7,Hit,,Indian,,0,comedy,3,0,4.6,,,,,"trade (Sacnilk/BOI/BH), Wikipedia-checked",
Hindi,2018,Race 3,india_nett_cr,166.4,,300.0,,,,,185.0,,29.17,Flop,,Indian,,1,action,5,1,1.9,,,,,"trade (Sacnilk/BOI/BH), Wikipedia-checked",Eid
Hindi,2018,Sanju,india_nett_cr,342.53,,586.0,,,,,100.0,,34.75,Blockbuster,,Indian,,0,biopic,4,0,7.6,,,,,"trade (Sacnilk/BOI/BH), Wikipedia-checked",
Hindi,2018,Dhadak,india_nett_cr,74.14,,110.0,,,,,55.0,,8.71,Average,,Indian,,0,romance,1,0,4.9,,,,,"trade (Sacnilk/BOI/BH), Wikipedia-checked",Sairat remake; debuts
Hindi,2018,Satyameva Jayate,india_nett_cr,79.35,,105.0,,,,,60.0,,20.52,Average,,Indian,,0,action,2,1,5.5,,,,,"trade (Sacnilk/BOI/BH), Wikipedia-checked",Independence Day Wednesday
Hindi,2018,Gold,india_nett_cr,104.72,,150.0,,,,,95.0,,25.25,Average,,Indian,,0,sports,4,1,7.2,,,,,"trade (Sacnilk/BOI/BH), Wikipedia-checked",Independence Day Wednesday
Hindi,2018,Stree,india_nett_cr,129.9,,180.0,,,,,20.0,,6.83,Blockbuster,,Indian,,0,horror-comedy,2,0,7.5,,,,,"trade (Sacnilk/BOI/BH), Wikipedia-checked",
Hindi,2018,Manmarziyaan,india_nett_cr,27.0,,40.0,,,,,35.0,,3.52,Flop,,Indian,,0,romance,2,0,6.7,,,,,"trade (Sacnilk/BOI/BH), Wikipedia-checked",
Hindi,2018,Batti Gul Meter Chalu,india_nett_cr,37.6,,50.0,,,,,50.0,,6.76,Flop,,Indian,,0,comedy,3,0,5.6,,,,,"trade (Sacnilk/BOI/BH), Wikipedia-checked",
Hindi,2018,Sui Dhaaga,india_nett_cr,79.02,,125.0,,,,,35.0,,8.3,Hit,,Indian,,0,drama,3,1,6.8,,,,,"trade (Sacnilk/BOI/BH), Wikipedia-checked",Gandhi Jayanti Tuesday in week 1
Hindi,2018,Andhadhun,india_nett_cr,74.6,,456.0,,,,,32.0,,2.7,Hit,,Indian,,0,thriller,3,0,8.2,,,,,"trade (Sacnilk/BOI/BH), Wikipedia-checked",WW incl China
Hindi,2018,Badhaai Ho,india_nett_cr,137.5,,221.0,,,,,29.0,,7.35,Blockbuster,,Indian,,0,comedy,3,1,7.9,,,,,"trade (Sacnilk/BOI/BH), Wikipedia-checked",Dussehra Thursday; 4-day shown as weekend
Hindi,2018,Thugs of Hindostan,india_nett_cr,151.2,,335.0,,,,,300.0,,52.25,Disaster,,Indian,,0,adventure,5,1,3.3,,,,,"trade (Sacnilk/BOI/BH), Wikipedia-checked",Diwali Thursday; record opening then collapse
Hindi,2018,2.0 (Hindi),india_nett_cr,188.5,,800.0,,,,,543.0,,20.25,Hit,,Indian,,1,sci-fi,4,0,6.2,,,,,"trade (Sacnilk/BOI/BH), Wikipedia-checked",Hindi dubbed version; budget is total film
Hindi,2018,Kedarnath,india_nett_cr,68.5,,100.0,,,,,60.0,,7.25,Average,,Indian,,0,romance,2,0,6.1,,,,,"trade (Sacnilk/BOI/BH), Wikipedia-checked",
Hindi,2018,Zero,india_nett_cr,97.8,,186.0,,,,,200.0,,20.14,Disaster,,Indian,,0,romance,5,1,5.3,,,,,"trade (Sacnilk/BOI/BH), Wikipedia-checked",Christmas; Sacnilk basis (Box Office India reports 87 gross)
Hindi,2018,Simmba,india_nett_cr,240.31,,400.0,,,,,90.0,,20.72,Blockbuster,,Indian,,1,action,4,1,5.5,,,,,"trade (Sacnilk/BOI/BH), Wikipedia-checked",Christmas week; Temper remake; cop universe
Hindi,2018,Aiyaary,india_nett_cr,17.0,,25.0,,,,,60.0,,3.8,Disaster,,Indian,,0,thriller,2,0,5.3,,,,,"trade (Sacnilk/BOI/BH), Wikipedia-checked",
Hindi,2018,Namaste England,india_nett_cr,8.0,,12.0,,,,,55.0,,1.5,Disaster,,Indian,,1,romance,2,1,3.1,,,,,"trade (Sacnilk/BOI/BH), Wikipedia-checked",Dussehra clash with Badhaai Ho
Hindi,2018,Fanney Khan,india_nett_cr,12.6,,18.0,,,,,30.0,,2.15,Disaster,,Indian,,0,drama,3,0,5.6,,,,,"trade (Sacnilk/BOI/BH), Wikipedia-checked",
Hindi,2018,Loveyatri,india_nett_cr,11.8,,17.0,,,,,30.0,,2.7,Disaster,,Indian,,0,romance,1,0,3.4,,,,,"trade (Sacnilk/BOI/BH), Wikipedia-checked",
Hindi,2018,Yamla Pagla Deewana Phir Se,india_nett_cr,11.0,,16.0,,,,,45.0,,2.25,Disaster,,Indian,,1,comedy,2,0,3.4,,,,,"trade (Sacnilk/BOI/BH), Wikipedia-checked",
Hindi,2018,Bhavesh Joshi Superhero,india_nett_cr,3.5,,5.0,,,,,20.0,,0.7,Disaster,,Indian,,0,action,2,0,6.7,,,,,"trade (Sacnilk/BOI/BH), Wikipedia-checked",
Hindi,2018,Baazaar,india_nett_cr,31.1,,45.0,,,,,35.0,,3.07,Average,,Indian,,0,thriller,2,0,7.1,,,,,"trade (Sacnilk/BOI/BH), Wikipedia-checked",
Hindi,2018,Hichki,india_nett_cr,46.4,,235.0,,,,,25.0,,3.3,Hit,,Indian,,0,drama,3,0,7.5,,,,,"trade (Sacnilk/BOI/BH), Wikipedia-checked",WW incl China
Hindi,2018,Mulk,india_nett_cr,20.6,,30.0,,,,,15.0,,1.75,Average,,Indian,,0,drama,2,0,8.1,,,,,"trade (Sacnilk/BOI/BH), Wikipedia-checked",
Hindi,2019,Uri: The Surgical Strike,india_nett_cr,245.36,,342.0,,,,,44.0,,8.2,Blockbuster,,Indian,,0,action,2,0,8.2,,,,,"trade (Sacnilk/BOI/BH), Wikipedia-checked",Word-of-mouth phenomenon
Hindi,2019,Manikarnika,india_nett_cr,92.2,,150.0,,,,,125.0,,8.75,Flop,,Indian,,0,epic,2,1,6.3,,,,,"trade (Sacnilk/BOI/BH), Wikipedia-checked",Republic Day
Hindi,2019,Gully Boy,india_nett_cr,140.25,,238.0,,,,,40.0,,19.4,Hit,,Indian,,0,drama,4,1,7.9,,,,,"trade (Sacnilk/BOI/BH), Wikipedia-checked",Valentine's Day Thursday; 4-day shown as weekend
Hindi,2019,Total Dhamaal,india_nett_cr,154.3,,225.0,,,,,105.0,,16.5,Hit,,Indian,,1,comedy,4,0,4.2,,,,,"trade (Sacnilk/BOI/BH), Wikipedia-checked",
Hindi,2019,Luka Chuppi,india_nett_cr,94.4,,130.0,,,,,20.0,,8.01,Super Hit,,Indian,,0,romance,3,0,6.3,,,,,"trade (Sacnilk/BOI/BH), Wikipedia-checked",
Hindi,2019,Badla,india_nett_cr,87.4,,138.0,,,,,10.0,,5.04,Super Hit,,Indian,,0,thriller,3,0,7.8,,,,,"trade (Sacnilk/BOI/BH), Wikipedia-checked",Spanish remake
Hindi,2019,Kesari,india_nett_cr,154.44,,208.0,,,,,80.0,,21.06,Hit,,Indian,,0,war,4,1,7.4,,,,,"trade (Sacnilk/BOI/BH), Wikipedia-checked",Holi Thursday; 4-day shown as weekend
Hindi,2019,Kalank,india_nett_cr,80.5,,150.0,,,,,150.0,,21.6,Disaster,,Indian,,0,period,3,1,3.4,,,,,"trade (Sacnilk/BOI/BH), Wikipedia-checked",Mahavir Jayanti Wednesday; 5-day shown as weekend
Hindi,2019,Student of the Year 2,india_nett_cr,70.2,,98.0,,,,,68.0,,12.06,Flop,,Indian,,1,romance,1,0,2.6,,,,,"trade (Sacnilk/BOI/BH), Wikipedia-checked",
Hindi,2019,De De Pyaar De,india_nett_cr,102.4,,144.0,,,,,40.0,,10.02,Hit,,Indian,,0,romance,4,0,7.0,,,,,"trade (Sacnilk/BOI/BH), Wikipedia-checked",
Hindi,2019,Bharat,india_nett_cr,211.09,,325.0,,,,,100.0,,42.3,Hit,,Indian,,0,drama,5,1,5.0,,,,,"trade (Sacnilk/BOI/BH), Wikipedia-checked",Eid Wednesday; 5-day shown as weekend; Ode to My Father remake
Hindi,2019,Kabir Singh,india_nett_cr,278.24,,379.0,,,,,60.0,,20.21,Blockbuster,,Indian,,0,romance,3,0,7.0,,,,,"trade (Sacnilk/BOI/BH), Wikipedia-checked",Arjun Reddy remake
Hindi,2019,Article 15,india_nett_cr,63.1,,90.0,,,,,30.0,,5.02,Hit,,Indian,,0,drama,2,0,8.1,,,,,"trade (Sacnilk/BOI/BH), Wikipedia-checked",
Hindi,2019,Super 30,india_nett_cr,146.94,,208.0,,,,,50.0,,11.83,Hit,,Indian,,0,biopic,4,0,7.9,,,,,"trade (Sacnilk/BOI/BH), Wikipedia-checked",
Hindi,2019,Batla House,india_nett_cr,97.7,,140.0,,,,,50.0,,15.55,Average,,Indian,,0,thriller,2,1,6.9,,,,,"trade (Sacnilk/BOI/BH), Wikipedia-checked",Independence Day Thursday; clash Mission Mangal
Hindi,2019,Mission Mangal,india_nett_cr,202.98,,290.0,,,,,40.0,,29.16,Super Hit,,Indian,,0,drama,4,1,6.5,,,,,"trade (Sacnilk/BOI/BH), Wikipedia-checked",Independence Day Thursday; 4-day shown as weekend
Hindi,2019,Saaho (Hindi),india_nett_cr,149.41,,433.0,,,,,350.0,,24.4,Average,,Indian,,0,action,3,0,4.9,,,,,"trade (Sacnilk/BOI/BH), Wikipedia-checked",Hindi version; budget is total film; overall flop
Hindi,2019,Chhichhore,india_nett_cr,153.09,,215.0,,,,,50.0,,7.32,Super Hit,,Indian,,0,comedy,3,0,8.2,,,,,"trade (Sacnilk/BOI/BH), Wikipedia-checked",
Hindi,2019,Dream Girl,india_nett_cr,142.26,,200.0,,,,,30.0,,10.05,Super Hit,,Indian,,0,comedy,3,0,6.8,,,,,"trade (Sacnilk/BOI/BH), Wikipedia-checked",
Hindi,2019,War,india_nett_cr,318.01,,475.0,,,,,170.0,,53.35,Blockbuster,,Indian,,1,action,4,1,6.5,,,,,"trade (Sacnilk/BOI/BH), Wikipedia-checked",Gandhi Jayanti Wednesday; 5-day shown as weekend
Hindi,2019,Housefull 4,india_nett_cr,210.0,,296.0,,,,,75.0,,19.08,Hit,,Indian,,1,comedy,4,1,3.7,,,,,"trade (Sacnilk/BOI/BH), Wikipedia-checked",Diwali Sunday-Monday in week 1
Hindi,2019,Bala,india_nett_cr,116.38,,172.0,,,,,30.0,,10.15,Hit,,Indian,,0,comedy,3,0,7.3,,,,,"trade (Sacnilk/BOI/BH), Wikipedia-checked",
Hindi,2019,Marjaavaan,india_nett_cr,47.9,,65.0,,,,,45.0,,7.03,Average,,Indian,,0,action,2,0,3.9,,,,,"trade (Sacnilk/BOI/BH), Wikipedia-checked",
Hindi,2019,Pagalpanti,india_nett_cr,33.0,,45.0,,,,,50.0,,4.75,Disaster,,Indian,,0,comedy,2,0,3.4,,,,,"trade (Sacnilk/BOI/BH), Wikipedia-checked",
Hindi,2019,Panipat,india_nett_cr,34.8,,50.0,,,,,100.0,,4.12,Disaster,,Indian,,0,epic,2,0,6.3,,,,,"trade (Sacnilk/BOI/BH), Wikipedia-checked",
Hindi,2019,Pati Patni Aur Woh,india_nett_cr,86.6,,120.0,,,,,35.0,,9.1,Hit,,Indian,,0,comedy,3,0,6.4,,,,,"trade (Sacnilk/BOI/BH), Wikipedia-checked",1978 remake
Hindi,2019,Mardaani 2,india_nett_cr,47.0,,68.0,,,,,20.0,,3.8,Hit,,Indian,,1,thriller,3,0,7.0,,,,,"trade (Sacnilk/BOI/BH), Wikipedia-checked",
Hindi,2019,Dabangg 3,india_nett_cr,150.5,,230.0,,,,,150.0,,24.5,Flop,,Indian,,1,action,5,1,3.5,,,,,"trade (Sacnilk/BOI/BH), Wikipedia-checked",Christmas week
Hindi,2019,Good Newwz,india_nett_cr,205.14,,319.0,,,,,75.0,,17.56,Super Hit,,Indian,,0,comedy,4,1,6.9,,,,,"trade (Sacnilk/BOI/BH), Wikipedia-checked",Christmas week; New Year in week 1
Hindi,2019,Ek Ladki Ko Dekha Toh Aisa Laga,india_nett_cr,21.5,,32.0,,,,,32.0,,3.3,Flop,,Indian,,0,romance,2,0,6.3,,,,,"trade (Sacnilk/BOI/BH), Wikipedia-checked",
Hindi,2019,Sonchiriya,india_nett_cr,7.8,,10.0,,,,,30.0,,1.2,Disaster,,Indian,,0,drama,2,0,7.7,,,,,"trade (Sacnilk/BOI/BH), Wikipedia-checked",
Hindi,2019,Romeo Akbar Walter,india_nett_cr,39.0,,55.0,,,,,45.0,,6.0,Average,,Indian,,0,thriller,2,0,6.6,,,,,"trade (Sacnilk/BOI/BH), Wikipedia-checked",
Hindi,2019,India's Most Wanted,india_nett_cr,11.5,,16.0,,,,,30.0,,2.1,Disaster,,Indian,,0,thriller,2,0,5.5,,,,,"trade (Sacnilk/BOI/BH), Wikipedia-checked",
Hindi,2019,Arjun Patiala,india_nett_cr,7.2,,10.0,,,,,30.0,,1.3,Disaster,,Indian,,0,comedy,2,0,4.3,,,,,"trade (Sacnilk/BOI/BH), Wikipedia-checked",
Hindi,2019,Judgementall Hai Kya,india_nett_cr,38.7,,52.0,,,,,35.0,,5.4,Average,,Indian,,0,thriller,2,0,6.0,,,,,"trade (Sacnilk/BOI/BH), Wikipedia-checked",
Hindi,2019,Jabariya Jodi,india_nett_cr,23.6,,32.0,,,,,40.0,,3.15,Flop,,Indian,,0,comedy,2,0,4.2,,,,,"trade (Sacnilk/BOI/BH), Wikipedia-checked",
Hindi,2019,Section 375,india_nett_cr,20.3,,28.0,,,,,15.0,,1.35,Average,,Indian,,0,drama,2,0,8.1,,,,,"trade (Sacnilk/BOI/BH), Wikipedia-checked",
Hindi,2019,The Zoya Factor,india_nett_cr,5.5,,8.0,,,,,30.0,,1.05,Disaster,,Indian,,0,romance,2,0,5.3,,,,,"trade (Sacnilk/BOI/BH), Wikipedia-checked",
Hindi,2019,The Sky Is Pink,india_nett_cr,19.5,,30.0,,,,,35.0,,2.5,Flop,,Indian,,0,drama,3,0,7.4,,,,,"trade (Sacnilk/BOI/BH), Wikipedia-checked",
Hindi,2019,Made in China,india_nett_cr,10.8,,15.0,,,,,35.0,,1.62,Disaster,,Indian,,0,comedy,2,1,5.3,,,,,"trade (Sacnilk/BOI/BH), Wikipedia-checked",Diwali clash with Housefull 4
Hindi,2019,Saand Ki Aankh,india_nett_cr,22.5,,30.0,,,,,25.0,,0.48,Average,,Indian,,0,biopic,2,1,7.1,,,,,"trade (Sacnilk/BOI/BH), Wikipedia-checked",Diwali; grew on word of mouth
Hindi,2019,Commando 3,india_nett_cr,29.0,,40.0,,,,,45.0,,4.74,Average,,Indian,,1,action,2,0,4.7,,,,,"trade (Sacnilk/BOI/BH), Wikipedia-checked",
Hindi,2020,Tanhaji: The Unsung Warrior,india_nett_cr,279.53,,368.0,,,,,150.0,,15.1,Blockbuster,,Indian,,0,epic,4,0,7.6,,,,,"trade (Sacnilk/BOI/BH), Wikipedia-checked",
Hindi,2020,Chhapaak,india_nett_cr,34.6,,56.0,,,,,35.0,,4.77,Flop,,Indian,,0,drama,4,0,5.4,,,,,"trade (Sacnilk/BOI/BH), Wikipedia-checked",Clash with Tanhaji
Hindi,2020,Street Dancer 3D,india_nett_cr,74.5,,115.0,,,,,95.0,,10.26,Flop,,Indian,,1,dance,3,1,2.9,,,,,"trade (Sacnilk/BOI/BH), Wikipedia-checked",Republic Day
Hindi,2020,Malang,india_nett_cr,59.1,,85.0,,,,,40.0,,6.71,Average,,Indian,,0,thriller,2,0,6.4,,,,,"trade (Sacnilk/BOI/BH), Wikipedia-checked",
Hindi,2020,Love Aaj Kal,india_nett_cr,38.6,,60.0,,,,,65.0,,12.4,Disaster,,Indian,,0,romance,3,1,5.0,,,,,"trade (Sacnilk/BOI/BH), Wikipedia-checked",Valentine's Day; 70% Saturday drop
Hindi,2020,Shubh Mangal Zyada Saavdhan,india_nett_cr,62.9,,90.0,,,,,40.0,,9.55,Average,,Indian,,1,comedy,3,0,6.0,,,,,"trade (Sacnilk/BOI/BH), Wikipedia-checked",
Hindi,2020,Bhoot: Part One,india_nett_cr,34.3,,50.0,,,,,30.0,,5.1,Flop,,Indian,,0,horror,3,0,4.9,,,,,"trade (Sacnilk/BOI/BH), Wikipedia-checked",
Hindi,2020,Thappad,india_nett_cr,31.5,,45.0,,,,,32.0,,3.07,Flop,,Indian,,0,drama,2,0,6.9,,,,,"trade (Sacnilk/BOI/BH), Wikipedia-checked",
Hindi,2020,Baaghi 3,india_nett_cr,93.4,,137.0,,,,,85.0,,17.5,Average,,Indian,,1,action,3,1,2.5,,,,,"trade (Sacnilk/BOI/BH), Wikipedia-checked",Holi weekend; COVID shutdown in week 2
Hindi,2020,Angrezi Medium,india_nett_cr,9.36,,15.0,,,,,35.0,,4.03,Flop,,Indian,,1,comedy,2,0,6.8,,,,,"trade (Sacnilk/BOI/BH), Wikipedia-checked",Theatres closed after 3 days
Hindi,2021,Roohi,india_nett_cr,23.5,,32.0,,,,,30.0,,3.06,Average,,Indian,,1,horror-comedy,2,0,4.1,,,,,"trade (Sacnilk/BOI/BH), Wikipedia-checked",50% capacity caps
Hindi,2021,Mumbai Saga,india_nett_cr,16.1,,22.0,,,,,50.0,,2.82,Flop,,Indian,,0,gangster,2,0,6.4,,,,,"trade (Sacnilk/BOI/BH), Wikipedia-checked",Capacity caps
Hindi,2021,Bell Bottom,india_nett_cr,28.72,,50.0,,,,,50.0,,2.75,Flop,,Indian,,0,thriller,4,1,6.3,,,,,"trade (Sacnilk/BOI/BH), Wikipedia-checked",Muharram Thursday; Maharashtra closed
Hindi,2021,Sooryavanshi,india_nett_cr,195.04,,294.0,,,,,160.0,,26.29,Hit,,Indian,,1,action,4,1,5.4,,,,,"trade (Sacnilk/BOI/BH), Wikipedia-checked",Diwali Friday; Maharashtra reopening
Hindi,2021,Antim: The Final Truth,india_nett_cr,38.48,,58.0,,,,,55.0,,5.03,Average,,Indian,,0,action,3,0,6.5,,,,,"trade (Sacnilk/BOI/BH), Wikipedia-checked",Mulshi Pattern remake
Hindi,2021,Satyameva Jayate 2,india_nett_cr,15.6,,22.0,,,,,80.0,,3.6,Disaster,,Indian,,1,action,2,0,3.1,,,,,"trade (Sacnilk/BOI/BH), Wikipedia-checked",
Hindi,2021,Bunty Aur Babli 2,india_nett_cr,13.75,,20.0,,,,,60.0,,2.6,Disaster,,Indian,,1,comedy,2,0,4.0,,,,,"trade (Sacnilk/BOI/BH), Wikipedia-checked",
Hindi,2021,Tadap,india_nett_cr,30.5,,45.0,,,,,40.0,,4.05,Average,,Indian,,0,romance,1,0,4.9,,,,,"trade (Sacnilk/BOI/BH), Wikipedia-checked",RX 100 remake; debut
Hindi,2021,Chandigarh Kare Aashiqui,india_nett_cr,35.9,,50.0,,,,,45.0,,3.75,Average,,Indian,,0,romance,3,0,6.5,,,,,"trade (Sacnilk/BOI/BH), Wikipedia-checked",
Hindi,2021,Pushpa: The Rise (Hindi),india_nett_cr,108.26,,373.0,,,,,180.0,,3.33,Blockbuster,,Indian,,0,action,2,0,7.6,,,,,"trade (Sacnilk/BOI/BH), Wikipedia-checked",Hindi dubbed; grew for weeks; budget is total film
Hindi,2021,83,india_nett_cr,109.02,,193.0,,,,,270.0,,12.64,Disaster,,Indian,,0,sports,4,1,7.5,,,,,"trade (Sacnilk/BOI/BH), Wikipedia-checked",Christmas Friday
Hindi,2022,Gangubai Kathiawadi,india_nett_cr,129.1,,209.0,,,,,100.0,,10.5,Hit,,Indian,,0,biopic,4,0,7.0,,,,,"trade (Sacnilk/BOI/BH), Wikipedia-checked",
Hindi,2022,The Kashmir Files,india_nett_cr,252.9,,340.0,,,,,20.0,,3.55,Blockbuster,,Indian,,0,drama,1,0,8.2,,,,,"trade (Sacnilk/BOI/BH), Wikipedia-checked",Word-of-mouth phenomenon; polarised
Hindi,2022,Bachchhan Paandey,india_nett_cr,49.98,,70.0,,,,,90.0,,13.25,Flop,,Indian,,0,action,4,1,5.5,,,,,"trade (Sacnilk/BOI/BH), Wikipedia-checked",Holi Friday; Jigarthanda remake
Hindi,2022,RRR (Hindi),india_nett_cr,277.0,,1200.0,,,,,550.0,,20.07,Blockbuster,,Indian,,0,epic,4,0,7.8,,,,,"trade (Sacnilk/BOI/BH), Wikipedia-checked",Hindi dubbed; budget is total film
Hindi,2022,Attack,india_nett_cr,18.5,,28.0,,,,,80.0,,3.51,Disaster,,Indian,,0,action,2,0,6.1,,,,,"trade (Sacnilk/BOI/BH), Wikipedia-checked",
Hindi,2022,KGF: Chapter 2 (Hindi),india_nett_cr,434.7,,1215.0,,,,,100.0,,53.95,Blockbuster,,Indian,,1,action,3,1,8.2,,,,,"trade (Sacnilk/BOI/BH), Wikipedia-checked",Hindi dubbed; Ambedkar Jayanti Thursday; 4-day shown as weekend; budget is total film
Hindi,2022,Jersey,india_nett_cr,20.3,,30.0,,,,,80.0,,4.0,Disaster,,Indian,,0,sports,3,0,6.9,,,,,"trade (Sacnilk/BOI/BH), Wikipedia-checked",Telugu remake
Hindi,2022,Runway 34,india_nett_cr,31.4,,45.0,,,,,65.0,,3.0,Flop,,Indian,,0,thriller,4,1,7.1,,,,,"trade (Sacnilk/BOI/BH), Wikipedia-checked",Eid weekend
Hindi,2022,Heropanti 2,india_nett_cr,25.6,,40.0,,,,,80.0,,7.0,Disaster,,Indian,,1,action,3,1,2.3,,,,,"trade (Sacnilk/BOI/BH), Wikipedia-checked",Eid weekend
Hindi,2022,Jayeshbhai Jordaar,india_nett_cr,16.4,,25.0,,,,,85.0,,3.25,Disaster,,Indian,,0,comedy,4,0,5.6,,,,,"trade (Sacnilk/BOI/BH), Wikipedia-checked",
Hindi,2022,Bhool Bhulaiyaa 2,india_nett_cr,185.92,,266.0,,,,,65.0,,14.11,Super Hit,,Indian,,1,horror-comedy,3,0,5.8,,,,,"trade (Sacnilk/BOI/BH), Wikipedia-checked",
Hindi,2022,Anek,india_nett_cr,7.45,,12.0,,,,,50.0,,2.0,Disaster,,Indian,,0,thriller,3,0,5.8,,,,,"trade (Sacnilk/BOI/BH), Wikipedia-checked",
Hindi,2022,Samrat Prithviraj,india_nett_cr,68.05,,90.0,,,,,200.0,,10.7,Disaster,,Indian,,0,epic,4,0,5.3,,,,,"trade (Sacnilk/BOI/BH), Wikipedia-checked",
Hindi,2022,Jug Jugg Jeeyo,india_nett_cr,84.7,,140.0,,,,,85.0,,9.28,Average,,Indian,,0,comedy,3,0,5.8,,,,,"trade (Sacnilk/BOI/BH), Wikipedia-checked",
Hindi,2022,Rocketry: The Nambi Effect (Hindi),india_nett_cr,10.9,,55.0,,,,,50.0,,0.45,Average,,Indian,,0,biopic,1,0,8.7,,,,,"trade (Sacnilk/BOI/BH), Wikipedia-checked",Hindi version
Hindi,2022,Shamshera,india_nett_cr,42.75,,60.0,,,,,150.0,,10.25,Disaster,,Indian,,0,action,4,0,4.5,,,,,"trade (Sacnilk/BOI/BH), Wikipedia-checked",
Hindi,2022,Ek Villain Returns,india_nett_cr,41.3,,60.0,,,,,50.0,,7.05,Flop,,Indian,,1,thriller,2,0,4.2,,,,,"trade (Sacnilk/BOI/BH), Wikipedia-checked",
Hindi,2022,Laal Singh Chaddha,india_nett_cr,58.72,,130.0,,,,,275.0,,11.7,Disaster,,Indian,,0,drama,5,1,5.6,,,,,"trade (Sacnilk/BOI/BH), Wikipedia-checked",Independence Day Thursday; boycott trend; Forrest Gump remake
Hindi,2022,Raksha Bandhan,india_nett_cr,44.75,,60.0,,,,,70.0,,8.2,Flop,,Indian,,0,drama,4,1,4.9,,,,,"trade (Sacnilk/BOI/BH), Wikipedia-checked",Independence Day clash
Hindi,2022,Dobaaraa,india_nett_cr,3.8,,6.0,,,,,25.0,,0.72,Disaster,,Indian,,0,thriller,2,0,6.3,,,,,"trade (Sacnilk/BOI/BH), Wikipedia-checked",Mirage remake
Hindi,2022,Liger (Hindi),india_nett_cr,14.4,,60.0,,,,,100.0,,3.0,Disaster,,Indian,,0,action,1,0,2.7,,,,,"trade (Sacnilk/BOI/BH), Wikipedia-checked",Hindi version
Hindi,2022,Brahmastra: Part One,india_nett_cr,257.0,,431.0,,,,,410.0,,36.0,Average,,Indian,,1,fantasy,4,0,5.6,,,,,"trade (Sacnilk/BOI/BH), Wikipedia-checked",All-language India nett (Hindi ~230); franchise starter
Hindi,2022,Vikram Vedha,india_nett_cr,78.4,,130.0,,,,,175.0,,12.8,Flop,,Indian,,0,action,4,1,7.6,,,,,"trade (Sacnilk/BOI/BH), Wikipedia-checked",Gandhi Jayanti Sunday; Tamil remake
Hindi,2022,Doctor G,india_nett_cr,27.65,,40.0,,,,,50.0,,3.87,Average,,Indian,,0,comedy,3,0,6.6,,,,,"trade (Sacnilk/BOI/BH), Wikipedia-checked",
Hindi,2022,Goodbye,india_nett_cr,10.5,,15.0,,,,,60.0,,1.25,Disaster,,Indian,,0,drama,3,0,6.9,,,,,"trade (Sacnilk/BOI/BH), Wikipedia-checked",
Hindi,2022,Ram Setu,india_nett_cr,68.5,,90.0,,,,,75.0,,15.25,Flop,,Indian,,0,action,4,1,5.9,,,,,"trade (Sacnilk/BOI/BH), Wikipedia-checked",Diwali Tuesday
Hindi,2022,Thank God,india_nett_cr,37.9,,55.0,,,,,70.0,,8.1,Flop,,Indian,,0,comedy,4,1,4.4,,,,,"trade (Sacnilk/BOI/BH), Wikipedia-checked",Diwali clash with Ram Setu
Hindi,2022,Phone Bhoot,india_nett_cr,17.0,,25.0,,,,,35.0,,2.05,Flop,,Indian,,0,horror-comedy,2,0,5.9,,,,,"trade (Sacnilk/BOI/BH), Wikipedia-checked",
Hindi,2022,Mili,india_nett_cr,4.2,,6.0,,,,,25.0,,0.5,Disaster,,Indian,,0,thriller,2,0,7.0,,,,,"trade (Sacnilk/BOI/BH), Wikipedia-checked",Helen remake
Hindi,2022,Uunchai,india_nett_cr,28.2,,40.0,,,,,40.0,,1.81,Average,,Indian,,0,drama,3,0,7.6,,,,,"trade (Sacnilk/BOI/BH), Wikipedia-checked",Limited-screen release
Hindi,2022,Drishyam 2,india_nett_cr,238.9,,345.0,,,,,50.0,,15.38,Blockbuster,,Indian,,1,thriller,4,0,8.2,,,,,"trade (Sacnilk/BOI/BH), Wikipedia-checked",Malayalam remake
Hindi,2022,Bhediya,india_nett_cr,66.9,,90.0,,,,,60.0,,7.48,Average,,Indian,,1,horror-comedy,3,0,6.9,,,,,"trade (Sacnilk/BOI/BH), Wikipedia-checked",Stree universe
Hindi,2022,An Action Hero,india_nett_cr,13.85,,20.0,,,,,25.0,,1.3,Flop,,Indian,,0,action,3,0,7.0,,,,,"trade (Sacnilk/BOI/BH), Wikipedia-checked",
Hindi,2022,Cirkus,india_nett_cr,36.5,,50.0,,,,,150.0,,6.25,Disaster,,Indian,,0,comedy,4,1,4.3,,,,,"trade (Sacnilk/BOI/BH), Wikipedia-checked",Christmas; Angoor remake
Hindi,2022,Badhaai Do,india_nett_cr,20.5,,30.0,,,,,30.0,,1.65,Average,,Indian,,0,comedy,3,0,6.8,,,,,"trade (Sacnilk/BOI/BH), Wikipedia-checked",
Hindi,2022,Dhaakad,india_nett_cr,2.58,,4.0,,,,,85.0,,0.5,Disaster,,Indian,,0,action,2,0,3.7,,,,,"trade (Sacnilk/BOI/BH), Wikipedia-checked",Historic disaster
Hindi,2022,Major (Hindi),india_nett_cr,10.6,,68.0,,,,,45.0,,1.6,Average,,Indian,,0,biopic,1,0,8.2,,,,,"trade (Sacnilk/BOI/BH), Wikipedia-checked",Hindi version
Hindi,2023,Pathaan,india_nett_cr,524.53,,1050.0,,,,,250.0,,57.0,Blockbuster,,Indian,,1,action,5,1,5.9,,,,,"trade (Sacnilk/BOI/BH), Wikipedia-checked",Republic Day Wednesday; 5-day shown as weekend; Hindi version (all-language 543)
Hindi,2023,Shehzada,india_nett_cr,34.9,,50.0,,,,,65.0,,6.0,Flop,,Indian,,0,comedy,3,0,4.5,,,,,"trade (Sacnilk/BOI/BH), Wikipedia-checked",Ala Vaikunthapurramuloo remake
Hindi,2023,Selfiee,india_nett_cr,16.35,,25.0,,,,,100.0,,2.55,Disaster,,Indian,,0,comedy,4,0,4.5,,,,,"trade (Sacnilk/BOI/BH), Wikipedia-checked",Driving Licence remake
Hindi,2023,Tu Jhoothi Main Makkaar,india_nett_cr,149.3,,223.0,,,,,100.0,,15.73,Hit,,Indian,,0,romance,4,1,6.5,,,,,"trade (Sacnilk/BOI/BH), Wikipedia-checked",Holi Wednesday; 5-day shown as weekend
Hindi,2023,Mrs Chatterjee vs Norway,india_nett_cr,25.13,,35.0,,,,,20.0,,1.27,Average,,Indian,,0,drama,3,0,7.2,,,,,"trade (Sacnilk/BOI/BH), Wikipedia-checked",
Hindi,2023,Bholaa,india_nett_cr,89.95,,125.0,,,,,100.0,,11.2,Flop,,Indian,,0,action,4,1,6.3,,,,,"trade (Sacnilk/BOI/BH), Wikipedia-checked",Ram Navami Thursday; 4-day shown as weekend; Kaithi remake
Hindi,2023,Kisi Ka Bhai Kisi Ki Jaan,india_nett_cr,111.05,,185.0,,,,,150.0,,15.81,Flop,,Indian,,0,action,5,1,4.5,,,,,"trade (Sacnilk/BOI/BH), Wikipedia-checked",Eid Friday; Veeram remake
Hindi,2023,The Kerala Story,india_nett_cr,242.2,,303.0,,,,,20.0,,8.03,Blockbuster,,Indian,,0,drama,1,0,7.0,,,,,"trade (Sacnilk/BOI/BH), Wikipedia-checked",Polarised word of mouth
Hindi,2023,Zara Hatke Zara Bachke,india_nett_cr,87.0,,110.0,,,,,30.0,,5.49,Super Hit,,Indian,,0,romance,3,0,6.2,,,,,"trade (Sacnilk/BOI/BH), Wikipedia-checked",
Hindi,2023,Adipurush (Hindi),india_nett_cr,133.7,,350.0,,,,,500.0,,37.25,Disaster,,Indian,,0,mythological,4,0,3.1,,,,,"trade (Sacnilk/BOI/BH), Wikipedia-checked",Hindi version; budget is total film; collapsed on word of mouth
Hindi,2023,Satyaprem Ki Katha,india_nett_cr,79.5,,120.0,,,,,65.0,,9.25,Hit,,Indian,,0,romance,3,1,6.9,,,,,"trade (Sacnilk/BOI/BH), Wikipedia-checked",Bakri Eid Thursday; 4-day shown as weekend
Hindi,2023,Rocky Aur Rani Kii Prem Kahaani,india_nett_cr,149.5,,355.0,,,,,160.0,,11.1,Average,,Indian,,0,romance,4,0,6.7,,,,,"trade (Sacnilk/BOI/BH), Wikipedia-checked",
Hindi,2023,Gadar 2,india_nett_cr,525.7,,691.0,,,,,60.0,,40.1,Blockbuster,,Indian,,1,period,2,1,6.1,,,,,"trade (Sacnilk/BOI/BH), Wikipedia-checked",Independence Day Tuesday in week 1
Hindi,2023,OMG 2,india_nett_cr,150.5,,221.0,,,,,150.0,,10.26,Hit,,Indian,,1,comedy,4,1,7.8,,,,,"trade (Sacnilk/BOI/BH), Wikipedia-checked",Clash with Gadar 2; A certificate
Hindi,2023,Dream Girl 2,india_nett_cr,106.3,,150.0,,,,,50.0,,10.69,Hit,,Indian,,1,comedy,3,0,6.2,,,,,"trade (Sacnilk/BOI/BH), Wikipedia-checked",
Hindi,2023,Jawan,india_nett_cr,640.25,,1148.0,,,,,300.0,,75.0,Blockbuster,,Indian,,0,action,5,0,7.0,,,,,"trade (Sacnilk/BOI/BH), Wikipedia-checked",Thursday release; 4-day shown as weekend; all-language India nett (Hindi 582); Day 1 all-language per Sacnilk (Hindi 65.5)
Hindi,2023,Fukrey 3,india_nett_cr,95.7,,140.0,,,,,45.0,,8.82,Hit,,Indian,,1,comedy,2,1,5.7,,,,,"trade (Sacnilk/BOI/BH), Wikipedia-checked",Anant Chaturdashi Thursday
Hindi,2023,Mission Raniganj,india_nett_cr,30.5,,42.0,,,,,90.0,,2.8,Flop,,Indian,,0,drama,4,0,7.4,,,,,"trade (Sacnilk/BOI/BH), Wikipedia-checked",
Hindi,2023,Ganapath,india_nett_cr,9.5,,14.0,,,,,200.0,,2.5,Disaster,,Indian,,0,action,3,1,2.4,,,,,"trade (Sacnilk/BOI/BH), Wikipedia-checked",Dussehra week
Hindi,2023,Tejas,india_nett_cr,5.5,,8.0,,,,,70.0,,1.25,Disaster,,Indian,,0,action,2,0,3.3,,,,,"trade (Sacnilk/BOI/BH), Wikipedia-checked",
Hindi,2023,12th Fail,india_nett_cr,56.5,,70.0,,,,,20.0,,1.1,Super Hit,,Indian,,0,drama,1,0,8.9,,,,,"trade (Sacnilk/BOI/BH), Wikipedia-checked",Word-of-mouth growth over 8 weeks
Hindi,2023,Tiger 3,india_nett_cr,285.5,,466.0,,,,,300.0,,44.5,Average,,Indian,,1,action,5,1,4.9,,,,,"trade (Sacnilk/BOI/BH), Wikipedia-checked",Diwali Sunday; 3-day Sun-Tue shown as weekend; all-language India nett (Hindi 272)
Hindi,2023,Sam Bahadur,india_nett_cr,93.4,,128.0,,,,,55.0,,6.25,Hit,,Indian,,0,biopic,3,0,7.6,,,,,"trade (Sacnilk/BOI/BH), Wikipedia-checked",Clash with Animal
Hindi,2023,Animal,india_nett_cr,553.8,,917.0,,,,,100.0,,63.8,Blockbuster,,Indian,,0,action,4,0,6.1,,,,,"trade (Sacnilk/BOI/BH), Wikipedia-checked",All-language India nett (Hindi 502); A certificate
Hindi,2023,Dunki,india_nett_cr,227.3,,470.0,,,,,120.0,,29.2,Average,,Indian,,0,comedy,5,1,6.3,,,,,"trade (Sacnilk/BOI/BH), Wikipedia-checked",Christmas Thursday; 4-day shown as weekend
Hindi,2023,Salaar: Part 1 (Hindi),india_nett_cr,68.5,,617.0,,,,,270.0,,15.75,Average,,Indian,,0,action,3,1,6.5,,,,,"trade (Sacnilk/BOI/BH), Wikipedia-checked",Hindi version; Christmas clash with Dunki
Hindi,2024,Merry Christmas,india_nett_cr,18.5,,25.0,,,,,40.0,,2.5,Flop,,Indian,,0,thriller,3,0,7.1,,,,,"trade (Sacnilk/BOI/BH), Wikipedia-checked",
Hindi,2024,Fighter,india_nett_cr,212.15,,358.0,,,,,250.0,,22.5,Average,,Indian,,1,action,4,1,6.5,,,,,"trade (Sacnilk/BOI/BH), Wikipedia-checked",Republic Day Thursday; 4-day shown as weekend; all-language India nett (Hindi 200)
Hindi,2024,Article 370,india_nett_cr,80.5,,110.0,,,,,20.0,,5.75,Super Hit,,Indian,,0,thriller,2,0,7.3,,,,,"trade (Sacnilk/BOI/BH), Wikipedia-checked",
Hindi,2024,Teri Baaton Mein Aisa Uljha Jiya,india_nett_cr,84.1,,150.0,,,,,60.0,,6.5,Hit,,Indian,,0,romance,3,0,6.0,,,,,"trade (Sacnilk/BOI/BH), Wikipedia-checked",
Hindi,2024,Laapataa Ladies,india_nett_cr,20.4,,27.0,,,,,5.0,,0.85,Hit,,Indian,,0,comedy,1,0,8.4,,,,,"trade (Sacnilk/BOI/BH), Wikipedia-checked",
Hindi,2024,Shaitaan,india_nett_cr,148.5,,211.0,,,,,65.0,,14.75,Hit,,Indian,,0,horror,4,1,6.9,,,,,"trade (Sacnilk/BOI/BH), Wikipedia-checked",Maha Shivaratri Friday; Holi in week 3; Vash remake
Hindi,2024,Yodha,india_nett_cr,31.6,,45.0,,,,,60.0,,4.1,Flop,,Indian,,0,action,2,0,6.1,,,,,"trade (Sacnilk/BOI/BH), Wikipedia-checked",
Hindi,2024,Madgaon Express,india_nett_cr,31.6,,45.0,,,,,30.0,,1.5,Hit,,Indian,,0,comedy,1,1,7.3,,,,,"trade (Sacnilk/BOI/BH), Wikipedia-checked",Holi Monday in week 1
Hindi,2024,Crew,india_nett_cr,76.5,,158.0,,,,,75.0,,10.28,Hit,,Indian,,0,comedy,3,1,6.4,,,,,"trade (Sacnilk/BOI/BH), Wikipedia-checked",Good Friday
Hindi,2024,Bade Miyan Chote Miyan,india_nett_cr,65.7,,102.0,,,,,350.0,,15.65,Disaster,,Indian,,0,action,4,1,3.5,,,,,"trade (Sacnilk/BOI/BH), Wikipedia-checked",Eid Thursday; 4-day shown as weekend
Hindi,2024,Maidaan,india_nett_cr,46.2,,70.0,,,,,250.0,,4.35,Disaster,,Indian,,0,sports,4,1,8.0,,,,,"trade (Sacnilk/BOI/BH), Wikipedia-checked",Eid; paid previews Wednesday
Hindi,2024,Srikanth,india_nett_cr,46.9,,60.0,,,,,50.0,,2.25,Hit,,Indian,,0,biopic,3,0,7.6,,,,,"trade (Sacnilk/BOI/BH), Wikipedia-checked",
Hindi,2024,Mr & Mrs Mahi,india_nett_cr,39.3,,55.0,,,,,55.0,,6.85,Flop,,Indian,,0,sports,3,0,5.6,,,,,"trade (Sacnilk/BOI/BH), Wikipedia-checked",
Hindi,2024,Munjya,india_nett_cr,105.9,,132.0,,,,,30.0,,4.0,Blockbuster,,Indian,,0,horror-comedy,1,0,6.6,,,,,"trade (Sacnilk/BOI/BH), Wikipedia-checked",Maddock horror universe
Hindi,2024,Chandu Champion,india_nett_cr,67.3,,88.0,,,,,100.0,,5.4,Flop,,Indian,,0,sports,3,1,7.5,,,,,"trade (Sacnilk/BOI/BH), Wikipedia-checked",Bakri Eid Monday in week 1
Hindi,2024,Kalki 2898 AD (Hindi),india_nett_cr,293.4,,1042.0,,,,,600.0,,22.5,Blockbuster,,Indian,,0,sci-fi,4,0,7.4,,,,,"trade (Sacnilk/BOI/BH), Wikipedia-checked",Hindi version; Thursday release; budget is total film
Hindi,2024,Kill,india_nett_cr,24.6,,45.0,,,,,40.0,,1.35,Average,,Indian,,0,action,1,0,7.7,,,,,"trade (Sacnilk/BOI/BH), Wikipedia-checked",
Hindi,2024,Sarfira,india_nett_cr,20.4,,30.0,,,,,90.0,,2.5,Disaster,,Indian,,0,drama,4,0,7.2,,,,,"trade (Sacnilk/BOI/BH), Wikipedia-checked",Soorarai Pottru remake
Hindi,2024,Bad Newz,india_nett_cr,63.5,,95.0,,,,,60.0,,8.62,Average,,Indian,,0,comedy,3,0,5.3,,,,,"trade (Sacnilk/BOI/BH), Wikipedia-checked",
Hindi,2024,Auron Mein Kahan Dum Tha,india_nett_cr,7.0,,10.0,,,,,50.0,,1.85,Disaster,,Indian,,0,romance,4,0,5.6,,,,,"trade (Sacnilk/BOI/BH), Wikipedia-checked",
Hindi,2024,Stree 2,india_nett_cr,597.99,,857.0,,,,,60.0,,51.8,Blockbuster,,Indian,,1,horror-comedy,3,1,7.1,,,,,"trade (Sacnilk/BOI/BH), Wikipedia-checked",Independence Day Thursday incl. paid previews; 4-day shown as weekend
Hindi,2024,Khel Khel Mein,india_nett_cr,43.6,,60.0,,,,,60.0,,5.1,Flop,,Indian,,0,comedy,4,1,7.1,,,,,"trade (Sacnilk/BOI/BH), Wikipedia-checked",Independence Day clash with Stree 2; Perfect Strangers remake
Hindi,2024,Vedaa,india_nett_cr,41.1,,60.0,,,,,60.0,,7.25,Flop,,Indian,,0,action,2,1,6.8,,,,,"trade (Sacnilk/BOI/BH), Wikipedia-checked",Independence Day clash
Hindi,2024,Yudhra,india_nett_cr,22.1,,32.0,,,,,50.0,,4.5,Disaster,,Indian,,0,action,2,0,5.7,,,,,"trade (Sacnilk/BOI/BH), Wikipedia-checked",
Hindi,2024,Devara: Part 1 (Hindi),india_nett_cr,63.5,,500.0,,,,,300.0,,8.4,Average,,Indian,,0,action,2,0,6.6,,,,,"trade (Sacnilk/BOI/BH), Wikipedia-checked",Hindi version; budget is total film
Hindi,2024,Jigra,india_nett_cr,30.2,,45.0,,,,,90.0,,4.55,Flop,,Indian,,0,action,4,1,5.5,,,,,"trade (Sacnilk/BOI/BH), Wikipedia-checked",Dussehra Saturday
Hindi,2024,Vicky Vidya Ka Woh Wala Video,india_nett_cr,44.0,,60.0,,,,,70.0,,5.5,Flop,,Indian,,0,comedy,3,1,4.5,,,,,"trade (Sacnilk/BOI/BH), Wikipedia-checked",Dussehra
Hindi,2024,Bhool Bhulaiyaa 3,india_nett_cr,247.7,,423.0,,,,,150.0,,35.5,Hit,,Indian,,1,horror-comedy,3,1,5.2,,,,,"trade (Sacnilk/BOI/BH), Wikipedia-checked",Diwali Friday; clash Singham Again
Hindi,2024,Singham Again,india_nett_cr,247.5,,389.0,,,,,350.0,,43.5,Average,,Indian,,1,action,4,1,5.6,,,,,"trade (Sacnilk/BOI/BH), Wikipedia-checked",Diwali Friday; cop universe; multi-star
Hindi,2024,The Sabarmati Report,india_nett_cr,31.4,,42.0,,,,,50.0,,1.25,Average,,Indian,,0,drama,2,0,7.5,,,,,"trade (Sacnilk/BOI/BH), Wikipedia-checked",
Hindi,2024,Pushpa 2: The Rule (Hindi),india_nett_cr,832.0,,1871.0,,,,,500.0,,70.3,Blockbuster,,Indian,,1,action,3,0,6.9,,,,,"trade (Sacnilk/BOI/BH), Wikipedia-checked",Hindi dubbed; Thursday release; 4-day shown as weekend; budget is total film
Hindi,2024,Baby John,india_nett_cr,32.4,,50.0,,,,,160.0,,4.75,Disaster,,Indian,,0,action,3,1,3.8,,,,,"trade (Sacnilk/BOI/BH), Wikipedia-checked",Christmas Wednesday; Theri remake
Hindi,2025,Sky Force,india_nett_cr,113.5,,157.0,,,,,160.0,,12.25,Flop,,Indian,,0,action,4,1,6.5,,,,,"trade (Sacnilk/BOI/BH), Wikipedia-checked",Republic Day weekend
Hindi,2025,Deva,india_nett_cr,32.5,,45.0,,,,,70.0,,5.75,Flop,,Indian,,0,action,3,0,6.2,,,,,"trade (Sacnilk/BOI/BH), Wikipedia-checked",Mumbai Police remake
Hindi,2025,Chhaava,india_nett_cr,601.1,,807.0,,,,,130.0,,33.1,Blockbuster,,Indian,,0,historical,3,0,7.7,,,,,"trade (Sacnilk/BOI/BH), Wikipedia-checked",Valentine's Day Friday; all-language India nett (Hindi 585.23); Maha Shivaratri in week 2
Hindi,2025,Sikandar,india_nett_cr,110.0,,183.0,,,,,200.0,,26.0,Disaster,,Indian,,0,action,5,1,3.9,,,,,"trade (Sacnilk/BOI/BH), Wikipedia-checked",Eid Sunday; 3-day shown as weekend
Hindi,2025,Jaat,india_nett_cr,87.6,,120.0,,,,,100.0,,9.62,Average,,Indian,,0,action,2,1,6.3,,,,,"trade (Sacnilk/BOI/BH), Wikipedia-checked",Mahavir Jayanti Thursday; 4-day shown as weekend
Hindi,2025,Kesari Chapter 2,india_nett_cr,92.7,,130.0,,,,,150.0,,7.75,Average,,Indian,,1,drama,4,1,8.1,,,,,"trade (Sacnilk/BOI/BH), Wikipedia-checked",Good Friday
Hindi,2025,Raid 2,india_nett_cr,173.5,,238.0,,,,,100.0,,19.71,Hit,,Indian,,1,thriller,4,1,6.8,,,,,"trade (Sacnilk/BOI/BH), Wikipedia-checked",Maharashtra Day Thursday; 4-day shown as weekend
Hindi,2025,Housefull 5,india_nett_cr,184.0,,300.0,,,,,225.0,,24.0,Average,,Indian,,1,comedy,4,0,4.8,,,,,"trade (Sacnilk/BOI/BH), Wikipedia-checked",
Hindi,2025,Sitaare Zameen Par,india_nett_cr,167.0,,264.0,,,,,90.0,,10.7,Hit,,Indian,,0,drama,5,0,7.5,,,,,"trade (Sacnilk/BOI/BH), Wikipedia-checked",Champions remake
Hindi,2025,Maalik,india_nett_cr,25.0,,35.0,,,,,50.0,,3.35,Flop,,Indian,,0,gangster,3,0,6.9,,,,,"trade (Sacnilk/BOI/BH), Wikipedia-checked",
Hindi,2025,Saiyaara,india_nett_cr,329.0,,570.0,,,,,45.0,,21.5,Blockbuster,,Indian,,0,romance,1,0,7.4,,,,,"trade (Sacnilk/BOI/BH), Wikipedia-checked",Debut leads; word-of-mouth phenomenon
Hindi,2025,Son of Sardaar 2,india_nett_cr,48.5,,70.0,,,,,125.0,,7.25,Flop,,Indian,,1,comedy,4,0,4.5,,,,,"trade (Sacnilk/BOI/BH), Wikipedia-checked",
Hindi,2025,Mahavatar Narsimha (Hindi),india_nett_cr,205.0,,330.0,,,,,40.0,,1.4,Blockbuster,,Indian,,0,mythological,1,0,8.9,,,,,"trade (Sacnilk/BOI/BH), Wikipedia-checked",Animated; Hindi version; grew for a month on word of mouth
Hindi,2025,Dhadak 2,india_nett_cr,24.6,,35.0,,,,,45.0,,3.5,Flop,,Indian,,1,romance,2,0,6.5,,,,,"trade (Sacnilk/BOI/BH), Wikipedia-checked",Pariyerum Perumal remake
Hindi,2025,War 2 (Hindi),india_nett_cr,171.5,,364.0,,,,,400.0,,29.0,Flop,,Indian,,1,action,4,1,5.0,,,,,"trade (Sacnilk/BOI/BH), Wikipedia-checked",Independence Day Thursday; Hindi version (all-language India nett 240)
Hindi,2025,Param Sundari,india_nett_cr,60.5,,90.0,,,,,80.0,,7.25,Flop,,Indian,,0,romance,2,0,5.2,,,,,"trade (Sacnilk/BOI/BH), Wikipedia-checked",
Hindi,2025,Baaghi 4,india_nett_cr,56.5,,80.0,,,,,110.0,,12.0,Flop,,Indian,,1,action,3,0,3.9,,,,,"trade (Sacnilk/BOI/BH), Wikipedia-checked",A certificate
Hindi,2025,Jolly LLB 3,india_nett_cr,117.5,,170.0,,,,,110.0,,12.5,Hit,,Indian,,1,comedy,4,0,6.5,,,,,"trade (Sacnilk/BOI/BH), Wikipedia-checked",
Hindi,2025,Sunny Sanskari Ki Tulsi Kumari,india_nett_cr,52.3,,75.0,,,,,100.0,,9.25,Flop,,Indian,,0,romance,3,1,5.0,,,,,"trade (Sacnilk/BOI/BH), Wikipedia-checked",Gandhi Jayanti/Dussehra Thursday
Hindi,2025,Kantara: Chapter 1 (Hindi),india_nett_cr,120.0,,850.0,,,,,125.0,,18.5,Hit,,Indian,,1,mythological,2,1,7.7,,,,,"trade (Sacnilk/BOI/BH), Wikipedia-checked",Hindi version; budget is total film
Hindi,2025,Thamma,india_nett_cr,128.5,,190.0,,,,,145.0,,24.0,Average,,Indian,,1,horror-comedy,3,1,5.9,,,,,"trade (Sacnilk/BOI/BH), Wikipedia-checked",Diwali Tuesday; Maddock universe
Hindi,2025,Ek Deewane Ki Deewaniyat,india_nett_cr,68.5,,95.0,,,,,35.0,,9.0,Hit,,Indian,,0,romance,2,1,5.8,,,,,"trade (Sacnilk/BOI/BH), Wikipedia-checked",Diwali clash with Thamma
Hindi,2025,De De Pyaar De 2,india_nett_cr,74.5,,105.0,,,,,90.0,,8.75,Average,,Indian,,1,romance,4,0,5.5,,,,,"trade (Sacnilk/BOI/BH), Wikipedia-checked",
Hindi,2025,Tere Ishk Mein,india_nett_cr,86.5,,130.0,,,,,100.0,,16.0,Flop,,Indian,,0,romance,3,0,6.6,,,,,"trade (Sacnilk/BOI/BH), Wikipedia-checked",
Hindi,2025,Dhurandhar,india_nett_cr,500.0,,750.0,,,,,225.0,,28.25,Blockbuster,,Indian,,0,action,4,0,8.5,,,,,"trade (Sacnilk/BOI/BH), Wikipedia-checked",Figures approximate; run continued past data cut-off
Telugu,2016,Janatha Garage,ww_gross_cr,150.0,,150.0,,,,,50.0,,,,highest-grossing,Indian,,0,,,,,,Mythri Movie Makers; Eros International,,,https://en.wikipedia.org/wiki/List_of_highest-grossing_Telugu_films,"ww_gross_cr = worldwide gross (not net), ₹ crore; ranges kept as given. ww_gross_cr from main page 'Highest-grossing films by year' table (₹150 crore). In the main all-time table the film sits in an unranked group (between rank 31 and rank 38) whose merged rank/gross cells were blank in the rendered page. 2016 year-list table: ₹134.80 crore (production from there). Infobox (https://en.wikipedia.org/wiki/Janatha_Garage): budget ₹50 crore, box office est. ₹150 crore. Lead: 'It was the highest-grossing Telugu film of 2016.' No India/distributor figure stated."
Telugu,2016,Sarrainodu,ww_gross_cr,127.6,,127.6,,,,,50.0,,,,highest grossing,Indian,,0,,,,,,Geetha Arts,,,https://en.wikipedia.org/wiki/List_of_highest-grossing_Telugu_films,"ww_gross_cr = worldwide gross (not net), ₹ crore; ranges kept as given. Main table rank 47 ₹127.6 crore; 2016 year list ₹127.60 crore. Infobox (https://en.wikipedia.org/wiki/Sarrainodu): budget ₹50 crore, box office est. ₹127.6 crore. Lead: '2nd highest grossing Telugu film of 2016'. No India/distributor figure."
Telugu,2016,Oopiri,ww_gross_cr,100.0,,100.0,,,,,,,,,,Indian,,0,,,,,,PVP Cinema,,,https://en.wikipedia.org/wiki/List_of_Telugu_films_of_2016,"ww_gross_cr = worldwide gross (not net), ₹ crore; ranges kept as given. Year-list rank 3. Infobox (https://en.wikipedia.org/wiki/Oopiri) has no budget and no box-office field; article body gives only early figures (₹27 crore first week incl. Tamil version Thozha). 'major box office hits' appears only in a cited headline, not article text."
Telugu,2016,Dhruva,ww_gross_cr,87.6,,87.6,,,,,,,,,,Indian,,0,,,,,,Geetha Arts,,,https://en.wikipedia.org/wiki/List_of_Telugu_films_of_2016,"ww_gross_cr = worldwide gross (not net), ₹ crore; ranges kept as given. Year-list rank 4. Infobox (https://en.wikipedia.org/wiki/Dhruva_(2016_film)) has no budget/box-office field; lead gives only first-week ₹85.4 crore worldwide; no verdict words in lead."
Telugu,2016,Nannaku Prematho,ww_gross_cr,87.2,,87.2,,,,,45.0,,,,successful at the box office; commercial success,Indian,,0,,,,,,Sri Venkateswara Cine Chitra; Reliance Entertainment,,,https://en.wikipedia.org/wiki/List_of_Telugu_films_of_2016,"ww_gross_cr = worldwide gross (not net), ₹ crore; ranges kept as given. Year-list rank 5 ₹87.20 crore. Infobox (https://en.wikipedia.org/wiki/Nannaku_Prematho): budget ₹45–50 crore, box office est. ₹87–132 crore. Lead: 'was successful at the box office' and 'The film was a commercial success, grossing ₹87–132 crore worldwide and becoming the third highest-grossing Telugu film of 2016.'"
Telugu,2016,Sardaar Gabbar Singh,ww_gross_cr,85.55,,85.55,,,,,,,,,,Indian,,0,,,,,,North Star Entertainment; Eros International; Pawan Kalyan Creative Works,,,https://en.wikipedia.org/wiki/List_of_Telugu_films_of_2016,"ww_gross_cr = worldwide gross (not net), ₹ crore; ranges kept as given. Year-list rank 6. Not top-5; film article not fetched."
Telugu,2016,Soggade Chinni Nayana,ww_gross_cr,82.46,,82.46,,,,,,,,,,Indian,,0,,,,,,Annapurna Studios,,,https://en.wikipedia.org/wiki/List_of_Telugu_films_of_2016,"ww_gross_cr = worldwide gross (not net), ₹ crore; ranges kept as given. Year-list rank 7. Not top-5; film article not fetched."
Telugu,2016,A Aa,ww_gross_cr,75.4,,75.4,,,,,,,,,,Indian,,0,,,,,,Haarika & Hassine Creations,,,https://en.wikipedia.org/wiki/List_of_Telugu_films_of_2016,"ww_gross_cr = worldwide gross (not net), ₹ crore; ranges kept as given. Year-list rank 8. Not top-5; film article not fetched."
Telugu,2016,Brahmotsavam,ww_gross_cr,63.7,,63.7,,,,,,,,,,Indian,,0,,,,,,PVP Cinema; G. Mahesh Babu Entertainment,,,https://en.wikipedia.org/wiki/List_of_Telugu_films_of_2016,"ww_gross_cr = worldwide gross (not net), ₹ crore; ranges kept as given. Year-list rank 9. Not top-5; film article not fetched."
Telugu,2016,Babu Bangaram,ww_gross_cr,51.0,,51.0,,,,,,,,,,Indian,,0,,,,,,Sithara Entertainments,,,https://en.wikipedia.org/wiki/List_of_Telugu_films_of_2016,"ww_gross_cr = worldwide gross (not net), ₹ crore; ranges kept as given. Year-list rank 10. Not top-5; film article not fetched."
Telugu,2017,Baahubali 2: The Conclusion,ww_gross_cr,1810.6,,1810.6,1429.83,,,,250.0,,,,highest-grossing,Indian,,1,,,,,,Arka Media Works,,,https://en.wikipedia.org/wiki/List_of_highest-grossing_Telugu_films,"ww_gross_cr = worldwide gross (not net), ₹ crore; ranges kept as given. Main table rank 1 ₹1,810.60 crore; 2017 year list identical. india_gross_cr = ₹1,429.83 crore India gross from main page 'India collections' table (column 'Total gross') and article box-office section (overseas ₹380.77 crore). Infobox (https://en.wikipedia.org/wiki/Baahubali_2:_The_Conclusion): budget ₹250 crore. Lead uses 'highest grossing Indian film of all time', 'highest-grossing film in Hindi', 'highest grossing Telugu film'; no explicit hit/blockbuster label quoted. Distributor share not stated."
Telugu,2017,Khaidi No. 150,ww_gross_cr,164.0,,164.0,,,,,50.0,,,,highest-grossing,Indian,,0,,,,,,Konidela Production Company,,,https://en.wikipedia.org/wiki/List_of_highest-grossing_Telugu_films,"ww_gross_cr = worldwide gross (not net), ₹ crore; ranges kept as given. Main table rank 29 ₹164 crore; year list ₹164 crore. Infobox (https://en.wikipedia.org/wiki/Khaidi_No._150): budget ₹50 crore; production also lists Lyca Productions. Lead: 'became the fourth highest-grossing Telugu film, earning over ₹164 crore worldwide.' India/distributor share not stated."
Telugu,2017,DJ: Duvvada Jagannadham,ww_gross_cr,150.0,,150.0,,,,,,,,,highest-grossing,Indian,,0,,,,,,Sri Venkateswara Creations,,,https://en.wikipedia.org/wiki/List_of_Telugu_films_of_2017,"ww_gross_cr = worldwide gross (not net), ₹ crore; ranges kept as given. Year-list rank 3 ₹150 crore. Appears in main all-time table in an unranked group (merged/blank rank and gross cells in rendered page). Infobox (https://en.wikipedia.org/wiki/Duvvada_Jagannadham) has no budget or box-office field. Lead: 'grossed over ₹150 crore, thus becoming one of the highest-grossing Telugu films of 2017.'"
Telugu,2017,Jai Lava Kusa,ww_gross_cr,150.0,175.0,150.0,,,,,45.0,,,,commercial success,Indian,,0,,,,,,N. T. R. Arts,,,https://en.wikipedia.org/wiki/List_of_highest-grossing_Telugu_films,"ww_gross_cr = worldwide gross (not net), ₹ crore; ranges kept as given. Main table rank 31 ₹150–175 crore; 2017 year list gives ₹130.9 crore. Infobox (https://en.wikipedia.org/wiki/Jai_Lava_Kusa): budget ₹45 crore, box office ₹150–175 crore. Lead: 'collected over ₹150-175 crore worldwide and was a commercial success at the box office.' India/distributor share not stated."
Telugu,2017,Katamarayudu,ww_gross_cr,97.5,,97.5,,,,,70.0,,,,,Indian,,0,,,,,,Northstar entertainments,,,https://en.wikipedia.org/wiki/List_of_Telugu_films_of_2017,"ww_gross_cr = worldwide gross (not net), ₹ crore; ranges kept as given. Year-list rank 5. Infobox (https://en.wikipedia.org/wiki/Katamarayudu): budget ₹70 crore, box office est. ₹97.5 crore. No verdict words in lead; the word 'flop' appears only in a cited news headline, not in article text."
Telugu,2017,Spyder,ww_gross_cr,93.0,,93.0,,,,,,,,,,Indian,,0,,,,,,Reliance Entertainment,,,https://en.wikipedia.org/wiki/List_of_Telugu_films_of_2017,"ww_gross_cr = worldwide gross (not net), ₹ crore; ranges kept as given. Year-list rank 6. Not top-5; film article not fetched."
Telugu,2017,Fidaa,ww_gross_cr,90.0,,90.0,,,,,,,,,,Indian,,0,,,,,,Sri Venkateswara Creations,,,https://en.wikipedia.org/wiki/List_of_Telugu_films_of_2017,"ww_gross_cr = worldwide gross (not net), ₹ crore; ranges kept as given. Year-list rank 7. Not top-5; film article not fetched."
Telugu,2017,Gautamiputra Satakarni,ww_gross_cr,78.6,,78.6,,,,,,,,,,Indian,,0,,,,,,First Frame Entertainments,,,https://en.wikipedia.org/wiki/List_of_Telugu_films_of_2017,"ww_gross_cr = worldwide gross (not net), ₹ crore; ranges kept as given. Year-list rank 8. Not top-5; film article not fetched."
Telugu,2017,Middle Class Abbayi,ww_gross_cr,70.0,,70.0,,,,,,,,,,Indian,,0,,,,,,Sri Venkateswara Creations,,,https://en.wikipedia.org/wiki/List_of_Telugu_films_of_2017,"ww_gross_cr = worldwide gross (not net), ₹ crore; ranges kept as given. Year-list rank 9. Not top-5; film article not fetched."
Telugu,2017,Ghazi,ww_gross_cr,62.0,,62.0,,,,,,,,,,Indian,,0,,,,,,PVP Cinema; Matinee Entertainment,,,https://en.wikipedia.org/wiki/List_of_Telugu_films_of_2017,"ww_gross_cr = worldwide gross (not net), ₹ crore; ranges kept as given. Year-list rank 10. Not top-5; film article not fetched."
Telugu,2018,Rangasthalam,ww_gross_cr,216.0,,216.0,,,,,60.0,,,,commercially successful; highest grossing,Indian,,0,,,,,,Mythri Movie Makers,,,https://en.wikipedia.org/wiki/List_of_highest-grossing_Telugu_films,"ww_gross_cr = worldwide gross (not net), ₹ crore; ranges kept as given. Main table rank 21 ₹216 crore; 2018 year list rank 1 ₹216 crore. Infobox (https://en.wikipedia.org/wiki/Rangasthalam): budget ₹60 crore. Lead: 'The film was commercially successful, grossing a total of ₹216 crore'. Box-office section: distributor share ₹123.6 crore and calls it 'the highest grossing Telugu film of that year' (main page by-year table instead lists Bharat Ane Nenu for 2018). India-only gross not stated."
Telugu,2018,Bharat Ane Nenu,ww_gross_cr,149.0,225.0,149.0,,,,,65.0,,,,highest grossing,Indian,,0,,,,,,DVV Entertainments,,,https://en.wikipedia.org/wiki/List_of_highest-grossing_Telugu_films,"ww_gross_cr = worldwide gross (not net), ₹ crore; ranges kept as given. Main table rank 20 ₹149–225 crore; main page by-year table ₹225 crore; 2018 year list ₹187 crore. Infobox (https://en.wikipedia.org/wiki/Bharat_Ane_Nenu): budget ₹65 crore, box office est. ₹225 crore. Lead: 'grossed ₹225 crore world wide, becoming the highest grossing Telugu film of 2018.' India/distributor share not stated."
Telugu,2018,Aravinda Sametha Veera Raghava,ww_gross_cr,190.0,,190.0,,,,,60.0,,,,major commercial success,Indian,,0,,,,,,Haarika & Hassine Creations,,,https://en.wikipedia.org/wiki/List_of_highest-grossing_Telugu_films,"ww_gross_cr = worldwide gross (not net), ₹ crore; ranges kept as given. Main table rank 25 ₹190 crore; 2018 year list ₹168 crore (production spelled 'Haarika & Hassini Creations' there). Infobox (https://en.wikipedia.org/wiki/Aravinda_Sametha_Veera_Raghava): budget ₹60 crore, box office est. ₹190 crore. Lead: 'The film was a major commercial success, opening to ₹60 crore and grossing ₹190 crore worldwide'."
Telugu,2018,Geetha Govindam,ww_gross_cr,132.0,,132.0,,,,,5.0,,,,huge commercial success; All Time Blockbuster,Indian,,0,,,,,,GA2 Pictures,,,https://en.wikipedia.org/wiki/List_of_highest-grossing_Telugu_films,"ww_gross_cr = worldwide gross (not net), ₹ crore; ranges kept as given. Main table rank 44 ₹132 crore; year list ₹132 crore. Infobox (https://en.wikipedia.org/wiki/Geetha_Govindam): budget ₹5 crore. Lead: 'it is a huge commercial success, grossing ₹132 crore on a budget of ₹5 crore.' 'All Time Blockbuster' appears in article body ('Box office verdict was a All Time Blockbuster'), not the lead. India/distributor share not stated."
Telugu,2018,Naa Peru Surya,ww_gross_cr,101.16,,101.16,,,,,,,,,,Indian,,0,,,,,,Ramalakshmi Cine Creations,,,https://en.wikipedia.org/wiki/List_of_Telugu_films_of_2018,"ww_gross_cr = worldwide gross (not net), ₹ crore; ranges kept as given. Year-list rank 5. Article title 'Naa Peru Surya, Naa Illu India' (https://en.wikipedia.org/wiki/Naa_Peru_Surya,_Naa_Illu_India): infobox has no budget/box-office field; lead has no verdict words (only 'mixed' reception)."
Telugu,2018,Agnyaathavaasi,ww_gross_cr,95.0,,95.0,,,,,,,,,,Indian,,0,,,,,,Harika & Hassine Creations,,,https://en.wikipedia.org/wiki/List_of_Telugu_films_of_2018,"ww_gross_cr = worldwide gross (not net), ₹ crore; ranges kept as given. Year-list rank 6. Not top-5; film article not fetched."
Telugu,2018,Mahanati,ww_gross_cr,83.0,,83.0,,,,,,,,,,Indian,,0,,,,,,Vyjayanthi Movies,,,https://en.wikipedia.org/wiki/List_of_Telugu_films_of_2018,"ww_gross_cr = worldwide gross (not net), ₹ crore; ranges kept as given. Year-list rank 7. Not top-5; film article not fetched."
Telugu,2018,Bhaagamathie,ww_gross_cr,67.0,,67.0,,,,,,,,,,Indian,,0,,,,,,UV Creations,,,https://en.wikipedia.org/wiki/List_of_Telugu_films_of_2018,"ww_gross_cr = worldwide gross (not net), ₹ crore; ranges kept as given. Year-list rank 8. Not top-5; film article not fetched."
Telugu,2018,Jai Simha,ww_gross_cr,50.0,,50.0,,,,,,,,,,Indian,,0,,,,,,CK Entertainments,,,https://en.wikipedia.org/wiki/List_of_Telugu_films_of_2018,"ww_gross_cr = worldwide gross (not net), ₹ crore; ranges kept as given. Year-list rank 9. Not top-5; film article not fetched."
Telugu,2018,Devadas,ww_gross_cr,48.2,,48.2,,,,,,,,,,Indian,,0,,,,,,Vyjayanthi Movies,,,https://en.wikipedia.org/wiki/List_of_Telugu_films_of_2018,"ww_gross_cr = worldwide gross (not net), ₹ crore; ranges kept as given. Year-list rank 10. Not top-5; film article not fetched."
Telugu,2019,Saaho,ww_gross_cr,406.0,,406.0,339.25,,,,325.0,,,,underperformed; above average grosser; highest-grossing,Indian,,0,,,,,,UV Creations; T-Series,,,https://en.wikipedia.org/wiki/List_of_highest-grossing_Telugu_films,"ww_gross_cr = worldwide gross (not net), ₹ crore; ranges kept as given. Main all-time table rank 8 ₹406 crore, but the same page's by-year table and the 2019 year list give ₹434–439 crore; infobox est. ₹434 crore; lead ₹419–439 crore. india_gross_cr ₹339.25 crore = India gross from main page 'India collections' table. Infobox (https://en.wikipedia.org/wiki/Saaho): budget ₹325 crore (lead: ₹325–350 crore). Lead: 'The Telugu version of the film underperformed, while the Hindi version became an above average grosser, thus emerging as the highest-grossing South Indian film of 2019'. Multilingual film; figures are all-language."
Telugu,2019,Sye Raa Narasimha Reddy,ww_gross_cr,240.0,,240.0,,,,,200.0,,,,,Indian,,0,,,,,,Konidela Production Company,,,https://en.wikipedia.org/wiki/List_of_highest-grossing_Telugu_films,"ww_gross_cr = worldwide gross (not net), ₹ crore; ranges kept as given. Main table rank 18 ₹240 crore; 2019 year list ₹240.6 crore. Infobox (https://en.wikipedia.org/wiki/Sye_Raa_Narasimha_Reddy): budget ₹200–300 crore; production also lists Excel Entertainment. Lead states gross vs budget but uses no verdict word. India/distributor share not stated."
Telugu,2019,Maharshi,ww_gross_cr,175.0,200.0,175.0,,,,,60.0,,,,highest grossing,Indian,,0,,,,,,Sri Venkateswara Creations; Vyjayanthi Movies; PVP Cinema,,,https://en.wikipedia.org/wiki/List_of_highest-grossing_Telugu_films,"ww_gross_cr = worldwide gross (not net), ₹ crore; ranges kept as given. Main table rank 28 ₹175–200 crore; year list ₹175–200 crore. Infobox (https://en.wikipedia.org/wiki/Maharshi_(2019_film)): budget ₹60 crore. Lead: 'third highest grossing Telugu film of 2019 and one of the highest-grossing Telugu films.' Box-office section: ₹2 billion worldwide, ₹250 million overseas. India/distributor share not stated."
Telugu,2019,F2: Fun and Frustration,ww_gross_cr,127.2,140.0,127.2,,,,,30.0,,,,commercial success; highest grossing,Indian,,0,,,,,,Sri Venkateswara Creations,,,https://en.wikipedia.org/wiki/List_of_highest-grossing_Telugu_films,"ww_gross_cr = worldwide gross (not net), ₹ crore; ranges kept as given. Main table rank 48 ₹127.2–140 crore; 2019 year list ₹129.2 crore. Infobox (https://en.wikipedia.org/wiki/F2:_Fun_and_Frustration): budget ₹30 crore, box office est. ₹127.2–140 crore. Lead: 'commercial success'; box-office section separately claims 'more than ₹185 crore worldwide' (inconsistent with infobox). India opening ₹22 crore only."
Telugu,2019,Vinaya Vidheya Rama,ww_gross_cr,97.9,,97.9,,,,,,,,,box-office bomb,Indian,,0,,,,,,DVV Entertainments,,,https://en.wikipedia.org/wiki/List_of_Telugu_films_of_2019,"ww_gross_cr = worldwide gross (not net), ₹ crore; ranges kept as given. Year-list rank 5 ₹97.90 crore; infobox (https://en.wikipedia.org/wiki/Vinaya_Vidheya_Rama) box office est. ₹94 crore, no budget field. Lead: 'ended up a box-office bomb.'"
Telugu,2019,iSmart Shankar,ww_gross_cr,78.0,85.0,78.0,,,,,,,,,,Indian,,0,,,,,,People's Media Factory; Mama Jagannadh Touring Talkies,,,https://en.wikipedia.org/wiki/List_of_Telugu_films_of_2019,"ww_gross_cr = worldwide gross (not net), ₹ crore; ranges kept as given. Year-list rank 6. Not top-5; film article not fetched."
Telugu,2019,Majili,ww_gross_cr,75.9,,75.9,,,,,,,,,,Indian,,0,,,,,,Shine Screens,,,https://en.wikipedia.org/wiki/List_of_Telugu_films_of_2019,"ww_gross_cr = worldwide gross (not net), ₹ crore; ranges kept as given. Year-list rank 7. Not top-5; film article not fetched."
Telugu,2019,Venky Mama,ww_gross_cr,72.0,,72.0,,,,,,,,,,Indian,,0,,,,,,Suresh Productions,,,https://en.wikipedia.org/wiki/List_of_Telugu_films_of_2019,"ww_gross_cr = worldwide gross (not net), ₹ crore; ranges kept as given. Year-list rank 8. Not top-5; film article not fetched."
Telugu,2019,Prati Roju Pandage,ww_gross_cr,65.0,,65.0,,,,,,,,,,Indian,,0,,,,,,UV Creation; GA2 Pictures,,,https://en.wikipedia.org/wiki/List_of_Telugu_films_of_2019,"ww_gross_cr = worldwide gross (not net), ₹ crore; ranges kept as given. Year-list rank 9. Not top-5; film article not fetched."
Telugu,2019,Jersey,ww_gross_cr,52.0,,52.0,,,,,,,,,,Indian,,0,,,,,,Sithara Entertainments,,,https://en.wikipedia.org/wiki/List_of_Telugu_films_of_2019,"ww_gross_cr = worldwide gross (not net), ₹ crore; ranges kept as given. Year-list rank 10. Not top-5; film article not fetched."
Telugu,2020,Ala Vaikunthapurramuloo,ww_gross_cr,262.0,280.0,262.0,233.35,,,,,,,,commercially successful; highest-grossing,Indian,,0,,,,,,Haarika & Hassine Creations; Geetha Arts,,,https://en.wikipedia.org/wiki/List_of_highest-grossing_Telugu_films,"ww_gross_cr = worldwide gross (not net), ₹ crore; ranges kept as given. Main table rank 16 ₹262–280 crore; 2020 year list ₹280 crore. india_gross_cr ₹233.35 crore = 'domestic box office' gross stated in article box-office section (AP ₹200.85 crore + Karnataka ₹26.39 crore + rest of India ₹6.11 crore); distributor share ₹163.17 crore. Infobox (https://en.wikipedia.org/wiki/Ala_Vaikunthapurramuloo) has no budget field. Lead: 'It was commercially successful ... highest-grossing Telugu film of 2020'."
Telugu,2020,Sarileru Neekevvaru,ww_gross_cr,260.0,,260.0,,,,,75.0,,,,highest-grossing,Indian,,0,,,,,,AK Entertainments; Sri Venkateswara Creations; G. Mahesh Babu Entertainment,,,https://en.wikipedia.org/wiki/List_of_highest-grossing_Telugu_films,"ww_gross_cr = worldwide gross (not net), ₹ crore; ranges kept as given. Main table rank 17 ₹260 crore; 2020 year list ₹260 crore (spelled 'Sarileru Neekevaru' there). Infobox (https://en.wikipedia.org/wiki/Sarileru_Neekevvaru): budget ₹75 crore. Lead: 'second highest-grossing Telugu film of 2020, the fourth highest grossing Telugu film'. India/distributor share not stated."
Telugu,2020,Bheeshma,ww_gross_cr,52.0,,52.0,,,,,,,,,commercial success,Indian,,0,,,,,,Sithara Entertainments,,,https://en.wikipedia.org/wiki/List_of_Telugu_films_of_2020,"ww_gross_cr = worldwide gross (not net), ₹ crore; ranges kept as given. Year-list rank 3. Infobox (https://en.wikipedia.org/wiki/Bheeshma_(2020_film)) has no budget/box-office field. Lead: 'became a commercial success at the box office.'"
Telugu,2020,Disco Raja,ww_gross_cr,30.0,,30.0,,,,,30.0,,,,box-office bomb,Indian,,0,,,,,,SRT Entertainment,,,https://en.wikipedia.org/wiki/List_of_Telugu_films_of_2020,"ww_gross_cr = worldwide gross (not net), ₹ crore; ranges kept as given. Year-list rank 4. Infobox (https://en.wikipedia.org/wiki/Disco_Raja): budget ₹30 crore, no box-office field. Lead: 'the film became a box-office bomb'."
Telugu,2020,Solo Brathuke So Better,ww_gross_cr,21.25,,21.25,,,,,10.0,,,,,Indian,,0,,,,,,Sri Venkateswara Cine Chitra,,,https://en.wikipedia.org/wiki/List_of_Telugu_films_of_2020,"ww_gross_cr = worldwide gross (not net), ₹ crore; ranges kept as given. Year-list rank 5. Infobox (https://en.wikipedia.org/wiki/Solo_Brathuke_So_Better): budget ₹10 crore, no box-office field. No verdict words in lead; body: ₹10.8 crore domestic / ₹12.4 crore worldwide in three days (not final)."
Telugu,2020,World Famous Lover,ww_gross_cr,17.0,,17.0,,,,,,,,,,Indian,,0,,,,,,Creative Commercials,,,https://en.wikipedia.org/wiki/List_of_Telugu_films_of_2020,"ww_gross_cr = worldwide gross (not net), ₹ crore; ranges kept as given. Year-list rank 6. Not top-5; film article not fetched."
Telugu,2020,Jaanu,ww_gross_cr,15.06,,15.06,,,,,,,,,,Indian,,0,,,,,,Sri Venkateshwara Creations,,,https://en.wikipedia.org/wiki/List_of_Telugu_films_of_2020,"ww_gross_cr = worldwide gross (not net), ₹ crore; ranges kept as given. Year-list rank 7. Not top-5; film article not fetched."
Telugu,2020,Aswathama,ww_gross_cr,13.65,,13.65,,,,,,,,,,Indian,,0,,,,,,Ira Creations,,,https://en.wikipedia.org/wiki/List_of_Telugu_films_of_2020,"ww_gross_cr = worldwide gross (not net), ₹ crore; ranges kept as given. Year-list rank 8. Not top-5; film article not fetched."
Telugu,2020,HIT: The First Case,ww_gross_cr,12.6,,12.6,,,,,,,,,,Indian,,0,,,,,,Wall Poster Cinema,,,https://en.wikipedia.org/wiki/List_of_Telugu_films_of_2020,"ww_gross_cr = worldwide gross (not net), ₹ crore; ranges kept as given. Year-list rank 9. Not top-5; film article not fetched."
Telugu,2020,Entha Manchivadavuraa,ww_gross_cr,11.3,,11.3,,,,,,,,,,Indian,,0,,,,,,Aditya Music,,,https://en.wikipedia.org/wiki/List_of_Telugu_films_of_2020,"ww_gross_cr = worldwide gross (not net), ₹ crore; ranges kept as given. Year-list rank 10. Not top-5; film article not fetched."
Telugu,2021,Pushpa: The Rise,ww_gross_cr,360.0,,360.0,346.3,,,,200.0,,,,commercially successful; highest-grossing,Indian,,0,,,,,,Mythri Movie Makers; Muttamsetty Media,,,https://en.wikipedia.org/wiki/List_of_highest-grossing_Telugu_films,"ww_gross_cr = worldwide gross (not net), ₹ crore; ranges kept as given. Main all-time table rank 9 ₹360 crore; same page by-year table ₹360–393.50 crore; 2021 year list ₹370 crore; infobox ₹350–360 crore. india_gross_cr ₹346.30 crore = India gross from main page 'India collections' table. Infobox (https://en.wikipedia.org/wiki/Pushpa:_The_Rise): budget ₹200–250 crore. Lead: 'The film was commercially successful ... highest-grossing Indian film of 2021'. Body: 'netted over ₹200 crore in India in two weeks' (net, not final). Distributor share not stated."
Telugu,2021,Akhanda,ww_gross_cr,150.0,,150.0,,,,,60.0,,,,success; highest-grossing,Indian,,0,,,,,,Dwaraka Creations,,,https://en.wikipedia.org/wiki/List_of_Telugu_films_of_2021,"ww_gross_cr = worldwide gross (not net), ₹ crore; ranges kept as given. Year-list rank 2 ₹150 crore. Appears in main all-time table in an unranked group (merged/blank rank and gross cells in rendered page). Infobox (https://en.wikipedia.org/wiki/Akhanda): budget ₹60–70 crore, box office est. ₹150 crore; body: 'By the end of its run, the film grossed ₹133.20 crores'. Lead: 'The film became a success, grossing over ₹150 crore worldwide, emerging as the third highest-grossing Telugu film of the year'."
Telugu,2021,Vakeel Saab,ww_gross_cr,137.5,,137.5,,,,,80.0,,,,box office hit; highest-grossing,Indian,,0,,,,,,Sri Venkateswara Creations,,,https://en.wikipedia.org/wiki/List_of_highest-grossing_Telugu_films,"ww_gross_cr = worldwide gross (not net), ₹ crore; ranges kept as given. Main table rank 41 ₹137.5 crore; 2021 year list ₹137.65 crore. Infobox (https://en.wikipedia.org/wiki/Vakeel_Saab): budget ₹80 crore; production also lists Bayview Projects. Lead: 'went on to become a box office hit ... second highest-grossing Telugu film of the year'. Box-office section: India NET ₹120 crore (net, so india_gross_cr left null), distributor share ₹86.1 crore."
Telugu,2021,Uppena,ww_gross_cr,100.0,,100.0,,,,,22.0,,,,major commercial success,Indian,,0,,,,,,Mythri Movie Makers; Sukumar Writings,,,https://en.wikipedia.org/wiki/List_of_Telugu_films_of_2021,"ww_gross_cr = worldwide gross (not net), ₹ crore; ranges kept as given. Year-list rank 4. Infobox (https://en.wikipedia.org/wiki/Uppena): budget ₹22 crore, box office est. ₹100 crore. Lead: 'was a major commercial success at the box office.' Body: Indian Express estimated gross ₹100 crore and net profit ₹57 crore; opening-day distributor share ₹10.42 crore."
Telugu,2021,Krack,ww_gross_cr,70.6,,70.6,,,,,,,,,commercial blockbuster; highest-grossing,Indian,,0,,,,,,Saraswathi Films Division,,,https://en.wikipedia.org/wiki/List_of_Telugu_films_of_2021,"ww_gross_cr = worldwide gross (not net), ₹ crore; ranges kept as given. Year-list rank 5. Infobox (https://en.wikipedia.org/wiki/Krack_(film)): no budget field, box office est. ₹70.6 crore. Lead: 'The film was a commercial blockbuster, grossing ₹70.6 crore'. Distributor share ₹36.23 crore."
Telugu,2021,Jathi Ratnalu,ww_gross_cr,70.0,,70.0,,,,,,,,,,Indian,,0,,,,,,Swapna Cinema,,,https://en.wikipedia.org/wiki/List_of_Telugu_films_of_2021,"ww_gross_cr = worldwide gross (not net), ₹ crore; ranges kept as given. Year-list rank 6. Not top-5; film article not fetched. Year-list page text 'proves to be a blockbuster hit' was reported by the fetch but appears to be a citation title, not table text."
Telugu,2021,Love Story,ww_gross_cr,62.0,,62.0,,,,,,,,,,Indian,,0,,,,,,Amigos Creations; Sree Venkateswara Cinemas,,,https://en.wikipedia.org/wiki/List_of_Telugu_films_of_2021,"ww_gross_cr = worldwide gross (not net), ₹ crore; ranges kept as given. Year-list rank 7. Not top-5; film article not fetched."
Telugu,2021,Most Eligible Bachelor,ww_gross_cr,51.0,,51.0,,,,,,,,,,Indian,,0,,,,,,GA2 Pictures,,,https://en.wikipedia.org/wiki/List_of_Telugu_films_of_2021,"ww_gross_cr = worldwide gross (not net), ₹ crore; ranges kept as given. Year-list rank 8. Not top-5; film article not fetched."
Telugu,2021,Shyam Singha Roy,ww_gross_cr,48.0,50.0,48.0,,,,,,,,,,Indian,,0,,,,,,Niharika Entertainment,,,https://en.wikipedia.org/wiki/List_of_Telugu_films_of_2021,"ww_gross_cr = worldwide gross (not net), ₹ crore; ranges kept as given. Year-list rank 9. Not top-5; film article not fetched."
Telugu,2021,Red,ww_gross_cr,35.64,,35.64,,,,,,,,,,Indian,,0,,,,,,Sri Sravanthi Movies,,,https://en.wikipedia.org/wiki/List_of_Telugu_films_of_2021,"ww_gross_cr = worldwide gross (not net), ₹ crore; ranges kept as given. Year-list rank 10. Not top-5; film article not fetched."
Telugu,2022,RRR,ww_gross_cr,1300.0,1387.0,1300.0,944.0,,,,550.0,,,,highest-grossing; massive box office success,Indian,,0,,,,,,DVV Entertainment,,,https://en.wikipedia.org/wiki/List_of_highest-grossing_Telugu_films,"ww_gross_cr = worldwide gross (not net), ₹ crore; ranges kept as given. Main table rank 3 ₹1,300–1,387 crore; 2022 year list ₹1,387.26 crore. india_gross_cr ₹944 crore = India gross from main page 'India collections' table. Infobox (https://en.wikipedia.org/wiki/RRR_(film)): budget ₹550 crore. Lead: 'sixth highest-grossing Indian film, the third highest-grossing Telugu film and the highest grossing Indian film of 2022'. 'massive box office success' is from prose on the 2022 year-list page ('RRR was a massive box office success, earning over ₹1200 crore globally'). Distributor share not stated."
Telugu,2022,Sarkaru Vaari Paata,ww_gross_cr,180.0,230.0,180.0,,,,,,,,,highest-grossing,Indian,,0,,,,,,Mythri Movie Makers; 14 Reels Plus; G. Mahesh Babu Entertainment,,,https://en.wikipedia.org/wiki/List_of_highest-grossing_Telugu_films,"ww_gross_cr = worldwide gross (not net), ₹ crore; ranges kept as given. Main table rank 27 ₹180–230 crore; 2022 year list ₹180–200 crore; infobox est. ₹170 crore; box-office section ₹185 crore. Infobox (https://en.wikipedia.org/wiki/Sarkaru_Vaari_Paata) has no budget field. Lead: 'second highest-grossing Telugu film of 2022'. Distributor share ₹121.22 crore (estimate)."
Telugu,2022,Radhe Shyam,ww_gross_cr,140.0,214.0,140.0,,,,,200.0,,,,highest-grossing; box-office bomb,Indian,,0,,,,,,UV Creations; T-Series Films,,,https://en.wikipedia.org/wiki/List_of_highest-grossing_Telugu_films,"ww_gross_cr = worldwide gross (not net), ₹ crore; ranges kept as given. Main table rank 39 ₹140–214 crore; 2022 year list ₹170–214 crore. Infobox (https://en.wikipedia.org/wiki/Radhe_Shyam): budget ₹200–350 crore. Lead: 'third highest-grossing Telugu film of the year' and 'owing to its huge budget ... the film ended up as a box-office bomb.' Multilingual film; India/distributor share not stated."
Telugu,2022,Bheemla Nayak,ww_gross_cr,160.0,,160.0,,,,,75.0,,,,,Indian,,0,,,,,,Sithara Entertainments,,,https://en.wikipedia.org/wiki/List_of_highest-grossing_Telugu_films,"ww_gross_cr = worldwide gross (not net), ₹ crore; ranges kept as given. Main table rank 30 ₹160 crore; 2022 year list ₹160–192.37 crore. Infobox (https://en.wikipedia.org/wiki/Bheemla_Nayak): budget ₹75 crore, no box-office field. No verdict words in lead (only 'best post-pandemic opener'). Body: ₹192 crore worldwide in 20 days; India net ₹40 crore opening day; distributor share ₹92.25 crore after 10 days (not final)."
Telugu,2022,F3: Fun and Frustration,ww_gross_cr,134.0,,134.0,,,,,,,,,commercial success,Indian,,0,,,,,,Sri Venkateswara Creations,,,https://en.wikipedia.org/wiki/List_of_Telugu_films_of_2022,"ww_gross_cr = worldwide gross (not net), ₹ crore; ranges kept as given. Year-list rank 5 ₹134 crore. Infobox (https://en.wikipedia.org/wiki/F3:_Fun_and_Frustration) has no budget/box-office field. Lead: 'emerged to be a commercial success' but states ₹900 million worldwide (= ₹90 crore), while box-office section says total ₹134 crore worldwide; first-week distributor share ₹48.17 crore."
Telugu,2022,Karthikeya 2,ww_gross_cr,121.5,,121.5,,,,,,,,,,Indian,,1,,,,,,Abhishek Agarwal Arts; People Media Factory,,,https://en.wikipedia.org/wiki/List_of_Telugu_films_of_2022,"ww_gross_cr = worldwide gross (not net), ₹ crore; ranges kept as given. Year-list rank 6. Not top-5; film article not fetched."
Telugu,2022,Dhamaka,ww_gross_cr,110.0,,110.0,,,,,,,,,,Indian,,0,,,,,,People Media Factory; Abhishek Agarwal Arts,,,https://en.wikipedia.org/wiki/List_of_Telugu_films_of_2022,"ww_gross_cr = worldwide gross (not net), ₹ crore; ranges kept as given. Year-list rank 7. Not top-5; film article not fetched."
Telugu,2022,Godfather,ww_gross_cr,108.7,,108.7,,,,,,,,,,Indian,,0,,,,,,Konidela Production Company,,,https://en.wikipedia.org/wiki/List_of_Telugu_films_of_2022,"ww_gross_cr = worldwide gross (not net), ₹ crore; ranges kept as given. Year-list rank 8. Not top-5; film article not fetched."
Telugu,2022,Sita Ramam,ww_gross_cr,94.0,,94.0,,,,,,,,,,Indian,,0,,,,,,Vyjayanthi Movies; Swapna Cinema,,,https://en.wikipedia.org/wiki/List_of_Telugu_films_of_2022,"ww_gross_cr = worldwide gross (not net), ₹ crore; ranges kept as given. Year-list rank 9. Not top-5; film article not fetched."
Telugu,2022,Acharya,ww_gross_cr,76.0,,76.0,,,,,,,,,,Indian,,0,,,,,,Konidela Production Company; Matinee Entertainment,,,https://en.wikipedia.org/wiki/List_of_Telugu_films_of_2022,"ww_gross_cr = worldwide gross (not net), ₹ crore; ranges kept as given. Year-list rank 10. Not top-5; film article not fetched."
Telugu,2023,Salaar: Part 1 – Ceasefire,ww_gross_cr,614.0,702.0,614.0,475.1,,,,270.0,,,,commercial success; highest-grossing,Indian,,1,,,,,,Hombale Films,,,https://en.wikipedia.org/wiki/List_of_highest-grossing_Telugu_films,"ww_gross_cr = worldwide gross (not net), ₹ crore; ranges kept as given. Main table rank 5 ₹614–702 crore; 2023 year list ₹614–700 crore. india_gross_cr ₹475.1 crore = India gross from main page 'India collections' table. Infobox (https://en.wikipedia.org/wiki/Salaar:_Part_1_–_Ceasefire): budget ₹270 crore. Lead: 'It was a commercial success, earning an estimated ₹614 – ₹702 crore on a ₹270 crore budget ... highest-grossing Telugu film of 2023'. Distributor share not stated."
Telugu,2023,Adipurush,ww_gross_cr,353.0,,353.0,305.0,,,,500.0,,,,box office bomb; highest grossing,Indian,,0,,,,,,T-Series Films; Retrophiles,,,https://en.wikipedia.org/wiki/List_of_highest-grossing_Telugu_films,"ww_gross_cr = worldwide gross (not net), ₹ crore; ranges kept as given. Main table rank 10 ₹353 crore; 2023 year list ₹392.70 crore; infobox ₹353.50 crore. india_gross_cr ₹305 crore = India gross from main page 'India collections' table (that table shows year 2024 for it, apparently an error; release 16 June 2023). Infobox (https://en.wikipedia.org/wiki/Adipurush): budget est. ₹500–700 crore. Lead: 'It emerged as a box office bomb, though it became the second-highest grossing Telugu film of 2023.' Body: ₹388.35 crore worldwide / distributors' share ₹191.42 crore after 14 days; trade dispute over figures. Multilingual (Hindi-Telugu) film."
Telugu,2023,Waltair Veerayya,ww_gross_cr,236.15,,236.15,,,,,140.0,,,,commercially successful; highest-grossing,Indian,,0,,,,,,Mythri Movie Makers,,,https://en.wikipedia.org/wiki/List_of_highest-grossing_Telugu_films,"ww_gross_cr = worldwide gross (not net), ₹ crore; ranges kept as given. Main table rank 19 ₹236.15 crore; 2023 year list ₹236 crore. Infobox (https://en.wikipedia.org/wiki/Waltair_Veerayya): budget ₹140 crore. Lead: 'The film became commercially successful at the box office, thus becoming the third highest-grossing Telugu film of 2023.' India/distributor share not stated."
Telugu,2023,Veera Simha Reddy,ww_gross_cr,134.0,,134.0,,,,,70.0,,,,performed well,Indian,,0,,,,,,Mythri Movie Makers,,,https://en.wikipedia.org/wiki/List_of_highest-grossing_Telugu_films,"ww_gross_cr = worldwide gross (not net), ₹ crore; ranges kept as given. Main table rank 43 ₹134 crore; year list ₹134 crore. Infobox (https://en.wikipedia.org/wiki/Veera_Simha_Reddy): budget est. ₹70–90 crore. Lead: 'received negative reviews ... but performed well at the box-office, grossing over ₹134 crore worldwide.' Distributor share ₹79.82 crore."
Telugu,2023,Bhagavanth Kesari,ww_gross_cr,138.0,,138.0,,,,,65.0,,,,,Indian,,0,,,,,,Shine Screens,,,https://en.wikipedia.org/wiki/List_of_highest-grossing_Telugu_films,"ww_gross_cr = worldwide gross (not net), ₹ crore; ranges kept as given. Main table rank 40 ₹138 crore; 2023 year list ₹132 crore (production spelled 'Shine Screen' there); infobox est. ₹130 crore. Infobox (https://en.wikipedia.org/wiki/Bhagavanth_Kesari): budget est. ₹65 crore. No verdict words in lead."
Telugu,2023,Dasara,ww_gross_cr,121.0,,121.0,,,,,,,,,,Indian,,0,,,,,,Sri Lakshmi Venkateswara Cinemas,,,https://en.wikipedia.org/wiki/List_of_Telugu_films_of_2023,"ww_gross_cr = worldwide gross (not net), ₹ crore; ranges kept as given. Year-list rank 6. Not top-5; film article not fetched."
Telugu,2023,Sir,ww_gross_cr,118.0,,118.0,,,,,,,,,,Indian,,0,,,,,,Sithara Entertainments; Fortune Four Cinemas; Srikara Studios,,,https://en.wikipedia.org/wiki/List_of_Telugu_films_of_2023,"ww_gross_cr = worldwide gross (not net), ₹ crore; ranges kept as given. Year-list rank 7 (Telugu-Tamil bilingual; Tamil title Vaathi). Not top-5; film article not fetched."
Telugu,2023,Bro,ww_gross_cr,115.5,,115.5,,,,,,,,,,Indian,,0,,,,,,People Media Factory; Zee Studios,,,https://en.wikipedia.org/wiki/List_of_Telugu_films_of_2023,"ww_gross_cr = worldwide gross (not net), ₹ crore; ranges kept as given. Year-list rank 8. Not top-5; film article not fetched."
Telugu,2023,Virupaksha,ww_gross_cr,90.0,103.0,90.0,,,,,,,,,,Indian,,0,,,,,,Sri Venkateswara Cine Chitra; Sukumar Writings,,,https://en.wikipedia.org/wiki/List_of_Telugu_films_of_2023,"ww_gross_cr = worldwide gross (not net), ₹ crore; ranges kept as given. Year-list rank 9. Not top-5; film article not fetched."
Telugu,2023,Baby,ww_gross_cr,85.0,,85.0,,,,,,,,,,Indian,,0,,,,,,Mass Movie Makers,,,https://en.wikipedia.org/wiki/List_of_Telugu_films_of_2023,"ww_gross_cr = worldwide gross (not net), ₹ crore; ranges kept as given. Year-list rank 10. Not top-5; film article not fetched."
Telugu,2024,Pushpa 2: The Rule,ww_gross_cr,1642.0,1800.0,1642.0,1381.0,,,,400.0,,,,major commercial success; highest-grossing,Indian,,1,,,,,,Mythri Movie Makers; Sukumar Writings,,,https://en.wikipedia.org/wiki/List_of_highest-grossing_Telugu_films,"ww_gross_cr = worldwide gross (not net), ₹ crore; ranges kept as given. Main table rank 2 ₹1,642–1,800 crore; 2024 year list identical. india_gross_cr ₹1,381 crore = India gross from main page 'India collections' table; film article says ₹1408.81 crore in India as of 13 Jan 2025. Infobox (https://en.wikipedia.org/wiki/Pushpa_2:_The_Rule): budget ₹400–500 crore. Lead: 'The film was a major commercial success ... highest-grossing film in India'. Distributor share not stated."
Telugu,2024,Kalki 2898 AD,ww_gross_cr,1042.0,1100.0,1042.0,776.0,,,,600.0,,,,highest-grossing,Indian,,0,,,,,,Vyjayanthi Movies,,,https://en.wikipedia.org/wiki/List_of_highest-grossing_Telugu_films,"ww_gross_cr = worldwide gross (not net), ₹ crore; ranges kept as given. Main table rank 4 ₹1,042–1,100 crore; 2024 year list ₹1,042–1,200 crore; article box-office section est. ₹1,180 crore. india_gross_cr ₹776 crore = India gross from main page 'India collections' table. Infobox (https://en.wikipedia.org/wiki/Kalki_2898_AD): budget ₹600 crore. Lead: 'second highest-grossing Indian film of 2024, the fourth highest-grossing Telugu film'; no hit/flop label. Distributor share not stated."
Telugu,2024,Devara: Part 1,ww_gross_cr,509.0,521.0,509.0,347.0,,,,250.0,,,,commercial success,Indian,,1,,,,,,Yuvasudha Arts; N. T. R. Arts,,,https://en.wikipedia.org/wiki/List_of_highest-grossing_Telugu_films,"ww_gross_cr = worldwide gross (not net), ₹ crore; ranges kept as given. Main table rank 7 ₹509–521 crore; 2024 year list identical; infobox est. ₹428–521 crore; lead says ₹428 crore; DNA reported ₹420 crore final. india_gross_cr ₹347 crore = India gross from main page 'India collections' table. Infobox (https://en.wikipedia.org/wiki/Devara:_Part_1): budget est. ₹250–300 crore; production also lists Dharma Productions. Lead: 'it was a commercial success grossing ₹428 crore on a budget of ₹250–300 crore'."
Telugu,2024,Hanu-Man,ww_gross_cr,298.0,350.0,298.0,,,,,40.0,,,,highest-grossing,Indian,,0,,,,,,PrimeShow Entertainment,,,https://en.wikipedia.org/wiki/List_of_highest-grossing_Telugu_films,"ww_gross_cr = worldwide gross (not net), ₹ crore; ranges kept as given. Main table rank 13 ₹298–350 crore; 2024 year list identical. Infobox (https://en.wikipedia.org/wiki/Hanu-Man): budget ₹40 crore. Lead: 'broke several box-office records ... fourth highest-grossing Telugu film of 2024 ... eleventh highest-grossing Telugu film of all time'. India ₹132.05 crore in 10 days only (not final, so null). Distributor share not stated."
Telugu,2024,Guntur Kaaram,ww_gross_cr,184.0,,184.0,142.0,,,,200.0,,,,below-average grosser,Indian,,0,,,,,,Haarika & Hassine Creations,,,https://en.wikipedia.org/wiki/List_of_highest-grossing_Telugu_films,"ww_gross_cr = worldwide gross (not net), ₹ crore; ranges kept as given. Main table rank 26 ₹184 crore; 2024 year list ₹184–212 crore; infobox ₹172–212 crore. india_gross_cr ₹142 crore = 'gross of ₹142 crore in India' per article box-office section. Infobox (https://en.wikipedia.org/wiki/Guntur_Kaaram): budget ₹200 crore. Lead: 'grossed around 172-212 crores worldwide against its budget of ₹200 crores, becoming a below-average grosser.' Distributor share not stated."
Telugu,2024,Tillu Square,ww_gross_cr,135.0,,135.0,,,,,,,,,,Indian,,0,,,,,,Sithara Entertainments; Fortune Four Cinemas,,,https://en.wikipedia.org/wiki/List_of_highest-grossing_Telugu_films,"ww_gross_cr = worldwide gross (not net), ₹ crore; ranges kept as given. Main table rank 42 ₹135 crore; 2024 year list rank 6 ₹135 crore. Not top-5; film article not fetched."
Telugu,2024,Lucky Baskhar,ww_gross_cr,106.75,,106.75,,,,,,,,,,Indian,,0,,,,,,Sithara Entertainments; Fortune Four Cinemas,,,https://en.wikipedia.org/wiki/List_of_Telugu_films_of_2024,"ww_gross_cr = worldwide gross (not net), ₹ crore; ranges kept as given. Year-list rank 7. Not top-5; film article not fetched."
Telugu,2024,Saripodhaa Sanivaaram,ww_gross_cr,100.0,,100.0,,,,,,,,,,Indian,,0,,,,,,DVV Entertainment,,,https://en.wikipedia.org/wiki/List_of_Telugu_films_of_2024,"ww_gross_cr = worldwide gross (not net), ₹ crore; ranges kept as given. Year-list rank 8. Not top-5; film article not fetched."
Telugu,2024,KA,ww_gross_cr,50.0,,50.0,,,,,,,,,,Indian,,0,,,,,,Srichakraas Entertainments; KA Productions,,,https://en.wikipedia.org/wiki/List_of_Telugu_films_of_2024,"ww_gross_cr = worldwide gross (not net), ₹ crore; ranges kept as given. Year-list rank 9. Not top-5; film article not fetched."
Telugu,2024,Naa Saami Ranga,ww_gross_cr,38.0,,38.0,,,,,,,,,,Indian,,0,,,,,,Srinivasa Silver Screen,,,https://en.wikipedia.org/wiki/List_of_Telugu_films_of_2024,"ww_gross_cr = worldwide gross (not net), ₹ crore; ranges kept as given. Year-list rank 10. Not top-5; film article not fetched."
Telugu,2025,They Call Him OG,ww_gross_cr,293.65,300.0,293.65,,,,,200.0,,,,highest grossing,Indian,,0,,,,,,DVV Entertainment,,,https://en.wikipedia.org/wiki/List_of_highest-grossing_Telugu_films,"ww_gross_cr = worldwide gross (not net), ₹ crore; ranges kept as given. Main table rank 14 ₹293.65–300 crore; main page by-year table identical; 2025 year list ₹293–300 crore. Infobox (https://en.wikipedia.org/wiki/They_Call_Him_OG): budget ₹200–250 crore. Lead: 'ninth-highest grossing Indian film of 2025 and the highest grossing Telugu film of 2025'; no hit/flop label. Body: producer claimed ₹308 crore in 21 days. India/distributor share not stated."
Telugu,2025,Sankranthiki Vasthunam,ww_gross_cr,275.0,300.0,275.0,,,,,50.0,,,,massive box office success; highest grossing,Indian,,0,,,,,,Sri Venkateswara Creations,,,https://en.wikipedia.org/wiki/List_of_highest-grossing_Telugu_films,"ww_gross_cr = worldwide gross (not net), ₹ crore; ranges kept as given. Main table rank 15 ₹275–300 crore; 2025 year list and infobox ₹258–300 crore. Infobox (https://en.wikipedia.org/wiki/Sankranthiki_Vasthunam): budget ₹50 crore. Lead: 'It was a massive box office success, grossing over ₹258–300 crore worldwide and emerged as the second-highest grossing Telugu film of the year.'"
Telugu,2025,Game Changer,ww_gross_cr,195.0,,195.0,,,,,350.0,,,,box office failure,Indian,,0,,,,,,Sri Venkateswara Creations,,,https://en.wikipedia.org/wiki/List_of_highest-grossing_Telugu_films,"ww_gross_cr = worldwide gross (not net), ₹ crore; ranges kept as given. Main table rank 24 ₹195 crore; 2025 year list ₹195 crore. Infobox (https://en.wikipedia.org/wiki/Game_Changer_(film)): budget ₹350–500 crore, box office est. ₹195 crore. Lead: 'it emerged as Shankar's second major box office failure'. India/distributor share not stated."
Telugu,2025,Mirai,ww_gross_cr,141.0,150.0,141.0,,,,,60.0,,,,commercial success; highest grossing,Indian,,0,,,,,,People Media Factory,,,https://en.wikipedia.org/wiki/List_of_highest-grossing_Telugu_films,"ww_gross_cr = worldwide gross (not net), ₹ crore; ranges kept as given. Main table rank 38 ₹141–150 crore (infobox same); 2025 year list gives ₹190 crore. Infobox (https://en.wikipedia.org/wiki/Mirai_(2025_film)): budget ₹60 crore; production also lists Dharma Productions. Lead: 'emerged as a commercial success at the box office and emerged as fourth-highest grossing Telugu film of 2025.'"
Telugu,2025,Kuberaa,ww_gross_cr,132.0,,132.0,,,,,120.0,,,,box office success; box office failure,Indian,,0,,,,,,Sree Venkateswara Cinemas LLP; Amigos Creations,,,https://en.wikipedia.org/wiki/List_of_Telugu_films_of_2025,"ww_gross_cr = worldwide gross (not net), ₹ crore; ranges kept as given. Year-list rank 5 ₹132 crore, marked '#' = multilingual film, figure includes all-language worldwide collection; infobox est. ₹115–132 crore. Infobox (https://en.wikipedia.org/wiki/Kuberaa): budget est. ₹120–150 crore. Lead: 'The film was a box office success in Telugu but a box office failure in Tamil, grossing ₹115–132 crore.' India ₹78 crore by end of first week only (not final)."
Telugu,2025,Hari Hara Veera Mallu,ww_gross_cr,130.16,,130.16,,,,,,,,,,Indian,,0,,,,,,Mega Surya Production,,,https://en.wikipedia.org/wiki/List_of_Telugu_films_of_2025,"ww_gross_cr = worldwide gross (not net), ₹ crore; ranges kept as given. Year-list rank 6. Not top-5; film article not fetched."
Telugu,2025,Daaku Maharaaj,ww_gross_cr,130.0,,130.0,,,,,,,,,,Indian,,0,,,,,,Sithara Entertainments; Fortune Four Cinemas; Srikara Studios,,,https://en.wikipedia.org/wiki/List_of_highest-grossing_Telugu_films,"ww_gross_cr = worldwide gross (not net), ₹ crore; ranges kept as given. Main table rank 45 ₹130 crore; 2025 year list rank 7 ₹125 crore. Not top-5; film article not fetched."
Telugu,2025,HIT: The Third Case,ww_gross_cr,120.0,,120.0,,,,,,,,,,Indian,,0,,,,,,Wall Poster Cinema; Unanimous Productions,,,https://en.wikipedia.org/wiki/List_of_Telugu_films_of_2025,"ww_gross_cr = worldwide gross (not net), ₹ crore; ranges kept as given. Year-list rank 8. Not top-5; film article not fetched."
Telugu,2025,Akhanda 2: Thaandavam,ww_gross_cr,128.0,,128.0,,,,,,,,,,Indian,,1,,,,,,14 Reels Plus; IVY Entertainment,,,https://en.wikipedia.org/wiki/List_of_highest-grossing_Telugu_films,"ww_gross_cr = worldwide gross (not net), ₹ crore; ranges kept as given. Main table rank 46 ₹128 crore; 2025 year list rank 9 ₹115 crore. Not top-5; film article not fetched."
Telugu,2025,Thandel,ww_gross_cr,100.0,,100.0,,,,,,,,,,Indian,,0,,,,,,Geetha Arts,,,https://en.wikipedia.org/wiki/List_of_Telugu_films_of_2025,"ww_gross_cr = worldwide gross (not net), ₹ crore; ranges kept as given. Year-list rank 10. Not top-5; film article not fetched."
Tamil,2016,Kabali,ww_gross_cr,320.0,,320.0,185.0,,,,100.0,,,,highest-grossing Tamil film at the time; highest grossing Tamil movie of 2016; mixed reviews,Indian,,0,,,,,,V Creations,,,https://en.wikipedia.org/wiki/List_of_Tamil_films_of_2016,"Year table (rank 1): '₹320+ crore' worldwide gross; production company 'V. Creations'; distributors Gemini Film Circuit, Maxlab Cinemas and Entertainments, Fox Star Studios, Malik Stream Corporation. All-time list rank 11: ₹320 crore; all-time 'By year of release' table gives ₹305 crore for 2016 (discrepancy on same page). Film article https://en.wikipedia.org/wiki/Kabali: infobox Budget '₹100 crore', Box office '₹320 crore'. India figure = 'total domestic collection of ₹185 crore' (Box office section; labelled 'collection', gross/net not specified). Final worldwide per Box Office India: ₹320 crore."
Tamil,2016,Theri,ww_gross_cr,150.0,,150.0,,,,,75.0,,,,second highest-grossing Tamil film of 2016; positive reviews,Indian,,0,,,,,,V Creations,,,https://en.wikipedia.org/wiki/List_of_Tamil_films_of_2016,"Year table (rank 2): '₹150 crore' worldwide gross (page adds inflation-adjusted '₹177 crore in 2023'); nominal used. Film article https://en.wikipedia.org/wiki/Theri_(film): infobox Budget '₹75 crore', Box office '₹150 crore'; lead: 'grossed ₹150 crore against a budget of ₹75 crore'. No final India total; only opening-day domestic ₹18.1 crore. Gross/net not specified."
Tamil,2016,24,ww_gross_cr,108.9,,108.9,,,,,70.0,,,,critical and commercial success,Indian,,0,,,,,,2D Entertainment,,,https://en.wikipedia.org/wiki/List_of_Tamil_films_of_2016,"Year table (rank 3): '₹108.90 crore' worldwide gross; distributor Eros International. Film article https://en.wikipedia.org/wiki/24_(2016_film): infobox Budget '₹70 crore', Box office 'est. ₹100 crore' (differs from year table). No final India total; first-weekend India ~₹50 crore only."
Tamil,2016,Iru Mugan,ww_gross_cr,95.0,,95.0,,,,,40.0,,,,commercial success; positive reviews,Indian,,0,,,,,,Thameens Films,,,https://en.wikipedia.org/wiki/List_of_Tamil_films_of_2016,"Year table (rank 4): '₹95 crore' worldwide gross; distributors Auraa Cinemas, Thameens Release. Film article https://en.wikipedia.org/wiki/Iru_Mugan: infobox Budget '₹40 crore', Box office '₹95 crore'; no Box office section, no India breakdown."
Tamil,2016,Kaashmora,ww_gross_cr,92.0,,92.0,,,,,60.0,,,,,Indian,,0,,,,,,Dream Warrior Pictures,,,https://en.wikipedia.org/wiki/List_of_Tamil_films_of_2016,"Year table (rank 5) displays the title as 'K: The Deadly Spirit' (unlinked); identified as Kaashmora (2016) because production company Dream Warrior Pictures, distributor (Sri) Thenandal Films and year match and the film article gives the translation 'Deadly spirit'. Year table: '₹92 crore' worldwide gross. Film article https://en.wikipedia.org/wiki/Kaashmora: infobox Budget '₹60 crore'; Box office absent from infobox; lead contains no box-office verdict; Box office section only has early figures (₹26 crore worldwide in two days)."
Tamil,2016,Thodari,ww_gross_cr,80.0,,80.0,,,,,,,,,,Indian,,0,,,,,,Sathya Jyothi Films,,,https://en.wikipedia.org/wiki/List_of_Tamil_films_of_2016,Year table rank 6: '₹80 crore' worldwide gross (page also shows an inflation-adjusted 2023 equivalent; nominal used). Rank 6+ in year table; film article not fetched (budget/verdict/India not collected).
Tamil,2016,Rajini Murugan,ww_gross_cr,68.0,,68.0,,,,,,,,,,Indian,,0,,,,,,Thirupathi Brothers,,,https://en.wikipedia.org/wiki/List_of_Tamil_films_of_2016,Year table rank 7: '₹68 crore' worldwide gross (page also shows an inflation-adjusted 2023 equivalent; nominal used). Rank 6+ in year table; film article not fetched (budget/verdict/India not collected).
Tamil,2016,Aranmanai 2,ww_gross_cr,40.0,,40.0,,,,,,,,,,Indian,,1,,,,,,Avni Cinemax,,,https://en.wikipedia.org/wiki/List_of_Tamil_films_of_2016,Year table rank 8: '₹40 crore' worldwide gross (page also shows an inflation-adjusted 2023 equivalent; nominal used). Rank 6+ in year table; film article not fetched (budget/verdict/India not collected).
Tamil,2016,Pichaikkaran,ww_gross_cr,35.0,,35.0,,,,,,,,,,Indian,,0,,,,,,Vijay Antony Film Corporation,,,https://en.wikipedia.org/wiki/List_of_Tamil_films_of_2016,Year table rank 9: '₹35 crore' worldwide gross (page also shows an inflation-adjusted 2023 equivalent; nominal used). Rank 6+ in year table; film article not fetched (budget/verdict/India not collected).
Tamil,2016,Dharma Durai,ww_gross_cr,30.0,,30.0,,,,,,,,,,Indian,,0,,,,,,Studio 9,,,https://en.wikipedia.org/wiki/List_of_Tamil_films_of_2016,Year table rank 10: '₹30 crore' worldwide gross (page also shows an inflation-adjusted 2023 equivalent; nominal used). Rank 6+ in year table; film article not fetched (budget/verdict/India not collected).
Tamil,2017,Mersal,ww_gross_cr,230.0,,230.0,164.0,,,,,,,,commercial success; highest-grossing film in Vijay's career at that time; one of the highest-grossing Tamil films,Indian,,0,,,,,,Thenandal Studio Limited,,,https://en.wikipedia.org/wiki/List_of_Tamil_films_of_2017,"Year table (rank 1): '₹230 crore' worldwide gross; the 2017 table's company column is labelled 'Distributor' (value 'Thenandal Studio Limited'); film infobox Production company also 'Thenandal Studio Limited'. All-time list rank 18: ₹250 crore; all-time 'By year' table: ₹220 crore (discrepancies). Film article https://en.wikipedia.org/wiki/Mersal_(film): infobox Budget absent (budget_cr null); Box office '₹200 crore–₹260 crore worldwide'. India figure: Box office section says the film 'reportedly collected ... tallying ₹164 crore domestically and ₹260 crore worldwide' (labelled 'collected', gross/net not specified); an earlier line gives ₹130 crore domestically in 12 days."
Tamil,2017,Vivegam,ww_gross_cr,123.0,,123.0,,,,,100.0,,,,average grosser at the box office; mixed reviews,Indian,,0,,,,,,Sathya Jyothi Films,,,https://en.wikipedia.org/wiki/List_of_Tamil_films_of_2017,"Year table (rank 2): '₹123 crore' worldwide gross (company column labelled 'Distributor'). Film article https://en.wikipedia.org/wiki/Vivegam: infobox Budget '₹100–130 crore' (low end recorded), Box office 'est. ₹168.2 crore' (differs from year table). No India total."
Tamil,2017,Bairavaa,ww_gross_cr,114.0,,114.0,,,,,60.0,,,,mixed to positive reviews,Indian,,0,,,,,,Vijaya Productions,,,https://en.wikipedia.org/wiki/List_of_Tamil_films_of_2017,"Year table (rank 3): '₹114 crore' worldwide gross (company column labelled 'Distributor'). Film article https://en.wikipedia.org/wiki/Bairavaa: infobox Budget '₹60 crore', Box office '₹100 crore' (differs); distributed by Sri Green Productions. Lead has no box-office verdict, only reception wording. No Box office section."
Tamil,2017,Si3 (Singam 3),ww_gross_cr,110.0,,110.0,,,,,,,,,mixed reviews,Indian,,1,,,,,,Studio Green; Pen Movies; Aadnah Arts,,,https://en.wikipedia.org/wiki/List_of_Tamil_films_of_2017,"Year table (rank 4) title 'Singam 3', company column ('Distributor') = 'Reliance Entertainment'; '₹110 crore' worldwide gross. Film article https://en.wikipedia.org/wiki/Si3_(film): infobox Budget absent; Box office '₹115 crore'; production companies Studio Green, Pen Movies, Aadnah Arts; distributed by Pen India Limited; lead: 'grossed ₹110 crore at the box office'. Opening-day domestic ₹20 crore only; no final India total."
Tamil,2017,Theeran Adhigaaram Ondru,ww_gross_cr,78.0,,78.0,,,,,,,,,major commercial success,Indian,,0,,,,,,Dream Warrior Pictures,,,https://en.wikipedia.org/wiki/List_of_Tamil_films_of_2017,Year table (rank 5): '₹78 crore (US$8.75 million)' worldwide gross (company column labelled 'Distributor'). Film article https://en.wikipedia.org/wiki/Theeran_Adhigaaram_Ondru: infobox Budget absent; Box office '₹96 crore'; body says 'earned ₹97 crore' at end of run (differs from year table); distributed by Reliance Entertainment. No India total.
Tamil,2017,Vikram Vedha,ww_gross_cr,60.0,,60.0,,,,,,,,,,Indian,,0,,,,,,YNOT Studios,,,https://en.wikipedia.org/wiki/List_of_Tamil_films_of_2017,Year table rank 6: '₹60 crore' worldwide gross; 2017 table's company column is labelled 'Distributor' (value used as production). Rank 6+ in year table; film article not fetched (budget/verdict/India not collected).
Tamil,2017,Velaikkaran,ww_gross_cr,56.0,,56.0,,,,,,,,,,Indian,,0,,,,,,24AM Studios,,,https://en.wikipedia.org/wiki/List_of_Tamil_films_of_2017,Year table rank 7: '₹56 crore' worldwide gross; 2017 table's company column is labelled 'Distributor' (value used as production). Rank 6+ in year table; film article not fetched (budget/verdict/India not collected).
Tamil,2017,Velaiilla Pattadhari 2,ww_gross_cr,40.0,,40.0,,,,,,,,,,Indian,,1,,,,,,Wunderbar Films,,,https://en.wikipedia.org/wiki/List_of_Tamil_films_of_2017,Year table rank 8: '₹40 crore' worldwide gross; 2017 table's company column is labelled 'Distributor' (value used as production). Row tagged '[better source needed]'. Rank 6+ in year table; film article not fetched (budget/verdict/India not collected).
Tamil,2018,2.0,ww_gross_cr,710.0,,710.0,,,,,400.0,,,,highest-grossing Indian film of 2018; highest-grossing Tamil film of all time; most expensive Indian film at the time of its release; mixed reviews,Indian,,0,,,,,,Lyca Productions,,,https://en.wikipedia.org/wiki/List_of_Tamil_films_of_2018,"ww_gross_cr = low end of the Wikipedia range; figure labelled 'Worldwide gross'. Year table (rank 1): '₹710−800 crore' worldwide gross; distributors Lyca Productions, Dharma Productions, AA Films. All-time list rank 1: ₹700–800 crore. Film article https://en.wikipedia.org/wiki/2.0_(film): infobox Budget 'est. ₹400–600 crore' (low end recorded), Box office 'est. ₹699.89–800 crore'; lead: 'grossed over US$100 million worldwide'. India: only a 7-day figure (₹362 crore in India within ₹480 crore worldwide) — not final, so india_gross_cr null."
Tamil,2018,Sarkar,ww_gross_cr,256.0,,256.0,,,,,110.0,,,,commercial success; suffered financial losses in specific regions,Indian,,0,,,,,,Sun Pictures,,,https://en.wikipedia.org/wiki/List_of_Tamil_films_of_2018,"Year table (rank 2): '₹256 crore' worldwide gross. All-time list rank 16: ₹253 crore. Film article https://en.wikipedia.org/wiki/Sarkar_(2018_film): infobox Budget '₹110 crore', Box office 'est.₹243.90–253 crore'; lead: 'emerged as a commercial success but it suffered financial losses in specific regions'. No India total (only TN opening-day ₹30 crore)."
Tamil,2018,Kaala,ww_gross_cr,159.6,,159.6,72.7,,,,140.0,,,,average at the box office; mixed reviews,Indian,,0,,,,,,Wunderbar Films; Lyca Productions,,,https://en.wikipedia.org/wiki/List_of_Tamil_films_of_2018,"Year table (rank 3): production 'Wunderbar Films', distributor Lyca Productions, '₹159.6 crore' worldwide gross. Film article https://en.wikipedia.org/wiki/Kaala_(2018_film): infobox Budget '₹140 crore', Box office '₹159.6 crore'; production companies Wunderbar Films, Lyca Productions. India figure: 'collected ₹72.7 crore in India' (labelled collected/gross, not net); worldwide gross ₹159.56 crore at end of run."
Tamil,2018,Thaanaa Serndha Koottam,ww_gross_cr,90.0,,90.0,67.5,,,,,,,,generally positive reviews,Indian,,0,,,,,,Studio Green,,,https://en.wikipedia.org/wiki/List_of_Tamil_films_of_2018,"Year table (rank 4): '₹90 crore' worldwide gross; distributor Bharathan Films. Film article https://en.wikipedia.org/wiki/Thaanaa_Serndha_Koottam: infobox Budget absent; Box office 'est. ₹90 crore'. India figure: 'all-India gross at ₹67.5 crore' (explicitly labelled gross) as of 25 January 2018 alongside ₹90 crore worldwide and ₹22.50 crore overseas — figure is as of that date, may not be final. Lead has no box-office verdict."
Tamil,2018,Chekka Chivantha Vaanam,ww_gross_cr,80.0,,80.0,,,,,,,,,positive reception,Indian,,0,,,,,,Madras Talkies; Lyca Productions,,,https://en.wikipedia.org/wiki/List_of_Tamil_films_of_2018,"Year table (rank 5): production 'Lyca Productions, Madras Talkies', '₹80 crore' worldwide gross. Film article https://en.wikipedia.org/wiki/Chekka_Chivantha_Vaanam: infobox Budget absent; Box office absent; no worldwide or India total in text (only ₹30 crore TN gross in four days). Lead has no box-office verdict."
Tamil,2018,Kadaikutty Singam,ww_gross_cr,68.0,,68.0,,,,,,,,,,Indian,,0,,,,,,2D Entertainment,,,https://en.wikipedia.org/wiki/List_of_Tamil_films_of_2018,Year table rank 6: '₹68 crore' worldwide gross. Rank 6+ in year table; film article not fetched (budget/verdict/India not collected).
Tamil,2018,Irumbu Thirai,ww_gross_cr,65.0,,65.0,,,,,,,,,,Indian,,0,,,,,,Vishal Film Factory,,,https://en.wikipedia.org/wiki/List_of_Tamil_films_of_2018,Year table rank 7: '₹65 crore' worldwide gross. Rank 6+ in year table; film article not fetched (budget/verdict/India not collected).
Tamil,2018,Vada Chennai,ww_gross_cr,60.0,,60.0,,,,,,,,,,Indian,,0,,,,,,Wunderbar Films,,,https://en.wikipedia.org/wiki/List_of_Tamil_films_of_2018,Year table rank 8: '₹60 crore' worldwide gross. Rank 6+ in year table; film article not fetched (budget/verdict/India not collected).
Tamil,2018,Tik Tik Tik,ww_gross_cr,51.0,,51.0,,,,,,,,,,Indian,,0,,,,,,Nemichand Jhabak,,,https://en.wikipedia.org/wiki/List_of_Tamil_films_of_2018,Year table rank 9: '₹51 crore' worldwide gross. Rank 6+ in year table; film article not fetched (budget/verdict/India not collected).
Tamil,2018,96,ww_gross_cr,50.0,,50.0,,,,,,,,,,Indian,,0,,,,,,Madras Enterprizes,,,https://en.wikipedia.org/wiki/List_of_Tamil_films_of_2018,Year table rank 10: '₹50 crore' worldwide gross. Rank 6+ in year table; film article not fetched (budget/verdict/India not collected).
Tamil,2019,Bigil,ww_gross_cr,300.0,,300.0,,,,,180.0,,,,highest-grossing Tamil film of 2019; second highest grossing South Indian film of 2019; one of the highest-grossing Tamil films; mixed to fairly positive reviews,Indian,,0,,,,,,AGS Entertainment,,,https://en.wikipedia.org/wiki/List_of_Tamil_films_of_2019,"ww_gross_cr = low end of the Wikipedia range; figure labelled 'Worldwide gross'. Year table (rank 1): '₹300-305 crore' worldwide gross. All-time list rank 14: ₹285–300 crore. Film article https://en.wikipedia.org/wiki/Bigil: infobox Budget '₹180 crore', Box office 'est. ₹285–300 crore'; lead: 'made on a budget of ₹180 crore ... collecting around ₹285−300 crore'. No all-India total; TN gross ₹143 crore (four-week run), overseas ~₹93 crore."
Tamil,2019,Petta,ww_gross_cr,219.0,,219.0,,,,,160.0,,,,one of the highest-grossing Tamil films of all time; second highest-grossing Tamil film of 2019,Indian,,0,,,,,,Sun Pictures,,,https://en.wikipedia.org/wiki/List_of_Tamil_films_of_2019,"ww_gross_cr = low end of the Wikipedia range; figure labelled 'Worldwide gross'. Year table (rank 2): '₹219-250 crore' worldwide gross. All-time list rank 22: ₹220–240 crore. Film article https://en.wikipedia.org/wiki/Petta_(film): infobox Budget 'est. ₹160 crore', Box office 'see below'; lead: 'grossed over ₹200 crore against a budget of ₹160 crore'; Box office section cites ₹237 / ₹240 / ₹250 crore worldwide from different sources, and components 'collected ₹135 crore in Tamil Nadu, ₹15 crore in Karnataka, ₹11 crore in the rest of India' (no single all-India total stated; labelled collected/gross)."
Tamil,2019,Viswasam,ww_gross_cr,185.0,,185.0,,,,,100.0,,,,commercial success; third highest grossing Tamil film of 2019; mixed reviews,Indian,,0,,,,,,Sathya Jyothi Films,,,https://en.wikipedia.org/wiki/List_of_Tamil_films_of_2019,"ww_gross_cr = low end of the Wikipedia range; figure labelled 'Worldwide gross'. Year table (rank 3): '₹185-200 crore' worldwide gross; distributor KJR Studios. Film article https://en.wikipedia.org/wiki/Viswasam: infobox Budget '₹100 crore', Box office 'est. ₹185–200 crore'; Box office section: '₹180 crore worldwide in 3 weeks'. No India total."
Tamil,2019,Kanchana 3,ww_gross_cr,130.0,,130.0,,,,,,,,,,Indian,,1,,,,,,Sun Pictures; Raghavendra Productions,,,https://en.wikipedia.org/wiki/List_of_Tamil_films_of_2019,"Year table (rank 4): production 'Sun Pictures & Raghavendra Productions', '₹130 crore' worldwide gross. Film article https://en.wikipedia.org/wiki/Kanchana_3: infobox Budget absent; Box office '₹130 crore' (territory/gross-net not specified); lead has no box-office or reception verdict; no Box office section."
Tamil,2019,Nerkonda Paarvai,ww_gross_cr,108.0,,108.0,,,,,,,,,positive reviews,Indian,,0,,,,,,Zee Studios; Bayview Projects LLP,,,https://en.wikipedia.org/wiki/List_of_Tamil_films_of_2019,"Year table (rank 5): production 'Boney Kapoor & Zee Studios', distributor 'S Pictures & Kandhasamy Arts', '₹108 crore' worldwide gross. Film article https://en.wikipedia.org/wiki/Nerkonda_Paarvai: infobox Budget absent; Box office 'est. ₹108–181.45 crore' (Firstpost ₹108 crore vs Times of India ₹181.45 crore worldwide); lead: 'It grossed ₹108–181.45 crore worldwide'; TN ₹72.5 crore; no all-India total."
Tamil,2019,Kaithi,ww_gross_cr,105.0,,105.0,,,,,,,,,,Indian,,0,,,,,,Dream Warrior Pictures,,,https://en.wikipedia.org/wiki/List_of_Tamil_films_of_2019,Year table rank 6: '₹105 crore' worldwide gross. Rank 6+ in year table; film article not fetched (budget/verdict/India not collected).
Tamil,2019,Kaappaan,ww_gross_cr,100.0,,100.0,,,,,,,,,,Indian,,0,,,,,,Lyca Productions,,,https://en.wikipedia.org/wiki/List_of_Tamil_films_of_2019,Year table rank 7: '₹100 crore' worldwide gross. Rank 6+ in year table; film article not fetched (budget/verdict/India not collected).
Tamil,2019,Asuran,ww_gross_cr,66.25,,66.25,,,,,,,,,,Indian,,0,,,,,,V Creations,,,https://en.wikipedia.org/wiki/List_of_Tamil_films_of_2019,Year table rank 8: '₹66.25 crore' worldwide gross. Rank 6+ in year table; film article not fetched (budget/verdict/India not collected).
Tamil,2019,Namma Veetu Pillai,ww_gross_cr,63.0,,63.0,,,,,,,,,,Indian,,0,,,,,,Sun Pictures,,,https://en.wikipedia.org/wiki/List_of_Tamil_films_of_2019,Year table rank 9: '₹63 crore' worldwide gross. Rank 6+ in year table; film article not fetched (budget/verdict/India not collected).
Tamil,2019,NGK,ww_gross_cr,62.35,,62.35,,,,,,,,,,Indian,,0,,,,,,Dream Warrior Pictures,,,https://en.wikipedia.org/wiki/List_of_Tamil_films_of_2019,Year table rank 10: '₹62.35 crore' worldwide gross. Rank 6+ in year table; film article not fetched (budget/verdict/India not collected).
Tamil,2020,Darbar,ww_gross_cr,250.0,,250.0,,,,,190.0,,,,highest-grossing Tamil film of 2020; 4th highest-grossing Indian film of 2020; mixed reviews,Indian,,0,,,,,,Lyca Productions,,,https://en.wikipedia.org/wiki/List_of_Tamil_films_of_2020,"Year table (rank 1): '₹250 crore' worldwide gross. All-time list rank 19 but its gross cell is empty on the fetched page; the all-time 'By year' table gives ₹250 crore. Film article https://en.wikipedia.org/wiki/Darbar_(film): infobox Budget '₹190–240 crore' (low end recorded), Box office 'est. ₹250 crore'; distributed by Reliance Entertainment. India: only '₹135 crore at the domestic box office in the first 11 days' (not final) — india_gross_cr null. 2020 year table has only 3 rows."
Tamil,2020,Pattas,ww_gross_cr,44.0,,44.0,,,,,37.0,,,,box office success; mixed reviews,Indian,,0,,,,,,Sathya Jyothi Films,,,https://en.wikipedia.org/wiki/List_of_Tamil_films_of_2020,"Year table (rank 2): '₹44 crore' worldwide gross. Film article https://en.wikipedia.org/wiki/Pattas: infobox Budget '₹37 crore', Box office '₹44 crore'; no Box office section; territory/gross-net not specified."
Tamil,2020,Psycho,ww_gross_cr,25.0,,25.0,,,,,,,,,commercial success; positive response,Indian,,0,,,,,,Double Meaning Production,,,https://en.wikipedia.org/wiki/List_of_Tamil_films_of_2020,"Year table (rank 3) lists production company 'Red Giant Movies', '₹25 crore' worldwide gross. Film article https://en.wikipedia.org/wiki/Psycho_(2020_film): infobox Production company 'Double Meaning Production', Distributed by 'Red Giant Movies'; Budget absent; Box office absent; no box-office figures in text."
Tamil,2021,Master,ww_gross_cr,300.0,,300.0,,,,,135.0,,,,mixed-to-positive reviews; first Indian film to have occupied the top spot in the global box office at the time of release,Indian,,0,,,,,,XB Film Creators,,,https://en.wikipedia.org/wiki/List_of_Tamil_films_of_2021,"Year table (rank 1): '₹300 crore' worldwide gross. All-time list rank 21: ₹220–300 crore. Film article https://en.wikipedia.org/wiki/Master_(2021_film): infobox Budget '₹135 crore', Box office 'est. ₹220–300 crore'; lead: 'grossed around ₹220–300 crore'; Box office section: Indian Express ₹220 crore vs Box Office India ₹230 crore worldwide lifetime; Tamil Nadu 'crossed ₹145 crore' in final run. No all-India total."
Tamil,2021,Annaatthe,ww_gross_cr,240.0,,240.0,,,,,180.0,,,,commercial success; critically panned,Indian,,0,,,,,,Sun Pictures,,,https://en.wikipedia.org/wiki/List_of_Tamil_films_of_2021,"Year table (rank 2): '₹240 crore' worldwide gross. Film article https://en.wikipedia.org/wiki/Annaatthe: infobox Budget 'est.₹180 crore', Box office 'est. ₹240 crore'; lead: 'grossed an estimated revenue of ₹240 crores worldwide against a budget of ₹180 crores, making it a commercial success'; Box office section gives ₹227-239 crore / ₹239.21 crore worldwide (labelled gross). No India total (TN opening day ₹34.92 crore only)."
Tamil,2021,Maanaadu,ww_gross_cr,117.0,,117.0,,,,,,,,,major commercial success; positive reviews; well received by critics,Indian,,0,,,,,,V House Productions,,,https://en.wikipedia.org/wiki/List_of_Tamil_films_of_2021,Year table (rank 3): '₹117 crore' worldwide gross. Film article https://en.wikipedia.org/wiki/Maanaadu: infobox Budget absent; Box office '₹117 crore'; distributed by SSI Productions. No India total.
Tamil,2021,Doctor,ww_gross_cr,100.0,,100.0,,,,,25.0,,,,positive reviews,Indian,,0,,,,,,KJR Studios; Sivakarthikeyan Productions,,,https://en.wikipedia.org/wiki/List_of_Tamil_films_of_2021,"Year table (rank 4): production 'KJR Studios SK Productions', '₹100 crore' worldwide gross. Film article https://en.wikipedia.org/wiki/Doctor_(2021_film): infobox Budget '₹25 crore', Box office 'est. ₹100 crore'; lead: 'grossed over ₹100 crore at the box office' (no explicit verdict word beyond reviews); 'collected ₹100 crores in 25 days' — gross/net and territory not specified."
Tamil,2021,Karnan,ww_gross_cr,67.25,,67.25,,,,,,,,,critical acclaim; box office success; one of the highest grossing Tamil films of 2021,Indian,,0,,,,,,V Creations,,,https://en.wikipedia.org/wiki/List_of_Tamil_films_of_2021,Year table (rank 5): '₹67.25 crore' worldwide gross. Film article https://en.wikipedia.org/wiki/Karnan_(2021_film): infobox Budget absent; Box office absent; body: 'worldwide gross estimated to be ₹67.25 crore'; 'collected ₹46 crore from Tamil Nadu alone'. No all-India total. Lead notes theatrical run affected by pandemic restrictions.
Tamil,2021,Aranmanai 3,ww_gross_cr,51.0,,51.0,,,,,,,,,,Indian,,1,,,,,,Avni Cinemax,,,https://en.wikipedia.org/wiki/List_of_Tamil_films_of_2021,Year table rank 6: '₹51 crore' worldwide gross (page adds inflation-adjusted '₹57 crore in 2023'; nominal used). Rank 6+ in year table; film article not fetched (budget/verdict/India not collected).
Tamil,2022,Ponniyin Selvan: I,ww_gross_cr,500.0,,500.0,,,,,,,,,highest-grossing Tamil film of 2022; third-highest-grossing Indian film of 2022; critical acclaim,Indian,,0,,,,,,Madras Talkies; Lyca Productions,,,https://en.wikipedia.org/wiki/List_of_Tamil_films_of_2022,"Year table (rank 1): production 'Lyca Productions', '₹500 crore' worldwide gross. All-time list rank 5: ₹500 crore. Film article https://en.wikipedia.org/wiki/Ponniyin_Selvan:_I: infobox Budget reads 'See production' and no figure was found in the fetched text, so budget_cr null; the Ponniyin Selvan: II article's Production section says the project 'was originally planned as a single film with a budget of ₹500 crore' and that 'the ₹500 crore budget was spread across two parts'. Infobox Box office 'est.₹495.60 - ₹500 crore'; lead: 'grossed ₹450–488 crore worldwide'. No all-India total (only Hindi-dubbed version ₹22 crore domestic)."
Tamil,2022,Vikram,ww_gross_cr,435.0,,435.0,,,,,120.0,,,,positive reviews; set several box-office records; fourth highest-grossing Indian film of 2022; fifth highest-grossing Tamil film of all time,Indian,,0,,,,,,Raaj Kamal Films International; Turmeric Media,,,https://en.wikipedia.org/wiki/List_of_Tamil_films_of_2022,"ww_gross_cr = low end of the Wikipedia range; figure labelled 'Worldwide gross'. Year table (rank 2): '₹435–500 crore'. All-time list rank 7: ₹424–500 crore. Film article https://en.wikipedia.org/wiki/Vikram_(2022_film): infobox Budget 'est. ₹120 crore', Box office 'est. ₹424–500 crore'; distributed by Red Giant Movies; Box office section: worldwide revenue 'approaching ₹500 crore'. No all-India total."
Tamil,2022,Beast,ww_gross_cr,217.0,,217.0,,,,,130.0,,,,commercial success; mixed reviews,Indian,,0,,,,,,Sun Pictures,,,https://en.wikipedia.org/wiki/List_of_Tamil_films_of_2022,"ww_gross_cr = low end of the Wikipedia range; figure labelled 'Worldwide gross'. Year table (rank 3): '₹217–300 crore'. All-time list rank 24: ₹216–300 crore. Film article https://en.wikipedia.org/wiki/Beast_(2022_Indian_film): infobox Budget '₹130–150 crore' (low end recorded), Box office 'est. ₹216–300 crore'; lead: 'commercial success, grossing ₹216–300 crore worldwide'. No India total."
Tamil,2022,Valimai,ww_gross_cr,150.0,,150.0,,,,,150.0,,,,mixed reviews,Indian,,0,,,,,,Zee Studios; Bayview Projects LLP,,,https://en.wikipedia.org/wiki/List_of_Tamil_films_of_2022,"ww_gross_cr = low end of the Wikipedia range; figure labelled 'Worldwide gross'. Year table (rank 4): production 'Zee Studios Bayview Projects', '₹150–172 crore'. Film article https://en.wikipedia.org/wiki/Valimai: infobox Budget '₹150 crore', Box office 'est. ₹163.2–234 crore' (differs from year table); lead has no box-office verdict; no Box office section (only pre-release business ~₹300 crore incl. satellite/digital rights)."
Tamil,2022,Don,ww_gross_cr,120.0,,120.0,,,,,,,,,commercial success; sixth highest-grossing Tamil film of 2022; mostly positive reviews,Indian,,0,,,,,,Lyca Productions; Sivakarthikeyan Productions,,,https://en.wikipedia.org/wiki/List_of_Tamil_films_of_2022,"Year table (rank 5): production 'Lyca Productions', '₹120 crore' worldwide gross. Film article https://en.wikipedia.org/wiki/Don_(2022_film): infobox Budget absent; Box office '₹120 crore'; lead: 'grossing over ₹120 crore worldwide'; Box office section: 'worldwide gross estimated to be ₹110 crore' (internal inconsistency). Opening-day domestic ₹16 crore only; no India total."
Tamil,2022,Sardar,ww_gross_cr,110.0,,110.0,,,,,,,,,,Indian,,0,,,,,,Prince Pictures,,,https://en.wikipedia.org/wiki/List_of_Tamil_films_of_2022,Year table rank 6: '₹110 crore' worldwide gross. Rank 6+ in year table; film article not fetched (budget/verdict/India not collected).
Tamil,2022,Love Today,ww_gross_cr,105.0,,105.0,,,,,,,,,,Indian,,0,,,,,,AGS Entertainment; Red Giant Movies,,,https://en.wikipedia.org/wiki/List_of_Tamil_films_of_2022,Year table rank 7: '₹105 crore' worldwide gross. Rank 6+ in year table; film article not fetched (budget/verdict/India not collected).
Tamil,2022,Thiruchitrambalam,ww_gross_cr,101.0,,101.0,,,,,,,,,,Indian,,0,,,,,,Sun Pictures,,,https://en.wikipedia.org/wiki/List_of_Tamil_films_of_2022,Year table rank 8: '₹101 crore' worldwide gross. Rank 6+ in year table; film article not fetched (budget/verdict/India not collected).
Tamil,2022,Vendhu Thanindhathu Kaadu,ww_gross_cr,100.0,,100.0,,,,,,,,,,Indian,,0,,,,,,Vels Film International,,,https://en.wikipedia.org/wiki/List_of_Tamil_films_of_2022,Year table rank 9: '₹100 crore' worldwide gross. Rank 6+ in year table; film article not fetched (budget/verdict/India not collected).
Tamil,2022,Etharkkum Thunindhavan,ww_gross_cr,71.4,,71.4,,,,,,,,,,Indian,,0,,,,,,Sun Pictures,,,https://en.wikipedia.org/wiki/List_of_Tamil_films_of_2022,Year table rank 10: '₹71.4 crore' worldwide gross. Year table shows a range '₹71.40–200 crore'; low end recorded. Rank 6+ in year table; film article not fetched (budget/verdict/India not collected).
Tamil,2023,Jailer,ww_gross_cr,605.0,,605.0,,,,,200.0,,,,highest-grossing Tamil film of 2023; sixth highest-grossing Indian film of 2023; second highest-grossing Tamil film of all time; positive reviews,Indian,,0,,,,,,Sun Pictures,,,https://en.wikipedia.org/wiki/List_of_Tamil_films_of_2023,"ww_gross_cr = low end of the Wikipedia range; figure labelled 'Worldwide gross'. Year table (rank 1): '₹605–650 crore'. All-time list rank 2: ₹605–650 crore. Film article https://en.wikipedia.org/wiki/Jailer_(2023_Tamil_film): infobox Budget '₹200–220 crore' (low end recorded), Box office 'est. ₹605–650 crore' (India Today ₹605 crore vs Cinema Express/Firstpost ₹650 crore worldwide). India: only 'crossed ₹100 crore net at the domestic box office' within day 3 (explicitly NET, not final) — india_gross_cr null."
Tamil,2023,Leo,ww_gross_cr,595.0,,595.0,,,,,250.0,,,,second highest-grossing Tamil film of 2023; set several box office records; mixed reviews,Indian,,0,,,,,,Seven Screen Studio,,,https://en.wikipedia.org/wiki/List_of_Tamil_films_of_2023,"ww_gross_cr = low end of the Wikipedia range; figure labelled 'Worldwide gross'. Year table (rank 2): '₹595–615 crore'. All-time list rank 3: ₹595–615 crore. Film article https://en.wikipedia.org/wiki/Leo_(2023_Indian_film): infobox Budget '₹250–400 crore' (low end recorded), Box office 'est. ₹595–615 crore'; Box Office India: ₹595 crore worldwide at end of run. India: ₹122 crore from India in two days (not final); 'made ₹230 crore from Tamil Nadu becoming the highest-grossing film in Tamil Nadu'. No all-India total."
Tamil,2023,Ponniyin Selvan: II,ww_gross_cr,342.0,,342.0,,,,,,,,,positive reviews,Indian,,1,,,,,,Madras Talkies; Lyca Productions,,,https://en.wikipedia.org/wiki/List_of_Tamil_films_of_2023,"ww_gross_cr = low end of the Wikipedia range; figure labelled 'Worldwide gross'. Year table (rank 3): '₹342–346 crore'. All-time list rank 8: ₹345 crore. Film article https://en.wikipedia.org/wiki/Ponniyin_Selvan:_II: infobox Budget 'See production' — Production section: 'originally planned as a single film with a budget of ₹500 crore' ... 'the ₹500 crore budget was spread across two parts' (combined figure for both parts, so per-film budget_cr left null); infobox Box office '₹345 crore'; body: 'grossed ₹345 crore and is the third highest-grossing Tamil film of 2023'. Lead has no box-office verdict word. No India total."
Tamil,2023,Varisu,ww_gross_cr,290.0,,290.0,,,,,200.0,,,,mixed reviews,Indian,,0,,,,,,Sri Venkateswara Creations; PVP Cinema,,,https://en.wikipedia.org/wiki/List_of_Tamil_films_of_2023,"ww_gross_cr = low end of the Wikipedia range; figure labelled 'Worldwide gross'. Year table (rank 4): '₹290–293 crore'. All-time list rank 13: ₹290–293 crore. Film article https://en.wikipedia.org/wiki/Varisu: infobox Budget 'est. ₹200−280 crore' (low end recorded), Box office 'est. ₹290–293 crore'; lead: 'grossed around ₹290–293 crore at the box office' with no success/flop verdict; distributed by Seven Screen Studio. No India total."
Tamil,2023,Thunivu,ww_gross_cr,199.0,,199.0,,,,,200.0,,,,highest grossing film of Ajith's career at the time of its release; mixed reviews,Indian,,0,,,,,,Bayview Projects LLP; Zee Studios,,,https://en.wikipedia.org/wiki/List_of_Tamil_films_of_2023,"ww_gross_cr = low end of the Wikipedia range; figure labelled 'Worldwide gross'. Year table (rank 5): '₹199–250 crore'. Film article https://en.wikipedia.org/wiki/Thunivu: infobox Budget '₹200 crore', Box office 'est. ₹199–250 crore' (News18 ₹199.30 crore, Times of India ₹220 crore, Hindu Tamil Thisai ₹250 crore worldwide). No India total."
Tamil,2023,Vaathi,ww_gross_cr,105.0,,105.0,,,,,,,,,,Indian,,0,,,,,,Sithara Entertainments,,,https://en.wikipedia.org/wiki/List_of_Tamil_films_of_2023,Year table rank 6: '₹105 crore' worldwide gross. Rank 6+ in year table; film article not fetched (budget/verdict/India not collected).
Tamil,2023,Mark Antony,ww_gross_cr,102.0,,102.0,,,,,,,,,,Indian,,0,,,,,,Mini Studio,,,https://en.wikipedia.org/wiki/List_of_Tamil_films_of_2023,Year table rank 7: '₹102 crore' worldwide gross. Rank 6+ in year table; film article not fetched (budget/verdict/India not collected).
Tamil,2023,Maaveeran,ww_gross_cr,77.0,,77.0,,,,,,,,,,Indian,,0,,,,,,Shanthi Talkies,,,https://en.wikipedia.org/wiki/List_of_Tamil_films_of_2023,Year table rank 8: '₹77 crore' worldwide gross. Rank 6+ in year table; film article not fetched (budget/verdict/India not collected).
Tamil,2023,Maamannan,ww_gross_cr,72.0,,72.0,,,,,,,,,,Indian,,0,,,,,,Red Giant Movies,,,https://en.wikipedia.org/wiki/List_of_Tamil_films_of_2023,Year table rank 9: '₹72 crore' worldwide gross. Rank 6+ in year table; film article not fetched (budget/verdict/India not collected).
Tamil,2023,Por Thozhil,ww_gross_cr,50.0,,50.0,,,,,,,,,,Indian,,0,,,,,,Applause Entertainment,,,https://en.wikipedia.org/wiki/List_of_Tamil_films_of_2023,Year table rank 10: '₹50 crore' worldwide gross. Rank 6+ in year table; film article not fetched (budget/verdict/India not collected).
Tamil,2024,The Greatest of All Time,ww_gross_cr,440.0,,440.0,,,,,380.0,,,,highest-grossing Tamil film of 2024; fourth highest-grossing Indian film of 2024; mixed reviews,Indian,,0,,,,,,AGS Entertainment,,,https://en.wikipedia.org/wiki/List_of_Tamil_films_of_2024,"ww_gross_cr = low end of the Wikipedia range; figure labelled 'Worldwide gross'. Year table (rank 1): '₹440–456 crore'. All-time list rank 6: ₹440–460 crore. Film article https://en.wikipedia.org/wiki/The_Greatest_of_All_Time: infobox Budget '₹380–400 crore' (low end recorded), Box office 'est. ₹440–460 crore'; lead: 'grossed ₹440–460 crore at the box office, against a budget of ₹380–400 crore'. No India total."
Tamil,2024,Amaran,ww_gross_cr,320.0,,320.0,,,,,120.0,,,,positive reviews; set several box office records,Indian,,0,,,,,,Raaj Kamal Films International; Turmeric Media; Sony Pictures Films India,,,https://en.wikipedia.org/wiki/List_of_Tamil_films_of_2024,"ww_gross_cr = low end of the Wikipedia range; figure labelled 'Worldwide gross'. Year table (rank 2): production 'Raaj Kamal Films International; Sony Pictures Films India', '₹320–335 crore'. All-time list rank 9: ₹320–335 crore. Film article https://en.wikipedia.org/wiki/Amaran_(2024_film): infobox Budget '₹120 crore', Box office 'est. ₹300–335 crore'; body: 'worldwide gross estimated to be around ₹300–335 crore'; 'crossed the ₹100 crore mark in India on its sixth day' (not final). No all-India total."
Tamil,2024,Vettaiyan,ww_gross_cr,250.0,,250.0,,,,,300.0,,,,underperformed at the box-office; third highest-grossing Tamil film of 2024; mixed reviews,Indian,,0,,,,,,Lyca Productions,,,https://en.wikipedia.org/wiki/List_of_Tamil_films_of_2024,Year table (rank 3): '₹250 crore' worldwide gross. All-time list rank 17: ₹250–253 crore. Film article https://en.wikipedia.org/wiki/Vettaiyan: infobox Budget '₹300 crore' (recorded) BUT Production section says 'made on a budget of ₹160 crore' — article is internally inconsistent; infobox Box office '₹250–253 crore'; distributed by Red Giant Movies. India: opening-day ₹29.8 crore (all languages) only.
Tamil,2024,Maharaja,ww_gross_cr,190.0,,190.0,,,,,20.0,,,,critical acclaim; highest-grossing South Indian film in China; fourth highest-grossing Tamil film of 2024,Indian,,0,,,,,,Passion Studios; Think Studios; The Route,,,https://en.wikipedia.org/wiki/List_of_Tamil_films_of_2024,"Year table (rank 4): production 'The Route; Think Studios; Passion Studios', '₹190 crore' worldwide gross. Film article https://en.wikipedia.org/wiki/Maharaja_(2024_film): infobox Budget '₹20 crore', Box office 'est. ₹190 crore'; China release 'grossed ₹91.55 crores'; Indian-run worldwide 'crossed ₹66 crore' before China. No India total."
Tamil,2024,Indian 2,ww_gross_cr,151.0,,151.0,,,,,250.0,,,,commercial failure; critics panned the film,Indian,,1,,,,,,Lyca Productions; Red Giant Movies,,,https://en.wikipedia.org/wiki/List_of_Tamil_films_of_2024,"Year table (rank 5): '₹151 crore' worldwide gross. Film article https://en.wikipedia.org/wiki/Indian_2: infobox Budget '₹250–300 crore' (low end recorded); infobox Box office absent; no box-office figures in article text; lead: 'Critics panned the film, and it was a commercial failure.'"
Tamil,2024,Raayan,ww_gross_cr,150.0,,150.0,,,,,,,,,,Indian,,0,,,,,,Sun Pictures,,,https://en.wikipedia.org/wiki/List_of_Tamil_films_of_2024,Year table rank 6: worldwide gross ₹150 crore. Year table range '₹150–160 crore'; low end recorded. Rank 6+ in year table; film article not fetched (budget/verdict/India not collected).
Tamil,2024,Aranmanai 4,ww_gross_cr,100.5,,100.5,,,,,,,,,,Indian,,0,,,,,,Avni Cinemax; Benzz Media (P) Ltd,,,https://en.wikipedia.org/wiki/List_of_Tamil_films_of_2024,Year table rank 7: worldwide gross ₹100.5 crore. Rank 6+ in year table; film article not fetched (budget/verdict/India not collected).
Tamil,2024,Kanguva,ww_gross_cr,96.0,,96.0,,,,,,,,,,Indian,,0,,,,,,Studio Green; UV Creations,,,https://en.wikipedia.org/wiki/List_of_Tamil_films_of_2024,Year table rank 8: worldwide gross ₹96 crore. Year table range '₹96–106 crore'; low end recorded. Rank 6+ in year table; film article not fetched (budget/verdict/India not collected).
Tamil,2024,Demonte Colony 2,ww_gross_cr,85.0,,85.0,,,,,,,,,,Indian,,1,,,,,,BTG Universal; White Nights Entertainments,,,https://en.wikipedia.org/wiki/List_of_Tamil_films_of_2024,Year table rank 9: worldwide gross ₹85 crore. Rank 6+ in year table; film article not fetched (budget/verdict/India not collected).
Tamil,2024,Ayalaan,ww_gross_cr,80.0,,80.0,,,,,,,,,,Indian,,0,,,,,,KJR Studios,,,https://en.wikipedia.org/wiki/List_of_Tamil_films_of_2024,Year table rank 10: worldwide gross ₹80 crore. Rank 6+ in year table; film article not fetched (budget/verdict/India not collected).
Tamil,2025,Coolie,ww_gross_cr,514.0,,514.0,,,,,350.0,,,,commercial success; highest-grossing Tamil film of 2025; fifth highest-grossing Indian film of 2025; fourth highest-grossing Tamil film of all time; one of the most expensive Indian films ever made; mixed reviews,Indian,,0,,,,,,Sun Pictures,,,https://en.wikipedia.org/wiki/List_of_Tamil_films_of_2025,"ww_gross_cr = low end of the Wikipedia range; figure labelled 'Worldwide gross'. Year table (rank 1): '₹514–675 crore'. All-time list rank 4: ₹514–675 crore. Film article https://en.wikipedia.org/wiki/Coolie_(2025_film): infobox Budget '₹350–400 crore' (low end recorded), Box office 'est. ₹514–675 crore'; 'By the end of its theatrical run on 10 September, it had grossed approximately ₹514–675 crore worldwide'. No India total."
Tamil,2025,Mahavatar Narsimha,ww_gross_cr,300.0,,300.0,,,,,20.0,,,,highest-grossing Indian animated film; seventh highest-grossing Indian film of 2025; generally positive reviews,Indian,,0,,,,,,Kleem Productions,,,https://en.wikipedia.org/wiki/List_of_Tamil_films_of_2025,"ww_gross_cr = low end of the Wikipedia range; figure labelled 'Worldwide gross'. Year table (rank 2): '₹300–325 crore #' — '#' means 'the film is multilingual and the gross collection figure includes the worldwide collection of the other simultaneously filmed version'. Film article https://en.wikipedia.org/wiki/Mahavatar_Narsimha: animated film in Kannada, Hindi, Tamil, Malayalam, Telugu (presented by Hombale Films); infobox Budget '₹20 crore', Box office '₹300–325 crore'; Box office section: 'the Hindi version netted ₹188 crore, the Kannada version ₹9.87 crore, the Telugu version ₹49.14 crore, and the Tamil version ₹2.91' (NET, by language) — the Tamil version alone is a tiny share of the total. Lead's box-office wording: 'Estimates of its worldwide box office gross range from ₹300 crore to ₹325 crore'."
Tamil,2025,Good Bad Ugly,ww_gross_cr,200.0,,200.0,,,,,270.0,,,,third highest-grossing Tamil film of 2025; mixed reviews,Indian,,0,,,,,,Mythri Movie Makers,,,https://en.wikipedia.org/wiki/List_of_Tamil_films_of_2025,"ww_gross_cr = low end of the Wikipedia range; figure labelled 'Worldwide gross'. Year table (rank 3): '₹200–248.25 crore'. All-time list rank 25: ₹200–248.25 crore. Film article https://en.wikipedia.org/wiki/Good_Bad_Ugly: infobox Budget 'est. ₹270 crore', Box office 'est. ₹200–248.25 crore'; 'concluded its theatrical run with worldwide gross estimated to be ₹200–248.25 crore'. India: opening-day 'over ₹34 crore from India' only — no final India total. Lead has no success/flop verdict word."
Tamil,2025,Dragon,ww_gross_cr,150.0,,150.0,,,,,37.0,,,,one of the highest-grossing Tamil film of 2025; positive reviews,Indian,,0,,,,,,AGS Entertainment,,,https://en.wikipedia.org/wiki/List_of_Tamil_films_of_2025,"Year table (rank 4): '₹150 crore' worldwide gross. Film article https://en.wikipedia.org/wiki/Dragon_(2025_film): infobox Budget '₹37 crore', Box office '₹150 crore'; lead: 'Earning over ₹150 crore, it briefly became the one of the highest-grossing Tamil film of 2025' (sic); ended run with approximately ₹150 crore (labelled grossed). No India total."
Tamil,2025,Vidaamuyarchi,ww_gross_cr,135.65,,135.65,,,,,225.0,,,,underperformed at the box office; mixed reviews,Indian,,0,,,,,,Lyca Productions,,,https://en.wikipedia.org/wiki/List_of_Tamil_films_of_2025,"ww_gross_cr = low end of the Wikipedia range; figure labelled 'Worldwide gross'. Year table (rank 5): '₹135.65–138 crore'. Film article https://en.wikipedia.org/wiki/Vidaamuyarchi: infobox Budget '₹225–350 crore' (low end recorded), Box office 'est. ₹135.65–138 crore'; lead: 'Although the film underperformed at the box office, it became the highest-grossing Tamil film of 2025 by the end of its theatrical run, before being surpassed by Dragon (2025)' — 'underperformed' is wikilinked to the box-office bomb article; 'wrapped its global theatrical run at ₹135.65–138 crore gross'. No India total."
Tamil,2025,Kuberaa,ww_gross_cr,115.0,,115.0,,,,,,,,,,Indian,,0,,,,,,Sree Venkateswara Cinemas LLP; Amigos Creations,,,https://en.wikipedia.org/wiki/List_of_Tamil_films_of_2025,Year table rank 6: worldwide gross ₹115 crore. Year table range '₹115–132 crore #' (multilingual marker: gross includes other simultaneously filmed language version); low end recorded. Rank 6+ in year table; film article not fetched (budget/verdict/India not collected).
Tamil,2025,Retro,ww_gross_cr,104.0,,104.0,,,,,,,,,,Indian,,0,,,,,,Stone Bench Films; 2D Entertainment,,,https://en.wikipedia.org/wiki/List_of_Tamil_films_of_2025,Year table rank 8: worldwide gross ₹104 crore. Rank 6+ in year table; film article not fetched (budget/verdict/India not collected).
Tamil,2025,Dude,ww_gross_cr,100.0,,100.0,,,,,,,,,,Indian,,0,,,,,,Mythri Movie Makers,,,https://en.wikipedia.org/wiki/List_of_Tamil_films_of_2025,Year table rank 7: worldwide gross ₹100 crore. Year table range '₹100–113.25 crore'; low end recorded. Rank 6+ in year table; film article not fetched (budget/verdict/India not collected).
Tamil,2025,Thug Life,ww_gross_cr,97.0,,97.0,,,,,,,,,,Indian,,0,,,,,,Raaj Kamal Films International; Madras Talkies; Red Giant Movies,,,https://en.wikipedia.org/wiki/List_of_Tamil_films_of_2025,Year table rank 9: worldwide gross ₹97 crore. Rank 6+ in year table; film article not fetched (budget/verdict/India not collected).
Tamil,2025,Tourist Family,ww_gross_cr,90.0,,90.0,,,,,,,,,,Indian,,0,,,,,,Million Dollar Studios; MRP Entertainment,,,https://en.wikipedia.org/wiki/List_of_Tamil_films_of_2025,Year table rank 10: worldwide gross ₹90 crore. Rank 6+ in year table; film article not fetched (budget/verdict/India not collected).
Kannada,2022,KGF: Chapter 2,ww_gross_cr,1200.0,,1200.0,,,,,,,,,,Indian,,1,,,,,,,,,https://en.wikipedia.org/wiki/List_of_highest-grossing_Kannada_films,"All-time list, table 'Highest-grossing films' (cols: Rank|Title|Worldwide gross|Year|Ref). Figures are WORLDWIDE GROSS; page: 'based on conservative global box office estimates... no official tracking of figures'. No production or budget column. Rank 1. Gross as written: ₹1,200–1,250 crore (lower bound used)."
Kannada,2025,Kantara: Chapter 1,ww_gross_cr,850.0,,850.0,,,,,125.0,,,,positive reviews from critics; commercial success at the box office; second highest-grossing Kannada film of all-time; second highest grossing Indian film of 2025,Indian,,1,,,,,,Hombale Films,,,https://en.wikipedia.org/wiki/List_of_Kannada_films_of_2025,"Year-page table, WORLDWIDE GROSS (gross, not net); no budget column; Ref column omitted. Section 'Highest worldwide gross of 2025' (cols: Rank|Title|Production company|Worldwide gross|Ref). Footnote: '# implies the film is multilingual and gross collection includes worldwide collection of simultaneous versions.' Rank 1; gross as written ₹850–852 crore (lower bound used). Infobox budget ₹125 crore; box office ₹850–852 crore. Article title 'Kantara: A Legend – Chapter 1'. Film article: https://en.wikipedia.org/wiki/Kantara:_Chapter_1."
Kannada,2022,Kantara,ww_gross_cr,400.93,,400.93,,,,,,,,,critical acclaim; one of the highest-grossing Kannada films of all time,Indian,,0,,,,,,,,,https://en.wikipedia.org/wiki/List_of_Kannada_films_of_2022,"Same year table. Rank 2; gross as written ₹400.93 crore (US$42 million); production cell blank in the year table (film article: produced by Vijay Kiragandur and Chaluve Gowda under Hombale Films). Budget: NOT available — the fetched film article text contained no budget figure and the infobox was not rendered. Article's Box office section: crossed ₹400 crore worldwide in 53 days and ₹450 crores in 74 days; at 25 days ₹211.5 crore gross incl. ₹196.95 crore from India (interim, not final, so india_gross_cr left null). Article title now 'Kantara: A Legend'. Film article: https://en.wikipedia.org/wiki/Kantara_(film)."
Kannada,2018,KGF: Chapter 1,ww_gross_cr,250.0,,250.0,,,,,80.0,,,,did well commercially; highest-grossing Kannada film until it was surpassed by its sequel; cult hit,Indian,,1,,,,,,Hombale Films,,,https://en.wikipedia.org/wiki/List_of_Kannada_films_of_2018,"Year-page table, WORLDWIDE GROSS (gross, not net); no budget column; Ref column omitted. Section 'Highest worldwide gross of 2018' (cols: Rank|Title|Production company|Worldwide gross|Ref). Rows are listed in the page's own order/ranks, which are NOT sorted by gross (Tagaru ₹53 cr sits at rank 5 below Raambo 2 ₹27 cr and Sarkari Hi. Pra. Shaale ₹20 cr). Footnote: 'The rank of the films in the following depends on the worldwide gross. The budget is only for knowledgeable purpose.' Rank 1; gross as written ₹250 crore (US$26 million). Infobox budget ₹80 crore; infobox box office ₹250 crore. Film article: https://en.wikipedia.org/wiki/K.G.F:_Chapter_1."
Kannada,2022,Vikrant Rona,ww_gross_cr,158.5,,158.5,,,,,95.0,,,,mixed reviews from critics; Six[th] highest-grossing Kannada film of all time; third highest-grossing Kannada movie of 2022,Indian,,0,,,,,,Kichcha Creations; Shalini Arts; Invenio Origin,,,https://en.wikipedia.org/wiki/List_of_Kannada_films_of_2022,Same year table. Rank 3; gross as written ₹158.5 crore (US$17 million) - ₹210 crore (US$22 million) (lower bound used). Infobox budget ₹95 crore; box office est. ₹158.50–210 crore. Film article: https://en.wikipedia.org/wiki/Vikrant_Rona.
Kannada,2022,James,ww_gross_cr,151.0,,151.0,,,,,,,,,,Indian,,0,,,,,,Kishore Productions,,,https://en.wikipedia.org/wiki/List_of_Kannada_films_of_2022,Same year table. Rank 4; gross as written ₹151 crore (US$16 million).
Kannada,2025,Su From So,ww_gross_cr,125.0,,125.0,,,,,5.5,,,,overwhelmingly positive reviews; commercial success; seventh highest-grossing Kannada film of all time; second highest-grossing Kannada film of the year,Indian,,0,,,,,,Lighter Buddha Films,,,https://en.wikipedia.org/wiki/List_of_Kannada_films_of_2025,Same year table. Rank 3; gross as written ₹125 crore. Infobox budget ₹5.50 crore; box office ₹125 crore. Film article: https://en.wikipedia.org/wiki/Su_From_So.
Kannada,2022,777 Charlie,ww_gross_cr,105.0,,105.0,,,,,,,,,,Indian,,0,,,,,,Paramvah Studios,,,https://en.wikipedia.org/wiki/List_of_Kannada_films_of_2022,Same year table. Rank 5; gross as written ₹105 crore (US$11 million).
Kannada,2019,Kurukshetra,ww_gross_cr,90.0,,90.0,,,,,75.0,,,,highest-grossing Kannada film of 2019,Indian,,0,,,,,,Rockline Entertainments,,,https://en.wikipedia.org/wiki/List_of_Kannada_films_of_2019,"Year-page table, WORLDWIDE GROSS (gross, not net); no budget column; Ref column omitted. Section 'The highest worldwide gross of 2019' (cols: Rank|Title|Production company|Worldwide gross|References). Explanatory text above table: 'The budget is only for knowledgeable purpose' (no budget column actually present). Rank 1; gross as written ₹90 crore (US$9.4 million). Infobox budget ₹75 crore; infobox box office ₹90 crore. Film article: https://en.wikipedia.org/wiki/Kurukshetra_(2019_film)."
Malayalam,2025,Lokah Chapter 1: Chandra,ww_gross_cr,302.0,,302.0,183.7,,,,30.0,,,,"widespread critical acclaim; box office success; highest-grossing Malayalam film ever, surpassing Empuraan (2025); first Malayalam film to cross the ₹300 crore mark globally; among the highest-grossing Indian films of 2025; one of the highest-grossing female-led Indian films of all-time",Indian,,0,,,,,,Wayfarer Films,,,https://en.wikipedia.org/wiki/List_of_Malayalam_films_of_2025,"Year-page table, WORLDWIDE GROSS; no budget column; Ref column omitted. Section 'Highest worldwide gross of 2025' (cols: Rank|Title|Production company|Worldwide gross|Ref), 10 rows. Rank 1; gross as written ₹302–304 crore (lower bound used). india_gross_cr ₹183.70 crore from all-time page 'Domestic gross' table. Infobox budget ₹30 crore; box office est. ₹302–304 crore. Film article: https://en.wikipedia.org/wiki/Lokah_Chapter_1:_Chandra."
Malayalam,2025,L2: Empuraan,ww_gross_cr,268.05,,268.05,124.56,,,,150.0,,,,most expensive Malayalam film to date; mixed to positive reviews from critics; first Malayalam film to cross ₹250 crore; one of the highest-grossing Malayalam films; tenth highest-grossing Indian film of 2025,Indian,,0,,,,,,Aashirvad Cinemas; Sree Gokulam Movies; Lyca Productions,,,https://en.wikipedia.org/wiki/List_of_Malayalam_films_of_2025,Same year table. Rank 2; gross as written ₹268.05 crore (all-time table: ₹265–268 crore). india_gross_cr ₹124.56 crore from all-time page 'Domestic gross' table. Infobox budget ₹150–175 crore (lower bound used); box office ₹265–268.05 crore. Film article: https://en.wikipedia.org/wiki/L2:_Empuraan.
Malayalam,2024,Manjummel Boys,ww_gross_cr,242.3,,242.3,167.65,,,,20.0,,,,critical acclaim; first film in Malayalam cinema to earn more than ₹200 crore; highest grossing Malayalam film of all time overtaking 2018 (2023) until it was surpassed by L2: Empuraan (2025); third highest grossing Malayalam film in India and worldwide,Indian,,0,,,,,,Parava Films,,,https://en.wikipedia.org/wiki/List_of_Malayalam_films_of_2024,"Year-page table, WORLDWIDE GROSS; no budget column; Ref column omitted. Section 'Highest worldwide gross of 2024' (cols: Rank|Title|Production company|Worldwide gross|Ref), 10 rows; legend: '*Film released directly on OTT platform(s)'. Rank 1; gross as written ₹242.3 crores. india_gross_cr ₹167.65 crore from all-time page 'Domestic gross' table. Infobox budget ₹20 crore; box office ₹242.3 crore. Film article: https://en.wikipedia.org/wiki/Manjummel_Boys."
Malayalam,2025,Thudarum,ww_gross_cr,238.0,,238.0,141.58,,,,28.0,,,,emerged as a blockbuster; third highest-grossing Malayalam film of 2025; one of the highest-grossing Malayalam films,Indian,,0,,,,,,Rejaputhra Visual Media,,,https://en.wikipedia.org/wiki/List_of_Malayalam_films_of_2025,Same year table. Rank 3; gross as written ₹238 crore (all-time table: ₹234–235 crore; article body: 'grossed ₹234–235 crore worldwide'). india_gross_cr ₹141.58 crore from all-time page 'Domestic gross' table. Infobox had no Budget/Box office values; budget ₹28 crore from article body ('Made on a budget of ₹28 crore'). Film article: https://en.wikipedia.org/wiki/Thudarum.
Malayalam,2023,2018,ww_gross_cr,177.0,,177.0,107.05,,,,26.0,,,,generally positive reviews; commercial success; highest-grossing Malayalam film of all time exceeding Pulimurugan (2016) until Manjummel Boys (2024) took over,Indian,,0,,,,,,Kavya Film Company,,,https://en.wikipedia.org/wiki/List_of_Malayalam_films_of_2023,"Year-page table, WORLDWIDE GROSS; no budget column; Ref column omitted. Section 'Highest worldwide gross of 2023' (cols: Rank|Title|Production company|Gross|Ref), 10 rows. Rank 1; gross as written ₹177 crores (all-time main table: ₹180 crore). india_gross_cr ₹107.05 crore from all-time page 'Domestic gross' table. Infobox budget est.₹26 crore; box office est.₹180 crore. Film article: https://en.wikipedia.org/wiki/2018_(film)."
Malayalam,2024,The Goat Life,ww_gross_cr,160.0,,160.0,99.0,,,,82.0,,,,critical acclaim from critics; grossed over ₹158 crore; one of the highest-grossing Malayalam films,Indian,,0,,,,,,Visual Romance; Alta Global Media; Jet Media Production,,,https://en.wikipedia.org/wiki/List_of_Malayalam_films_of_2024,Same year table. Rank 2; gross as written ₹160 crores (all-time main table: ₹158.50 crore). india_gross_cr ₹99 crore from all-time page 'Domestic gross' table. Infobox budget ₹82 crore; box office ₹158.50 crore. Film article: https://en.wikipedia.org/wiki/The_Goat_Life.
Malayalam,2024,Aavesham,ww_gross_cr,156.0,,156.0,101.15,,,,30.0,,,,critical acclaim from critics; commercial success grossing over ₹156 crore against a budget of ₹30 crore; third highest-grossing Malayalam film of 2024,Indian,,0,,,,,,Fahadh Faasil and friends,,,https://en.wikipedia.org/wiki/List_of_Malayalam_films_of_2024,Same year table. Rank 3; gross as written ₹156 crores (all-time table lists production as Anwar Rasheed Entertainments; Fahadh Faasil and Friends). india_gross_cr ₹101.15 crore from all-time page 'Domestic gross' table. Infobox budget ₹30 crore; infobox has no Box office field (lead: over ₹156 crore). Film article: https://en.wikipedia.org/wiki/Aavesham_(2024_film).
Malayalam,2025,Sarvam Maya,ww_gross_cr,151.0,,151.0,,,,,,,,,,Indian,,0,,,,,,Firefly Films; Akhil Sathyan Films,,,https://en.wikipedia.org/wiki/List_of_highest-grossing_Malayalam_films,Same all-time table. Rank 11. WW as written: ₹151 crore. Kerala gross table: ₹78 crore.
Malayalam,2016,Pulimurugan,ww_gross_cr,139.0,,139.0,105.9,,,,,,,,,Indian,,0,,,,,,Mulakuppadam Films,,,https://en.wikipedia.org/wiki/List_of_highest-grossing_Malayalam_films,Same all-time table. Rank 12. WW as written: ₹139 crore ('by year' table: ₹139–145 crore). Domestic rank 8: ₹105.90 crore. Kerala: ₹85.10 crore.
Malayalam,2024,Premalu,ww_gross_cr,136.25,,136.25,,,,,,,,,,Indian,,0,,,,,,Bhavana Studios; Fahadh Faasil and Friends; Working Class Hero,,,https://en.wikipedia.org/wiki/List_of_highest-grossing_Malayalam_films,Same all-time table. Rank 13. WW as written: ₹136.25 crore.
Malayalam,2019,Lucifer,ww_gross_cr,125.5,,125.5,,,,,30.0,,,,broke many box office records for a Malayalam film; fastest Malayalam film to reach ₹50/₹100 crore milestones; first Malayalam film to earn more than ₹200 crore including satellite and digital rights; one of the highest-grossing Malayalam films,Indian,,0,,,,,,Aashirvad Cinemas,,,https://en.wikipedia.org/wiki/List_of_highest-grossing_Malayalam_films,"The year page https://en.wikipedia.org/wiki/List_of_Malayalam_films_of_2019 has NO box-office / highest-grossing table (only monthly release tables, dubbed films, deaths), so no top-3 table is available for this year; only the year's #1 is available, from the 'Highest-grossing films by year' table (cols: Year|Title|Worldwide gross) on the all-time list page. WW as written in by-year table: ₹125.50–127 crores (lower bound used); main all-time table (rank 14) gives ₹129 crore; production from main table. Infobox budget ₹30 crore; infobox box office est. ₹129 crore. Article title 'Lucifer (2019 Indian film)'. Film article: https://en.wikipedia.org/wiki/Lucifer_(2019_Indian_film)."
Malayalam,2024,Marco,ww_gross_cr,110.0,,110.0,,,,,,,,,,Indian,,0,,,,,,Cubes Entertainments,,,https://en.wikipedia.org/wiki/List_of_highest-grossing_Malayalam_films,Same all-time table. Rank 16. WW as written: ₹110 crore (2024 year-page table: ₹115 crores).
Malayalam,2024,ARM,ww_gross_cr,106.75,,106.75,,,,,,,,,,Indian,,0,,,,,,Magic Frames; UGM Entertainment,,,https://en.wikipedia.org/wiki/List_of_highest-grossing_Malayalam_films,Same all-time table. Rank 17. WW as written: ₹106.75 crore (2024 year-page table: ₹107.77 crores).
Malayalam,2024,Guruvayoor Ambalanadayil,ww_gross_cr,90.25,,90.25,,,,,,,,,,Indian,,0,,,,,,Prithviraj Productions; E4 Entertainment,,,https://en.wikipedia.org/wiki/List_of_highest-grossing_Malayalam_films,Same all-time table. Rank 18. WW as written: ₹90.25 crore (2024 year-page table: ₹90 crores).
Malayalam,2022,Bheeshma Parvam,ww_gross_cr,85.0,,85.0,,,,,,,,,broke many box office records for a Malayalam film; grossed over ₹86 crore; one of the highest-grossing Malayalam films of all time,Indian,,0,,,,,,Amal Neerad Productions,,,https://en.wikipedia.org/wiki/List_of_highest-grossing_Malayalam_films,"The year page https://en.wikipedia.org/wiki/List_of_Malayalam_films_of_2022 has NO box-office / highest-grossing table (only monthly release tables, dubbed films, deaths), so no top-3 table is available for this year; only the year's #1 is available, from the 'Highest-grossing films by year' table (cols: Year|Title|Worldwide gross) on the all-time list page. WW as written in by-year table: ₹85 crore; main all-time table (rank 19) gives ₹88.10 crore; production from main table. Infobox: no Budget field (none in body); box office est. ₹88.1 crore. Film article: https://en.wikipedia.org/wiki/Bheeshma_Parvam."
Malayalam,2023,Neru,ww_gross_cr,86.0,,86.0,,,,,,,,,commercial success grossing ₹86 crore worldwide; second highest grossing Malayalam film of the year; one of the highest-grossing Malayalam films of all time,Indian,,0,,,,,,Aashirvad Cinemas,,,https://en.wikipedia.org/wiki/List_of_Malayalam_films_of_2023,Same year table. Rank 2; gross as written ₹86 crores. Infobox: no Budget field; box office ₹86 crore. Article title 'Neru (film)'. Film article: https://en.wikipedia.org/wiki/Neru_(film).
Kannada,2018,The Villain,ww_gross_cr,60.0,,60.0,,,,,40.0,,,,mixed reviews from critics; collections claimed by makers 'inflated' per trade; finally collected around ₹57 crores as against the claim of ₹60 crores by the makers,Indian,,0,,,,,,Tanvi Shanvi Films,,,https://en.wikipedia.org/wiki/List_of_Kannada_films_of_2018,Same year table. Rank 2; gross as written ₹60 crore (US$6.2 million). Infobox budget ₹40–45 crore (lower bound used); infobox box office ₹54–57 crore (lower than the year table's ₹60 crore). Excluded from the all-time list for ambiguity in collections. Film article: https://en.wikipedia.org/wiki/The_Villain_(2018_film).
Kannada,2018,Raambo 2,ww_gross_cr,27.0,,27.0,,,,,7.0,,,,positive reviews; declared a blockbuster at box-office; completed 100 days; comeback hit,Indian,,1,,,,,,Ladoo Cinema House; De Arte Studios,,,https://en.wikipedia.org/wiki/List_of_Kannada_films_of_2018,Same year table. Rank 3; gross as written ₹27 crore (US$2.8 million). Infobox budget ₹7 crores; infobox box office ₹27 crores. Film article: https://en.wikipedia.org/wiki/Raambo_2.
Kannada,2018,Sarkari Hi. Pra. Shaale,ww_gross_cr,20.0,,20.0,,,,,,,,,,Indian,,0,,,,,,Rishab Shetty Films,,,https://en.wikipedia.org/wiki/List_of_Kannada_films_of_2018,Same year table. Rank 4; gross as written ₹20 crore (US$2.1 million). Film article not fetched (not top 3).
Kannada,2018,Tagaru,ww_gross_cr,53.0,,53.0,,,,,,,,,positive reviews; one of the highest-grossing Kannada film of 2018,Indian,,0,,,,,,Venus Entertainers,,,https://en.wikipedia.org/wiki/List_of_Kannada_films_of_2018,"Same year table. Rank 5 as listed, but its ₹53 crore (US$5.5 million) gross is the 3rd highest in the table, so the film article was also fetched. Infobox has no Budget and no Box office field. Film article: https://en.wikipedia.org/wiki/Tagaru."
Kannada,2018,Ambi Ning Vayassaytho,ww_gross_cr,10.0,,10.0,,,,,,,,,,Indian,,0,,,,,,Kichcha Creations,,,https://en.wikipedia.org/wiki/List_of_Kannada_films_of_2018,Same year table. Rank 6; gross as written ₹10 crore.
Kannada,2018,Ayogya,ww_gross_cr,5.0,,5.0,,,,,,,,,,Indian,,0,,,,,,Crystal Park Cinemas,,,https://en.wikipedia.org/wiki/List_of_Kannada_films_of_2018,Same year table. Rank 7; gross as written ₹5 crore.
Kannada,2018,Dandupalya 3,ww_gross_cr,4.5,,4.5,,,,,,,,,,Indian,,1,,,,,,SRT Entertainers,,,https://en.wikipedia.org/wiki/List_of_Kannada_films_of_2018,Same year table. Rank 8; gross as written ₹4.5 crore.
Kannada,2018,Victory 2,ww_gross_cr,3.5,,3.5,,,,,,,,,,Indian,,1,,,,,,Tharun Talkies,,,https://en.wikipedia.org/wiki/List_of_Kannada_films_of_2018,Same year table. Rank 9; gross as written ₹3.5 crore.
Kannada,2019,Avane Srimannarayana,ww_gross_cr,56.0,,56.0,,,,,20.0,,,,Produced on a budget of ₹200–240 million ... grossed ₹560 million worldwide (no hit/flop adjective in lead),Indian,,0,,,,,,Pushkar Films; Sri Devi Entertainers; Paramvah Studios,,,https://en.wikipedia.org/wiki/List_of_Kannada_films_of_2019,Same year table. Rank 2; gross as written ₹56 crore (US$5.8 million). Infobox budget ₹20–24 crore (lower bound used); infobox box office est. ₹56 crore. Film article: https://en.wikipedia.org/wiki/Avane_Srimannarayana.
Kannada,2019,Pailwaan,ww_gross_cr,53.0,,53.0,,,,,40.0,,,,,Indian,,0,,,,,,Zee Studios; RRR Motion Pictures Production,,,https://en.wikipedia.org/wiki/List_of_Kannada_films_of_2019,Same year table. Rank 3; gross as written ₹53 crore (US$5.5 million). Infobox budget ₹40 crore; infobox box office ₹52.70 crore. Lead contains no box-office verdict wording. Film article: https://en.wikipedia.org/wiki/Pailwaan.
Kannada,2019,Yajamana,ww_gross_cr,50.0,,50.0,,,,,,,,,,Indian,,0,,,,,,Media House Studios,,,https://en.wikipedia.org/wiki/List_of_Kannada_films_of_2019,Same year table. Rank 4; gross as written ₹50 crore (US$5.2 million).
Kannada,2019,Natasaarvabhowma,ww_gross_cr,50.0,,50.0,,,,,,,,,,Indian,,0,,,,,,Rockline Entertainments,,,https://en.wikipedia.org/wiki/List_of_Kannada_films_of_2019,Same year table. Rank 5; gross as written ₹50 crore (US$5.2 million).
Kannada,2019,Odeya,ww_gross_cr,7.9,,7.9,,,,,,,,,,Indian,,0,,,,,,Sandesh Productions,,,https://en.wikipedia.org/wiki/List_of_Kannada_films_of_2019,"Same year table. Rank 6; gross as written ₹7.9 crore (US$820,000)."
Kannada,2020,Popcorn Monkey Tiger,ww_gross_cr,6.0,,6.0,,,,,,,,,underperformed at the box office,Indian,,0,,,,,,Studio 18,,,https://en.wikipedia.org/wiki/List_of_Kannada_films_of_2020,"Year-page table, WORLDWIDE GROSS (gross, not net); no budget column; Ref column omitted. Section 'Highest worldwide gross of 2020' (cols: Rank|Title|Production company|Gross|Ref.), only 2 rows; intro: 'The highest-grossing Sandalwood films released in 2020, by worldwide box office gross revenue, are as follows'. Rank 1; gross as written ₹6 crore (US$710,000). Infobox: no Budget field; box office ₹6.03 crore. Film article: https://en.wikipedia.org/wiki/Popcorn_Monkey_Tiger."
Kannada,2020,Shivaji Surathkal,ww_gross_cr,2.0,,2.0,,,,,,,,,the highest-grossing Kannada film of 2020,Indian,,0,,,,,,Anjanadri Cine creations,,,https://en.wikipedia.org/wiki/List_of_Kannada_films_of_2020,"Same year table. Rank 2; gross as written ₹2 crore (US$240,000). CONFLICT: the film article lead and the all-time page's 'by year' table both call Shivaji Surathkal the highest-grossing Kannada film of 2020, while this year table ranks Popcorn Monkey Tiger first. Article title 'Shivaji Surathkal: The Case of Ranagiri Rahasya'; infobox has no Budget and no Box office field. Film article: https://en.wikipedia.org/wiki/Shivaji_Surathkal."
Kannada,2021,Roberrt,ww_gross_cr,78.0,,78.0,,,,,,,,,the highest-grossing Kannada film of 2021; mixed-to-positive reviews,Indian,,0,,,,,,Umapathy Films,,,https://en.wikipedia.org/wiki/List_of_Kannada_films_of_2021,"Year-page table, WORLDWIDE GROSS (gross, not net); no budget column; Ref column omitted. Section 'Highest worldwide gross of 2021' (cols: Rank|Title|Gross|Production company|Ref.); gross cells also carry 2023 inflation equivalents (omitted here). Rank 1; gross as written ₹78 crore. Infobox: no Budget field; box office est. ₹55–78 crore. All-time list excludes it: producer admitted fabricated/inflated collections, actual ₹55 crore vs trade estimate ₹78 crore. Film article: https://en.wikipedia.org/wiki/Roberrt."
Kannada,2021,Kotigobba 3,ww_gross_cr,45.32,,45.32,,,,,25.0,,,,mixed reviews from critics; commercial success at the box office,Indian,,1,,,,,,Rambabu Productions,,,https://en.wikipedia.org/wiki/List_of_Kannada_films_of_2021,Same year table. Rank 2; gross as written ₹45.32 crore. Infobox budget ₹25 crore; box office ₹45.32 crore. Film article: https://en.wikipedia.org/wiki/Kotigobba_3.
Kannada,2021,Pogaru,ww_gross_cr,45.0,,45.0,,,,,25.0,,,,mixed reviews from critics; commercial success,Indian,,0,,,,,,Sri Jagadguru Movies,,,https://en.wikipedia.org/wiki/List_of_Kannada_films_of_2021,Same year table. Rank 3; gross as written ₹45 crore. Infobox budget ₹25−30 crore (lower bound used); box office ₹45 crore. Excluded from the all-time list for ambiguity in collections. Film article: https://en.wikipedia.org/wiki/Pogaru.
Kannada,2021,Yuvarathnaa,ww_gross_cr,32.41,,32.41,,,,,,,,,,Indian,,0,,,,,,Hombale Films,,,https://en.wikipedia.org/wiki/List_of_Kannada_films_of_2021,Same year table. Rank 4; gross as written ₹32.41 crore.
Kannada,2021,Madhagaja,ww_gross_cr,25.7,,25.7,,,,,,,,,,Indian,,0,,,,,,Umapathy Films,,,https://en.wikipedia.org/wiki/List_of_Kannada_films_of_2021,Same year table. Rank 5; gross as written ₹25.7 crore.
Kannada,2021,Salaga,ww_gross_cr,25.0,,25.0,,,,,,,,,,Indian,,0,,,,,,Venus Enterrtainer,,,https://en.wikipedia.org/wiki/List_of_Kannada_films_of_2021,Same year table. Rank 6; gross as written ₹25 crore. Production company spelled 'Venus Enterrtainer' on the page.
Kannada,2021,Badava Rascal,ww_gross_cr,16.0,,16.0,,,,,,,,,,Indian,,0,,,,,,Daali Pictures,,,https://en.wikipedia.org/wiki/List_of_Kannada_films_of_2021,Same year table. Rank 7; gross as written ₹16 crore.
Kannada,2022,K.G.F: Chapter 2,ww_gross_cr,1200.0,,1200.0,,,,,100.0,,,,surpassed the lifetime gross of its predecessor in two days to become the highest-grossing Kannada film; second highest grossing Indian film of 2022 worldwide; highest grossing film of 2022 in India; sixth highest-grossing Indian film worldwide,Indian,,1,,,,,,Hombale Films,,,https://en.wikipedia.org/wiki/List_of_Kannada_films_of_2022,"Year-page table, WORLDWIDE GROSS (gross, not net); no budget column; Ref column omitted. Section 'Highest worldwide gross of 2022' (cols: Rank|Title|Production company|Gross|Ref.). Rank 1; gross as written ₹1,200 crore–₹1,250 crore (lower bound used). Film-article infobox was not captured by the fetch; lead says 'Produced on a budget of ₹100 crore' (used) while the body elsewhere says ₹125 crore; lead gives earnings '₹1,190−1,250 crore globally'. Film article: https://en.wikipedia.org/wiki/K.G.F:_Chapter_2."
Kannada,2022,Gaalipata 2,ww_gross_cr,35.0,,35.0,,,,,,,,,,Indian,,1,,,,,,Suraj Production,,,https://en.wikipedia.org/wiki/List_of_Kannada_films_of_2022,Same year table. Rank 6; gross as written ₹35 crore.
Kannada,2022,Love Mocktail 2,ww_gross_cr,21.0,,21.0,,,,,,,,,,Indian,,1,,,,,,Krishna Talkies,,,https://en.wikipedia.org/wiki/List_of_Kannada_films_of_2022,Same year table. Rank 7; gross as written ₹21 crore.
Kannada,2022,Vedha,ww_gross_cr,19.8,,19.8,,,,,,,,,,Indian,,0,,,,,,Zee Studio; Geeta Pictures,,,https://en.wikipedia.org/wiki/List_of_Kannada_films_of_2022,Same year table. Rank 8; gross as written ₹19.8 crore.
Kannada,2023,Kaatera,ww_gross_cr,67.0,,67.0,,,,,45.0,,,,positive reviews from critics; highest-grossing Kannada film of 2023; tenth highest-grossing Kannada film of all-time,Indian,,0,,,,,,Rockline Productions,,,https://en.wikipedia.org/wiki/List_of_Kannada_films_of_2023,"Year-page table, WORLDWIDE GROSS (gross, not net); no budget column; Ref column omitted. Section 'Highest worldwide gross of 2023' (cols: Rank|Title|Production company|Gross|Ref). Rank 1; gross as written ₹67 crore (US$7.0 million). Infobox budget ₹45 crore; box office est. ₹67–200 crore. Excluded from the all-time list because sources range ₹67–200 crore. Film article: https://en.wikipedia.org/wiki/Kaatera."
Kannada,2023,Kranti,ww_gross_cr,41.0,,41.0,,,,,,,,,negative reviews from critics and audience,Indian,,0,,,,,,Media House Studios,,,https://en.wikipedia.org/wiki/List_of_Kannada_films_of_2023,Same year table. Rank 2; gross as written ₹41 crore (US$4.3 million). Infobox: no Budget field (none in body either); box office ₹41 crore. Film article: https://en.wikipedia.org/wiki/Kranti_(2023_film).
Kannada,2023,Kabzaa,ww_gross_cr,30.0,,30.0,,,,,120.0,,,,negative reviews from critics; box-office bomb; commercial failure,Indian,,0,,,,,,Anand Pandit Motion Pictures,,,https://en.wikipedia.org/wiki/List_of_Kannada_films_of_2023,Same year table. Rank 3; gross as written ₹30 crore (US$3.1 million). Infobox budget ₹120 crore; box office ₹30–45 crore. Film article: https://en.wikipedia.org/wiki/Kabzaa_(2023_film).
Kannada,2023,Hostel Hudugaru Bekagiddare,ww_gross_cr,25.0,,25.0,,,,,,,,,,Indian,,0,,,,,,Gulmohur Films; Varrun Studios,,,https://en.wikipedia.org/wiki/List_of_Kannada_films_of_2023,Same year table. Rank 4; gross as written ₹25 crore.
Kannada,2023,Ghost,ww_gross_cr,24.3,,24.3,,,,,,,,,,Indian,,0,,,,,,Sandesh Productions,,,https://en.wikipedia.org/wiki/List_of_Kannada_films_of_2023,Same year table. Rank 5; gross as written ₹24.30 crore.
Kannada,2023,Sapta Saagaradaache Ello – Side A,ww_gross_cr,21.0,,21.0,,,,,,,,,,Indian,,0,,,,,,Paramvah Studios,,,https://en.wikipedia.org/wiki/List_of_Kannada_films_of_2023,Same year table. Rank 6; gross as written ₹21 crore.
Kannada,2023,Sapta Saagaradaache Ello – Side B,ww_gross_cr,15.6,,15.6,,,,,,,,,,Indian,,0,,,,,,Paramvah Studios,,,https://en.wikipedia.org/wiki/List_of_Kannada_films_of_2023,Same year table. Rank 7; gross as written ₹15.6 crore.
Kannada,2023,Bad Manners,ww_gross_cr,6.5,,6.5,,,,,,,,,,Indian,,0,,,,,,Studio 18,,,https://en.wikipedia.org/wiki/List_of_Kannada_films_of_2023,Same year table. Rank 8; gross as written ₹6.5 crore.
Kannada,2023,Gurudev Hoysala,ww_gross_cr,2.6,,2.6,,,,,,,,,,Indian,,0,,,,,,KRG Studios,,,https://en.wikipedia.org/wiki/List_of_Kannada_films_of_2023,Same year table. Rank 9; gross as written ₹2.6 crore–₹2.9 crore (lower bound used).
Kannada,2024,Max,ww_gross_cr,62.0,,62.0,,,,,,,,,highest grossing Kannada film of 2024,Indian,,0,,,,,,V Creations; Kiccha Creations,,,https://en.wikipedia.org/wiki/List_of_Kannada_films_of_2024,"Year-page table, WORLDWIDE GROSS (gross, not net); no budget column; Ref column omitted. Section 'Highest grossing Kannada films of 2024' (cols: Rank|Title|Production company|Worldwide gross|Ref). Rank 1; gross as written ₹62 crore. Infobox: no Budget field (no budget anywhere in article); box office ₹62 crore. Film article: https://en.wikipedia.org/wiki/Max_(2024_film)."
Kannada,2024,UI,ww_gross_cr,47.0,,47.0,,,,,60.0,,,,mixed reviews from critics and audience,Indian,,0,,,,,,Lahari Films; Venus Entertainers,,,https://en.wikipedia.org/wiki/List_of_Kannada_films_of_2024,Same year table. Rank 2; gross as written ₹47 crore. Infobox budget ₹60–100 crore (lower bound used); box office ₹47 crore. Film article: https://en.wikipedia.org/wiki/UI_(film).
Kannada,2024,Bhairathi Ranagal,ww_gross_cr,30.0,,30.0,,,,,18.0,,,,positive reviews from critics; reported to be profitable at the box office,Indian,,0,,,,,,Geetha Pictures,,,https://en.wikipedia.org/wiki/List_of_Kannada_films_of_2024,Same year table. Rank 3; gross as written ₹30 crore (tied with rank-4 Bagheera). Infobox budget ₹18–20 crore (lower bound used); box office ₹30 crore. Film article: https://en.wikipedia.org/wiki/Bhairathi_Ranagal.
Kannada,2024,Bagheera,ww_gross_cr,30.0,,30.0,,,,,20.0,,,,grossed over ₹30 crore,Indian,,0,,,,,,Hombale Films,,,https://en.wikipedia.org/wiki/List_of_Kannada_films_of_2024,"Same year table. Rank 4; gross as written ₹30 crore (tied with rank 3, so film article also fetched). Infobox budget ₹20 crore; box office est. ₹30 crore. Film article: https://en.wikipedia.org/wiki/Bagheera_(2024_film)."
Kannada,2024,Bheema,ww_gross_cr,29.2,,29.2,,,,,,,,,,Indian,,0,,,,,,Jagadish Films; Krishna Creations,,,https://en.wikipedia.org/wiki/List_of_Kannada_films_of_2024,Same year table. Rank 5; gross as written ₹29.2 crore.
Kannada,2024,Martin,ww_gross_cr,27.6,,27.6,,,,,,,,,,Indian,,0,,,,,,Uday K Mehta Films; Vasavi Enterprises,,,https://en.wikipedia.org/wiki/List_of_Kannada_films_of_2024,Same year table. Rank 6; gross as written ₹27.6 crore.
Kannada,2024,Krishnam Pranaya Sakhi,ww_gross_cr,25.2,,25.2,,,,,,,,,,Indian,,0,,,,,,Trishul Entertainments,,,https://en.wikipedia.org/wiki/List_of_Kannada_films_of_2024,Same year table. Rank 7; gross as written ₹25.2 crore.
Kannada,2024,Yuva,ww_gross_cr,19.4,,19.4,,,,,,,,,,Indian,,0,,,,,,Hombale Films,,,https://en.wikipedia.org/wiki/List_of_Kannada_films_of_2024,Same year table. Rank 8; gross as written ₹19.4 crore.
Kannada,2024,Upadhyaksha,ww_gross_cr,10.0,,10.0,,,,,,,,,,Indian,,0,,,,,,DN Cinemas; Umapathi Films,,,https://en.wikipedia.org/wiki/List_of_Kannada_films_of_2024,Same year table. Rank 9; gross as written ₹10 crore.
Kannada,2025,Mahavatar Narsimha,ww_gross_cr,300.0,,300.0,,,,,20.0,,,,seventh highest-grossing Indian film of 2025; highest-grossing Indian animated film; highest-grossing animated film in India,Indian,,0,,,,,,Kleem Productions,,,https://en.wikipedia.org/wiki/List_of_Kannada_films_of_2025,"Same year table. Rank 2; gross as written ₹300–325 crore # (lower bound used); '#' = multilingual, gross includes all simultaneous-language versions (infobox languages: Kannada, Hindi, Tamil, Malayalam, Telugu). Infobox budget ₹20 crore; box office ₹300–325 crore. Film article: https://en.wikipedia.org/wiki/Mahavatar_Narsimha."
Kannada,2025,Mark,ww_gross_cr,51.3,,51.3,,,,,,,,,,Indian,,0,,,,,,Sathya Jyothi Films; Kiccha Creations,,,https://en.wikipedia.org/wiki/List_of_Kannada_films_of_2025,Same year table. Rank 4; gross as written ₹51.30 crore.
Kannada,2025,The Devil,ww_gross_cr,43.0,,43.0,,,,,,,,,,Indian,,0,,,,,,Vaishno Studios; Jai Mata Combines,,,https://en.wikipedia.org/wiki/List_of_Kannada_films_of_2025,Same year table. Rank 5; gross as written ₹43 crore.
Kannada,2025,45,ww_gross_cr,21.0,,21.0,,,,,,,,,,Indian,,0,,,,,,Suraj Productions,,,https://en.wikipedia.org/wiki/List_of_Kannada_films_of_2025,Same year table. Rank 6; gross as written ₹21 crore.
Kannada,2025,Junior,ww_gross_cr,16.0,,16.0,,,,,,,,,,Indian,,0,,,,,,Vaaraahi Chalana Chitram,,,https://en.wikipedia.org/wiki/List_of_Kannada_films_of_2025,Same year table. Rank 7; gross as written ₹16 crore.
Kannada,2025,Ekka,ww_gross_cr,12.0,,12.0,,,,,,,,,,Indian,,0,,,,,,PRK Productions; KRG Studios; Jayanna Films,,,https://en.wikipedia.org/wiki/List_of_Kannada_films_of_2025,Same year table. Rank 8; gross as written ₹12 crore.
Kannada,2025,Choo Mantar,ww_gross_cr,5.0,,5.0,,,,,,,,,,Indian,,0,,,,,,Tharun Studios,,,https://en.wikipedia.org/wiki/List_of_Kannada_films_of_2025,Same year table. Rank 9; gross as written ₹5 crore.
Malayalam,2018,Kayamkulam Kochunni,ww_gross_cr,67.0,,67.0,,,,,45.0,,,,positive critical response; commercial success; highest-grossing Malayalam film of 2018,Indian,,0,,,,,,,,,https://en.wikipedia.org/wiki/List_of_highest-grossing_Malayalam_films,"The year page https://en.wikipedia.org/wiki/List_of_Malayalam_films_of_2018 has NO box-office / highest-grossing table (only monthly release tables, dubbed films, deaths), so no top-3 table is available for this year; only the year's #1 is available, from the 'Highest-grossing films by year' table (cols: Year|Title|Worldwide gross) on the all-time list page. WW as written in by-year table: ₹67−70 crore (lower bound used). Infobox budget ₹45 crore; infobox box office ₹70 crore. No production column in by-year table. Film article: https://en.wikipedia.org/wiki/Kayamkulam_Kochunni_(2018_film)."
Malayalam,2020,Anjaam Pathiraa,ww_gross_cr,47.65,,47.65,,,,,,,,,positive reviews from critics; highest-grossing Malayalam film of 2020; success,Indian,,0,,,,,,,,,https://en.wikipedia.org/wiki/List_of_highest-grossing_Malayalam_films,"The year page https://en.wikipedia.org/wiki/List_of_Malayalam_films_of_2020 has NO box-office / highest-grossing table (only monthly release tables, dubbed films, deaths), so no top-3 table is available for this year; only the year's #1 is available, from the 'Highest-grossing films by year' table (cols: Year|Title|Worldwide gross) on the all-time list page. WW as written in by-year table: ₹47.65 crore. Infobox: no Budget field; box office est. ₹50 crore. Film article: https://en.wikipedia.org/wiki/Anjaam_Pathiraa."
Malayalam,2021,Kurup,ww_gross_cr,81.0,,81.0,,,,,35.0,,,,critical and commercial success; grossed over ₹78 crores worldwide; among the highest-grossing Malayalam films; critical acclaim,Indian,,0,,,,,,,,,https://en.wikipedia.org/wiki/List_of_Malayalam_films_of_2021,"Year page has no formal table; its opening section (before JANUARY) carries an UNLABELED list — 'Kurup- 81 crore', 'Marakkar: Lion of the Arabian Sea- 47 crore', 'Ajagajantharam- 11 crore' — with no header stating gross/net or worldwide/India (treated here as worldwide gross because the all-time page's by-year table gives Kurup ₹81 crore worldwide). No production column. Listed 1st: '81 crore'; by-year table on all-time page: ₹81 crore. Infobox budget est. ₹35 crore; box office est. ₹81 crore. Film article: https://en.wikipedia.org/wiki/Kurup_(film)."
Malayalam,2021,Marakkar: Lion of the Arabian Sea,ww_gross_cr,47.0,,47.0,,,,,100.0,,,,mixed to negative reviews; box office bomb,Indian,,0,,,,,,,,,https://en.wikipedia.org/wiki/List_of_Malayalam_films_of_2021,"Year page has no formal table; its opening section (before JANUARY) carries an UNLABELED list — 'Kurup- 81 crore', 'Marakkar: Lion of the Arabian Sea- 47 crore', 'Ajagajantharam- 11 crore' — with no header stating gross/net or worldwide/India (treated here as worldwide gross because the all-time page's by-year table gives Kurup ₹81 crore worldwide). No production column. Listed 2nd: '47 crore'. Infobox budget ₹100 crore; infobox has no Box office value. Film article: https://en.wikipedia.org/wiki/Marakkar:_Lion_of_the_Arabian_Sea."
Malayalam,2021,Ajagajantharam,ww_gross_cr,11.0,,11.0,,,,,,,,,commercial success at the box office; 2021 year of sixth highest grossing Malayalam film,Indian,,0,,,,,,,,,https://en.wikipedia.org/wiki/List_of_Malayalam_films_of_2021,"Year page has no formal table; its opening section (before JANUARY) carries an UNLABELED list — 'Kurup- 81 crore', 'Marakkar: Lion of the Arabian Sea- 47 crore', 'Ajagajantharam- 11 crore' — with no header stating gross/net or worldwide/India (treated here as worldwide gross because the all-time page's by-year table gives Kurup ₹81 crore worldwide). No production column. Listed 3rd: '11 crore', but its own article calls it the SIXTH highest-grossing Malayalam film of 2021, so the year page's 3-item list is not a reliable top 3. Infobox has no Budget and no Box office field. Film article: https://en.wikipedia.org/wiki/Ajagajantharam."
Malayalam,2023,RDX: Robert Dony Xavier,ww_gross_cr,84.55,,84.55,,,,,8.0,,,,positive reviews from critics; grossed over ₹84 crore worldwide; collected ₹50 crore from Kerala state alone; third highest-grossing Malayalam film of the year,Indian,,0,,,,,,Weekend Blockbusters,,,https://en.wikipedia.org/wiki/List_of_Malayalam_films_of_2023,Same year table. Rank 3; gross as written ₹84.55 crores. Infobox had no Budget/Box office values; budget ₹8 crore from article body ('made on a budget of ₹8 crore'). Article title 'RDX (film)'. Film article: https://en.wikipedia.org/wiki/RDX:_Robert_Dony_Xavier.
Malayalam,2023,Kannur Squad,ww_gross_cr,82.0,,82.0,,,,,,,,,,Indian,,0,,,,,,Mammootty Kampany,,,https://en.wikipedia.org/wiki/List_of_Malayalam_films_of_2023,Same year table. Rank 4; gross as written ₹82 crores.
Malayalam,2023,Romancham,ww_gross_cr,70.0,,70.0,,,,,,,,,,Indian,,0,,,,,,Guppy Cinemas,,,https://en.wikipedia.org/wiki/List_of_Malayalam_films_of_2023,Same year table. Rank 5; gross as written ₹70 crores.
Malayalam,2023,King of Kotha,ww_gross_cr,38.33,,38.33,,,,,,,,,,Indian,,0,,,,,,Warfare films; Zee Studios,,,https://en.wikipedia.org/wiki/List_of_Malayalam_films_of_2023,Same year table. Rank 6; gross as written ₹38.33 crores.
Malayalam,2023,Garudan,ww_gross_cr,27.0,,27.0,,,,,,,,,,Indian,,0,,,,,,Magic Framce,,,https://en.wikipedia.org/wiki/List_of_Malayalam_films_of_2023,Same year table. Rank 7; gross as written ₹27 crores. Production spelled 'Magic Framce' on the page (sic).
Malayalam,2023,Voice of Sathyanathan,ww_gross_cr,23.0,,23.0,,,,,,,,,,Indian,,0,,,,,,Badhusha Cinemas & 2 production companies,,,https://en.wikipedia.org/wiki/List_of_Malayalam_films_of_2023,Same year table. Rank 8; gross as written ₹23 crores; production cell as returned by fetch.
Malayalam,2023,Pachuvum Athbutha Vilakkum,ww_gross_cr,17.2,,17.2,,,,,,,,,,Indian,,0,,,,,,Full moon cinemas,,,https://en.wikipedia.org/wiki/List_of_Malayalam_films_of_2023,Same year table. Rank 9; gross as written ₹17.20 crores.
Malayalam,2023,Falimy,ww_gross_cr,17.1,,17.1,,,,,,,,,,Indian,,0,,,,,,Cheere Entertainment,,,https://en.wikipedia.org/wiki/List_of_Malayalam_films_of_2023,Same year table. Rank 10; gross as written ₹17.10 crores.
Malayalam,2024,Bramayugam,ww_gross_cr,85.0,,85.0,,,,,,,,,,Indian,,0,,,,,,YNOT Studios; Night Shift Studios,,,https://en.wikipedia.org/wiki/List_of_Malayalam_films_of_2024,Same year table. Rank 8; gross as written ₹85 crores.
Malayalam,2024,Varshangalkku Shesham,ww_gross_cr,82.75,,82.75,,,,,,,,,,Indian,,0,,,,,,Merryland Cinemas,,,https://en.wikipedia.org/wiki/List_of_Malayalam_films_of_2024,Same year table. Rank 9; gross as written ₹82.75 crores.
Malayalam,2024,Kishkindha Kaandam,ww_gross_cr,77.0,,77.0,,,,,,,,,,Indian,,0,,,,,,Goodwill Entertainments,,,https://en.wikipedia.org/wiki/List_of_Malayalam_films_of_2024,Same year table. Rank 10; gross as written ₹77 crores.
Malayalam,2025,Kalamkaval,ww_gross_cr,85.2,,85.2,,,,,,,,,,Indian,,0,,,,,,Mammootty Kampany,,,https://en.wikipedia.org/wiki/List_of_Malayalam_films_of_2025,Same year table. Rank 5; gross as written ₹85.2 crore.
Malayalam,2025,Diés Iraé,ww_gross_cr,83.0,,83.0,,,,,,,,,,Indian,,0,,,,,,Night Shift Studios; YNOT Studios,,,https://en.wikipedia.org/wiki/List_of_Malayalam_films_of_2025,Same year table. Rank 6; gross as written ₹83 crore.
Malayalam,2025,Hridayapoorvam,ww_gross_cr,75.6,,75.6,,,,,,,,,,Indian,,0,,,,,,Aashirvad Cinemas,,,https://en.wikipedia.org/wiki/List_of_Malayalam_films_of_2025,Same year table. Rank 7; gross as written ₹75.6–77.1 crore (lower bound used).
Malayalam,2025,Alappuzha Gymkhana,ww_gross_cr,65.0,,65.0,,,,,,,,,,Indian,,0,,,,,,Plan B Motion Pictures; Reelistic Studios,,,https://en.wikipedia.org/wiki/List_of_Malayalam_films_of_2025,Same year table. Rank 8; gross as written ₹65 crore.
Malayalam,2025,Rekhachithram,ww_gross_cr,57.3,,57.3,,,,,,,,,,Indian,,0,,,,,,Kavya Film Company; Ann Megha Media,,,https://en.wikipedia.org/wiki/List_of_Malayalam_films_of_2025,Same year table. Rank 9; gross as written ₹57.30 crore.
Malayalam,2025,Officer on Duty,ww_gross_cr,54.25,,54.25,,,,,,,,,,Indian,,0,,,,,,Martin Prakkat films,,,https://en.wikipedia.org/wiki/List_of_Malayalam_films_of_2025,Same year table. Rank 10; gross as written ₹54.25 crore.
Hollywood-India,2026,Spider-Man: Brand New Day,india_gross_cr,575.0,,,575.0,,,,,,,,,Foreign,,,,,,,,,,,https://en.wikipedia.org/wiki/List_of_highest-grossing_films_in_India,"India domestic total gross (all language versions in India), column ""Total gross"" — not net, not worldwide"
Hollywood-India,2022,Avatar: The Way of Water,india_gross_cr,484.36,,,484.36,,,,,,,,,Foreign,,,,,,,,,,,https://en.wikipedia.org/wiki/List_of_highest-grossing_films_in_India,"India domestic total gross (all language versions in India), column ""Total gross"" — not net, not worldwide"
Hollywood-India,2019,Avengers: Endgame,india_gross_cr,442.3,,,442.3,,,,,,,,,Foreign,,,,,,,,,,,https://en.wikipedia.org/wiki/List_of_highest-grossing_films_in_India,"India domestic total gross (all language versions in India), column ""Total gross"" — not net, not worldwide"
India-all,2016,Dangal,ww_gross_cr,1968.0,2054,1968.0,,,,,,,,,,Indian,Hindi,,,,,,,,,1,https://en.wikipedia.org/wiki/List_of_highest-grossing_Indian_films,"₹1,968–2,054 crore"
India-all,2026,Dhurandhar: The Revenge,ww_gross_cr,1852.44,,1852.44,,,,,,,,,,Indian,Hindi,,,,,,,,,2,https://en.wikipedia.org/wiki/List_of_highest-grossing_Indian_films,"₹1,852.44 crore"
India-all,2017,Baahubali 2: The Conclusion,ww_gross_cr,1810.43,,1810.43,,,,,,,,,,Indian,Telugu,,,,,,,,,3,https://en.wikipedia.org/wiki/List_of_highest-grossing_Indian_films,"₹1,810.43 crore"
India-all,2024,Pushpa 2: The Rule,ww_gross_cr,1642.0,1800,1642.0,,,,,,,,,,Indian,Telugu,,,,,,,,,4,https://en.wikipedia.org/wiki/List_of_highest-grossing_Indian_films,"₹1,642–1,800 crore"
India-all,2025,Dhurandhar,ww_gross_cr,1350.83,1428,1350.83,,,,,,,,,,Indian,Hindi,,,,,,,,,5,https://en.wikipedia.org/wiki/List_of_highest-grossing_Indian_films,"₹1,350.83–1,428 crore"
India-all,2022,RRR,ww_gross_cr,1300.0,1387,1300.0,,,,,,,,,,Indian,Telugu,,,,,,,,,6,https://en.wikipedia.org/wiki/List_of_highest-grossing_Indian_films,"₹1,300–1,387 crore"
India-all,2022,KGF: Chapter 2,ww_gross_cr,1200.0,1250,1200.0,,,,,,,,,,Indian,Kannada,,,,,,,,,7,https://en.wikipedia.org/wiki/List_of_highest-grossing_Indian_films,"₹1,200–1,250 crore"
India-all,2023,Jawan,ww_gross_cr,1148.32,,1148.32,,,,,,,,,,Indian,Hindi,,,,,,,,,8,https://en.wikipedia.org/wiki/List_of_highest-grossing_Indian_films,"₹1,148.32 crore"
India-all,2023,Pathaan,ww_gross_cr,1050.3,,1050.3,,,,,,,,,,Indian,Hindi,,,,,,,,,9,https://en.wikipedia.org/wiki/List_of_highest-grossing_Indian_films,"₹1,050.30 crore"
India-all,2024,Kalki 2898 AD,ww_gross_cr,1042.0,1100,1042.0,,,,,,,,,,Indian,Telugu,,,,,,,,,10,https://en.wikipedia.org/wiki/List_of_highest-grossing_Indian_films,"₹1,042–1,100 crore"
India-all,2023,Animal,ww_gross_cr,917.82,,917.82,,,,,,,,,,Indian,Hindi,,,,,,,,,11,https://en.wikipedia.org/wiki/List_of_highest-grossing_Indian_films,₹917.82 crore
India-all,2015,Bajrangi Bhaijaan,ww_gross_cr,900.9,969.06,900.9,,,,,,,,,,Indian,Hindi,,,,,,,,,12,https://en.wikipedia.org/wiki/List_of_highest-grossing_Indian_films,₹900.90–969.06 crore
India-all,2024,Stree 2,ww_gross_cr,874.58,,874.58,,,,,,,,,,Indian,Hindi,,,,,,,,,13,https://en.wikipedia.org/wiki/List_of_highest-grossing_Indian_films,₹874.58 crore
India-all,2017,Secret Superstar,ww_gross_cr,858.43,966,858.43,,,,,,,,,,Indian,Hindi,,,,,,,,,14,https://en.wikipedia.org/wiki/List_of_highest-grossing_Indian_films,₹858.43–966 crore
India-all,2025,Kantara: Chapter 1,ww_gross_cr,850.0,852,850.0,,,,,,,,,,Indian,Kannada,,,,,,,,,15,https://en.wikipedia.org/wiki/List_of_highest-grossing_Indian_films,₹850–852 crore
India-all,2025,Chhaava,ww_gross_cr,797.34,809,797.34,,,,,,,,,,Indian,Hindi,,,,,,,,,16,https://en.wikipedia.org/wiki/List_of_highest-grossing_Indian_films,₹797.34–809 crore
India-all,2014,PK,ww_gross_cr,750.6,769.89,750.6,,,,,,,,,,Indian,Hindi,,,,,,,,,17,https://en.wikipedia.org/wiki/List_of_highest-grossing_Indian_films,₹750.60–769.89 crore
India-all,2018,2.0,ww_gross_cr,699.89,800,699.89,,,,,,,,,,Indian,Tamil,,,,,,,,,18,https://en.wikipedia.org/wiki/List_of_highest-grossing_Indian_films,₹699.89–800 crore
India-all,2023,Gadar 2,ww_gross_cr,691.08,,691.08,,,,,,,,,,Indian,Hindi,,,,,,,,,19,https://en.wikipedia.org/wiki/List_of_highest-grossing_Indian_films,₹691.08 crore
India-all,2016,Sultan,ww_gross_cr,615.71,623.33,615.71,,,,,,,,,,Indian,Hindi,,,,,,,,,20,https://en.wikipedia.org/wiki/List_of_highest-grossing_Indian_films,₹615.71–623.33 crore
India-all,2023,Salaar: Part 1 – Ceasefire,ww_gross_cr,614.0,702,614.0,,,,,,,,,,Indian,Telugu,,,,,,,,,21,https://en.wikipedia.org/wiki/List_of_highest-grossing_Indian_films,₹614–702 crore
India-all,2023,Jailer,ww_gross_cr,605.0,650,605.0,,,,,,,,,,Indian,Tamil,,,,,,,,,22,https://en.wikipedia.org/wiki/List_of_highest-grossing_Indian_films,₹605–650 crore
India-all,2015,Baahubali: The Beginning,ww_gross_cr,599.72,650,599.72,,,,,,,,,,Indian,Telugu/Tamil,,,,,,,,,23,https://en.wikipedia.org/wiki/List_of_highest-grossing_Indian_films,₹599.72–650 crore
India-all,2023,Leo,ww_gross_cr,595.0,615,595.0,,,,,,,,,,Indian,Tamil,,,,,,,,,24,https://en.wikipedia.org/wiki/List_of_highest-grossing_Indian_films,₹595–615 crore
India-all,2018,Sanju,ww_gross_cr,586.85,,586.85,,,,,,,,,,Indian,Hindi,,,,,,,,,25,https://en.wikipedia.org/wiki/List_of_highest-grossing_Indian_films,₹586.85 crore
India-all,2025,Saiyaara,ww_gross_cr,579.23,,579.23,,,,,,,,,,Indian,Hindi,,,,,,,,,26,https://en.wikipedia.org/wiki/List_of_highest-grossing_Indian_films,₹579.23 crore
India-all,2017,Tiger Zinda Hai,ww_gross_cr,565.19,,565.19,,,,,,,,,,Indian,Hindi,,,,,,,,,27,https://en.wikipedia.org/wiki/List_of_highest-grossing_Indian_films,₹565.19 crore
India-all,2018,Padmaavat,ww_gross_cr,563.55,571.98,563.55,,,,,,,,,,Indian,Hindi,,,,,,,,,28,https://en.wikipedia.org/wiki/List_of_highest-grossing_Indian_films,₹563.55–571.98 crore
India-all,2013,Dhoom 3,ww_gross_cr,556.74,558.42,556.74,,,,,,,,,,Indian,Hindi,,,,,,,,,29,https://en.wikipedia.org/wiki/List_of_highest-grossing_Indian_films,₹556.74–558.42 crore
India-all,2025,Coolie,ww_gross_cr,514.0,675,514.0,,,,,,,,,,Indian,Tamil,,,,,,,,,30,https://en.wikipedia.org/wiki/List_of_highest-grossing_Indian_films,₹514–675 crore
India-all,2022,Ponniyin Selvan: I,ww_gross_cr,500.0,,500.0,,,,,,,,,,Indian,Tamil,,,,,,,,,31,https://en.wikipedia.org/wiki/List_of_highest-grossing_Indian_films,₹500 crore
India-all,2019,War,ww_gross_cr,474.79,475.62,474.79,,,,,,,,,,Indian,Hindi,,,,,,,,,32,https://en.wikipedia.org/wiki/List_of_highest-grossing_Indian_films,₹474.79–475.62 crore
India-all,2023,Dunki,ww_gross_cr,470.6,,470.6,,,,,,,,,,Indian,Hindi,,,,,,,,,33,https://en.wikipedia.org/wiki/List_of_highest-grossing_Indian_films,₹470.60 crore
India-all,2023,Tiger 3,ww_gross_cr,466.63,,466.63,,,,,,,,,,Indian,Hindi,,,,,,,,,34,https://en.wikipedia.org/wiki/List_of_highest-grossing_Indian_films,₹466.63 crore
India-all,2026,Border 2,ww_gross_cr,464.5,,464.5,,,,,,,,,,Indian,Hindi,,,,,,,,,35,https://en.wikipedia.org/wiki/List_of_highest-grossing_Indian_films,₹464.50 crore
India-all,2018,Andhadhun,ww_gross_cr,444.48,456.89,444.48,,,,,,,,,,Indian,Hindi,,,,,,,,,36,https://en.wikipedia.org/wiki/List_of_highest-grossing_Indian_films,₹444.48–456.89 crore
India-all,2024,The Greatest of All Time,ww_gross_cr,440.0,460,440.0,,,,,,,,,,Indian,Tamil,,,,,,,,,37,https://en.wikipedia.org/wiki/List_of_highest-grossing_Indian_films,₹440–460 crore
India-all,2019,Saaho,ww_gross_cr,434.0,439,434.0,,,,,,,,,,Indian,Telugu/Hindi,,,,,,,,,38,https://en.wikipedia.org/wiki/List_of_highest-grossing_Indian_films,₹434–439 crore
India-all,2022,Vikram,ww_gross_cr,424.0,500,424.0,,,,,,,,,,Indian,Tamil,,,,,,,,,39,https://en.wikipedia.org/wiki/List_of_highest-grossing_Indian_films,₹424–500 crore
India-all,2024,Bhool Bhulaiyaa 3,ww_gross_cr,423.85,,423.85,,,,,,,,,,Indian,Hindi,,,,,,,,,40,https://en.wikipedia.org/wiki/List_of_highest-grossing_Indian_films,₹423.85 crore
India-all,2022,Brahmāstra: Part One – Shiva,ww_gross_cr,418.8,430.77,418.8,,,,,,,,,,Indian,Hindi,,,,,,,,,41,https://en.wikipedia.org/wiki/List_of_highest-grossing_Indian_films,₹418.80–430.77 crore
India-all,2022,Kantara,ww_gross_cr,400.0,450,400.0,,,,,,,,,,Indian,Kannada,,,,,,,,,42,https://en.wikipedia.org/wiki/List_of_highest-grossing_Indian_films,₹400–450 crore
India-all,2009,3 Idiots,ww_gross_cr,400.61,460,400.61,,,,,,,,,,Indian,Hindi,,,,,,,,,43,https://en.wikipedia.org/wiki/List_of_highest-grossing_Indian_films,₹400.61–460 crore
India-all,2013,Chennai Express,ww_gross_cr,395.92,424.54,395.92,,,,,,,,,,Indian,Hindi,,,,,,,,,44,https://en.wikipedia.org/wiki/List_of_highest-grossing_Indian_films,₹395.92–424.54 crore
India-all,2013,Krrish 3,ww_gross_cr,393.37,,393.37,,,,,,,,,,Indian,Hindi,,,,,,,,,45,https://en.wikipedia.org/wiki/List_of_highest-grossing_Indian_films,₹393.37 crore
India-all,2023,Adipurush,ww_gross_cr,392.7,,392.7,,,,,,,,,,Indian,Hindi/Telugu,,,,,,,,,46,https://en.wikipedia.org/wiki/List_of_highest-grossing_Indian_films,₹392.70 crore
India-all,2018,Simmba,ww_gross_cr,391.68,400.19,391.68,,,,,,,,,,Indian,Hindi,,,,,,,,,47,https://en.wikipedia.org/wiki/List_of_highest-grossing_Indian_films,₹391.68–400.19 crore
India-all,2024,Singham Again,ww_gross_cr,389.64,,389.64,,,,,,,,,,Indian,Hindi,,,,,,,,,48,https://en.wikipedia.org/wiki/List_of_highest-grossing_Indian_films,₹389.64 crore
India-all,2024,Devara: Part 1,ww_gross_cr,380.0,521,380.0,,,,,,,,,,Indian,Telugu,,,,,,,,,49,https://en.wikipedia.org/wiki/List_of_highest-grossing_Indian_films,₹380–521 crore
India-all,2021,Pushpa: The Rise,ww_gross_cr,360.0,,360.0,,,,,,,,,,Indian,Telugu,,,,,,,,,50,https://en.wikipedia.org/wiki/List_of_highest-grossing_Indian_films,₹360 crore
Global,2016,Captain America: Civil War,ww_gross_musd,1153.296,,,,,,,,250.0,,,,Foreign,,1,superhero,,,,,Disney,1,,https://en.wikipedia.org/wiki/Captain_America:_Civil_War,error: fetched article truncated by fetch tool before Reception section (ends in Marketing); Rotten Tomatoes not visible
Global,2016,Rogue One: A Star Wars Story,ww_gross_musd,1056.057,,,,,,,,200.0,,,,Foreign,,1,epic space opera,,,,84,Disney,2,,https://en.wikipedia.org/wiki/Rogue_One,note: distributor cell blank in fetched table (rowspan merged cell) - inherited from row above
Global,2016,Finding Dory,ww_gross_musd,1029.267,,,,,,,,200.0,,,,Foreign,,1,animated adventure comedy,,,,94,Disney,3,,https://en.wikipedia.org/wiki/Finding_Dory,note: distributor cell blank in fetched table (rowspan merged cell) - inherited from row above
Global,2016,Zootopia,ww_gross_musd,1023.784,,,,,,,,150.0,,,,Foreign,,0,animated buddy cop comedy,,,,98,Disney,4,,https://en.wikipedia.org/wiki/Zootopia,"note: distributor cell blank in fetched table (rowspan merged cell) - inherited from row above; note: original film (lead mentions a later sequel, Zootopia 2, 2025)"
Global,2016,The Jungle Book,ww_gross_musd,966.551,,,,,,,,175.0,,,,Foreign,,0,fantasy adventure,,,,94,Disney,5,,https://en.wikipedia.org/wiki/The_Jungle_Book_(2016_film),"note: distributor cell blank in fetched table (rowspan merged cell) - inherited from row above; note: live-action remake of Disney's 1967 animated film, not a sequel/series entry"
Global,2016,The Secret Life of Pets,ww_gross_musd,875.458,,,,,,,,75.0,,,,Foreign,,0,animated comedy,,,,70,Universal,6,,https://en.wikipedia.org/wiki/The_Secret_Life_of_Pets,"note: original film (lead mentions a later sequel, 2019)"
Global,2016,Batman v Superman: Dawn of Justice,ww_gross_musd,874.36,,,,,,,,250.0,,,,Foreign,,1,superhero,,,,,Warner Bros.,7,,https://en.wikipedia.org/wiki/Batman_v_Superman:_Dawn_of_Justice,"error: fetched article truncated by fetch tool inside Box office section, before Critical response; Rotten Tomatoes not visible"
Global,2016,Fantastic Beasts and Where to Find Them,ww_gross_musd,814.038,,,,,,,,175.0,,,,Foreign,,1,fantasy,,,,74,Warner Bros.,8,,https://en.wikipedia.org/wiki/Fantastic_Beasts_and_Where_to_Find_Them_(film),note: distributor cell blank in fetched table (rowspan merged cell) - inherited from row above
Global,2016,Deadpool,ww_gross_musd,782.612,,,,,,,,58.0,,,,Foreign,,1,superhero,,,,85,20th Century Fox,9,,https://en.wikipedia.org/wiki/Deadpool_(film),
Global,2016,Suicide Squad,ww_gross_musd,746.847,,,,,,,,175.0,,,,Foreign,,1,superhero,,,,26,Warner Bros.,10,,https://en.wikipedia.org/wiki/Suicide_Squad_(2016_film),
Global,2017,Star Wars: The Last Jedi,ww_gross_musd,1332.54,,,,,,,,343.2,,,,Foreign,,1,epic space opera,,,,91,Disney,1,,https://en.wikipedia.org/wiki/Star_Wars:_The_Last_Jedi,note: infobox budget given as '$414.6 million (gross); $343.2 million (net)'
Global,2017,Beauty and the Beast,ww_gross_musd,1263.521,,,,,,,,160.0,,,,Foreign,,0,musical romantic fantasy,,,,71,Disney,2,,https://en.wikipedia.org/wiki/Beauty_and_the_Beast_(2017_film),"note: distributor cell blank in fetched table (rowspan merged cell) - inherited from row above; note: live-action/CGI remake of the 1991 Disney animated film, not a sequel/series entry"
Global,2017,The Fate of the Furious,ww_gross_musd,1236.005,,,,,,,,250.0,,,,Foreign,,1,action,,,,67,Universal,3,,https://en.wikipedia.org/wiki/The_Fate_of_the_Furious,
Global,2017,Despicable Me 3,ww_gross_musd,1034.799,,,,,,,,75.0,,,,Foreign,,1,animated comedy,,,,58,Universal,4,,https://en.wikipedia.org/wiki/Despicable_Me_3,note: distributor cell blank in fetched table (rowspan merged cell) - inherited from row above
Global,2017,Jumanji: Welcome to the Jungle,ww_gross_musd,962.078,,,,,,,,90.0,,,,Foreign,,1,action-adventure,,,,77,Sony,5,,https://en.wikipedia.org/wiki/Jumanji:_Welcome_to_the_Jungle,
Global,2017,Spider-Man: Homecoming,ww_gross_musd,880.167,,,,,,,,175.0,,,,Foreign,,1,superhero,,,,,Sony,6,,https://en.wikipedia.org/wiki/Spider-Man:_Homecoming,"note: distributor cell blank in fetched table (rowspan merged cell) - inherited from row above; error: fetched article truncated by fetch tool in Post-production section, before Reception; Rotten Tomatoes not visible"
Global,2017,Wolf Warrior 2,ww_gross_musd,870.325,,,,,,,,30.1,,,,Foreign,,1,action,,,,67,United Entertainment,7,,https://en.wikipedia.org/wiki/Wolf_Warrior_2,note: infobox budget 'CN¥200 million (US$30.1 million)'
Global,2017,Guardians of the Galaxy Vol. 2,ww_gross_musd,869.088,,,,,,,,200.0,,,,Foreign,,1,superhero,,,,,Disney,8,,https://en.wikipedia.org/wiki/Guardians_of_the_Galaxy_Vol._2,"error: fetched article truncated by fetch tool in Soundtrack section, before Reception; Rotten Tomatoes not visible"
Global,2017,Thor: Ragnarok,ww_gross_musd,853.984,,,,,,,,180.0,,,,Foreign,,1,superhero,,,,,Disney,9,,https://en.wikipedia.org/wiki/Thor:_Ragnarok,"note: distributor cell blank in fetched table (rowspan merged cell) - inherited from row above; error: fetched article truncated by fetch tool in Home media section, before Reception; Rotten Tomatoes not visible"
Global,2017,Wonder Woman,ww_gross_musd,822.304,,,,,,,,149.0,,,,Foreign,,1,superhero,,,,93,Warner Bros.,10,,https://en.wikipedia.org/wiki/Wonder_Woman_(2017_film),
Global,2018,Avengers: Infinity War,ww_gross_musd,2048.36,,,,,,,,325.0,,,,Foreign,,1,superhero,,,,,Disney,1,,https://en.wikipedia.org/wiki/Avengers:_Infinity_War,"error: fetched article truncated by fetch tool inside Box office section, before Critical response; Rotten Tomatoes not visible"
Global,2018,Black Panther,ww_gross_musd,1347.598,,,,,,,,200.0,,,,Foreign,,1,superhero,,,,,Disney,2,,https://en.wikipedia.org/wiki/Black_Panther_(film),"note: distributor cell blank in fetched table (rowspan merged cell) - inherited from row above; error: fetched article truncated by fetch tool in Visual effects section, before Reception; Rotten Tomatoes not visible"
Global,2018,Jurassic World: Fallen Kingdom,ww_gross_musd,1308.468,,,,,,,,170.0,,,,Foreign,,1,science fiction action,,,,,Universal,3,,https://en.wikipedia.org/wiki/Jurassic_World:_Fallen_Kingdom,"error: fetched article truncated by fetch tool in Marketing section, before Reception; Rotten Tomatoes not visible. note: infobox budget reads '$170–465 million' (body: 'production budget of up to $465 million')"
Global,2018,Incredibles 2,ww_gross_musd,1242.805,,,,,,,,200.0,,,,Foreign,,1,animated superhero,,,,93,Disney,4,,https://en.wikipedia.org/wiki/Incredibles_2,
Global,2018,Aquaman,ww_gross_musd,1148.528,,,,,,,,160.0,,,,Foreign,,1,superhero,,,,66,Warner Bros.,5,,https://en.wikipedia.org/wiki/Aquaman_(film),
Global,2018,Bohemian Rhapsody,ww_gross_musd,911.027,,,,,,,,50.0,,,,Foreign,,0,musical biographical drama,,,,60,20th Century Fox,6,,https://en.wikipedia.org/wiki/Bohemian_Rhapsody_(film),
Global,2018,Venom,ww_gross_musd,856.085,,,,,,,,100.0,,,,Foreign,,1,superhero,,,,31,Sony,7,,https://en.wikipedia.org/wiki/Venom_(2018_film),note: franchise starter - lead: 'The first film in Sony's Spider-Man Universe (SSU)'
Global,2018,Mission: Impossible – Fallout,ww_gross_musd,791.115,,,,,,,,178.0,,,,Foreign,,1,action spy,,,,98,Paramount,8,,https://en.wikipedia.org/wiki/Mission:_Impossible_%E2%80%93_Fallout,
Global,2018,Deadpool 2,ww_gross_musd,785.897,,,,,,,,110.0,,,,Foreign,,1,superhero,,,,83,20th Century Fox,9,,https://en.wikipedia.org/wiki/Deadpool_2,
Global,2018,Fantastic Beasts: The Crimes of Grindelwald,ww_gross_musd,654.856,,,,,,,,200.0,,,,Foreign,,1,fantasy,,,,36,Warner Bros.,10,,https://en.wikipedia.org/wiki/Fantastic_Beasts:_The_Crimes_of_Grindelwald,
Global,2019,Avengers: Endgame,ww_gross_musd,2799.439,,,,,,,,356.0,,,,Foreign,,1,superhero,,,,94,Disney,1,,https://en.wikipedia.org/wiki/Avengers:_Endgame,"note: fetched article truncated inside Critical reception, but Rotten Tomatoes sentence was visible"
Global,2019,The Lion King,ww_gross_musd,1656.943,,,,,,,,250.0,,,,Foreign,,0,musical drama,,,,52,Disney,2,,https://en.wikipedia.org/wiki/The_Lion_King_(2019_film),"note: distributor cell blank in fetched table (rowspan merged cell) - inherited from row above; note: photorealistic animated remake of the 1994 film, not a sequel/series entry"
Global,2019,Frozen 2,ww_gross_musd,1450.027,,,,,,,,150.0,,,,Foreign,,1,animated musical fantasy,,,,77,Disney,3,,https://en.wikipedia.org/wiki/Frozen_2,note: distributor cell blank in fetched table (rowspan merged cell) - inherited from row above; note: article lead reads 'Frozen 2 (stylized as Frozen II)'
Global,2019,Spider-Man: Far From Home,ww_gross_musd,1131.928,,,,,,,,160.0,,,,Foreign,,1,superhero,,,,91,Sony,4,,https://en.wikipedia.org/wiki/Spider-Man:_Far_From_Home,
Global,2019,Captain Marvel,ww_gross_musd,1128.275,,,,,,,,152.0,,,,Foreign,,1,superhero,,,,79,Disney,5,,https://en.wikipedia.org/wiki/Captain_Marvel_(film),"note: fetched article truncated after Critical reception, but Rotten Tomatoes sentence was visible"
Global,2019,Joker,ww_gross_musd,1078.751,,,,,,,,55.0,,,,Foreign,,0,psychological thriller,,,,68,Warner Bros.,6,,https://en.wikipedia.org/wiki/Joker_(2019_film),note: standalone film unrelated to the DCEU per lead; a sequel followed in 2024
Global,2019,Star Wars: The Rise of Skywalker,ww_gross_musd,1074.144,,,,,,,,490.2,,,,Foreign,,1,epic space opera,,,,51,Disney,7,,https://en.wikipedia.org/wiki/Star_Wars:_The_Rise_of_Skywalker,note: infobox budget given as '$593.7 million (gross); $490.2 million (net)'
Global,2019,Toy Story 4,ww_gross_musd,1073.841,,,,,,,,200.0,,,,Foreign,,1,animated comedy-drama,,,,96,Disney,8,,https://en.wikipedia.org/wiki/Toy_Story_4,note: distributor cell blank in fetched table (rowspan merged cell) - inherited from row above
Global,2019,Aladdin,ww_gross_musd,1050.694,,,,,,,,183.0,,,,Foreign,,0,musical fantasy,,,,57,Disney,9,,https://en.wikipedia.org/wiki/Aladdin_(2019_film),"note: distributor cell blank in fetched table (rowspan merged cell) - inherited from row above; note: live-action adaptation of Disney's 1992 animated film, not a sequel/series entry"
Global,2019,Jumanji: The Next Level,ww_gross_musd,801.694,,,,,,,,125.0,,,,Foreign,,1,action-adventure comedy,,,,72,Sony,10,,https://en.wikipedia.org/wiki/Jumanji:_The_Next_Level,
Global,2020,Demon Slayer: Kimetsu no Yaiba – The Movie: Mugen Train,ww_gross_musd,507.127,,,,,,,,,,,,Foreign,,1,animated dark fantasy action,,,,98,Toho / Aniplex,1,,https://en.wikipedia.org/wiki/Demon_Slayer:_Kimetsu_no_Yaiba_%E2%80%93_The_Movie:_Mugen_Train,note: no Budget field in infobox; lead: 'direct sequel to the first season of the anime television series'
Global,2020,The Eight Hundred,ww_gross_musd,461.422,,,,,,,,80.0,,,,Foreign,,0,historical war drama,,,,89,CMC Pictures,2,,https://en.wikipedia.org/wiki/The_Eight_Hundred,
Global,2020,"My People, My Homeland",ww_gross_musd,433.241,,,,,,,,,,,,Foreign,,1,anthology comedy,,,,,China Lion,3,,"https://en.wikipedia.org/wiki/My_People,_My_Homeland","note: no Budget field in infobox; article has no Rotten Tomatoes mention; lead: 'sequel to My People, My Country (2019)'"
Global,2020,Bad Boys for Life,ww_gross_musd,426.505,,,,,,,,90.0,,,,Foreign,,1,buddy cop action comedy,,,,76,Sony,4,,https://en.wikipedia.org/wiki/Bad_Boys_for_Life,
Global,2020,Tenet,ww_gross_musd,365.31,,,,,,,,205.0,,,,Foreign,,0,science fiction action thriller,,,,70,Warner Bros.,5,,https://en.wikipedia.org/wiki/Tenet_(film),
Global,2020,Sonic the Hedgehog,ww_gross_musd,319.716,,,,,,,,85.0,,,,Foreign,,1,action-adventure comedy,,,,64,Paramount,6,,https://en.wikipedia.org/wiki/Sonic_the_Hedgehog_(film),"note: franchise starter - lead: 'first installment in the Sonic the Hedgehog film series', based on the Sonic video game series"
Global,2020,Dolittle,ww_gross_musd,251.411,,,,,,,,175.0,,,,Foreign,,0,fantasy adventure,,,,15,Universal,7,,https://en.wikipedia.org/wiki/Dolittle_(film),"note: new adaptation ('third iteration of film adaptations based on the character'), not a sequel to earlier Dolittle films"
Global,2020,Jiang Ziya,ww_gross_musd,243.883,,,,,,,,,,,,Foreign,,1,animated fantasy adventure,,,,83,Beijing Enlight,8,,https://en.wikipedia.org/wiki/Jiang_Ziya_(film),note: no Budget field in infobox; lead: 'a follow-up to Ne Zha (2019)'
Global,2020,A Little Red Flower,ww_gross_musd,238.6,,,,,,,,,,,,Foreign,,0,drama,,,,,HG Entertainment,9,,https://en.wikipedia.org/wiki/A_Little_Red_Flower,note: no Budget field in infobox; article has no Reception section / Rotten Tomatoes mention
Global,2020,Shock Wave 2,ww_gross_musd,226.4,,,,,,,,40.0,,,,Foreign,,1,action,,,,82,Universe Films,10,,https://en.wikipedia.org/wiki/Shock_Wave_2,note: lead: 'standalone sequel to the 2017 film Shock Wave'
Global,2021,Spider-Man: No Way Home,ww_gross_musd,1921.4,,,,,,,,200.0,,,,Foreign,,1,superhero,,,,93,Sony,1,,https://en.wikipedia.org/wiki/Spider-Man:_No_Way_Home,"film article truncated before Reception section in fetch; rt_pct taken from Wikipedia 'List of Marvel Cinematic Universe films' critical-response table (93%, 429 reviews; 'Spider-Man in film' table also 93%)"
Global,2021,The Battle at Lake Changjin,ww_gross_musd,909.6,,,,,,,,200.0,,,,Foreign,,0,war drama,,,,36,Bona,2,,https://en.wikipedia.org/wiki/The_Battle_at_Lake_Changjin,
Global,2021,"Hi, Mom",ww_gross_musd,841.7,,,,,,,,59.0,,,,Foreign,,0,comedy,,,,,Lian Ray,3,,"https://en.wikipedia.org/wiki/Hi,_Mom_(2021_film)",no Rotten Tomatoes figure on page (article received in full); budget stated as RMB 380 million (US$59 million)
Global,2021,No Time to Die,ww_gross_musd,774.3,,,,,,,,250.0,,,,Foreign,,1,spy thriller,,,,83,MGM / Universal,4,,https://en.wikipedia.org/wiki/No_Time_to_Die,
Global,2021,F9,ww_gross_musd,726.2,,,,,,,,200.0,,,,Foreign,,1,action,,,,60,Universal,5,,https://en.wikipedia.org/wiki/F9_(film),
Global,2021,Detective Chinatown 3,ww_gross_musd,686.3,,,,,,,,117.0,,,,Foreign,,1,comedy mystery buddy,,,,,Warner Bros. / Wanda,6,,https://en.wikipedia.org/wiki/Detective_Chinatown_3,no Rotten Tomatoes figure on page
Global,2021,Venom: Let There Be Carnage,ww_gross_musd,506.9,,,,,,,,110.0,,,,Foreign,,1,superhero,,,,58,Sony,7,,https://en.wikipedia.org/wiki/Venom:_Let_There_Be_Carnage,
Global,2021,Godzilla vs. Kong,ww_gross_musd,470.1,,,,,,,,155.0,,,,Foreign,,1,monster,,,,76,Warner Bros. / Toho,8,,https://en.wikipedia.org/wiki/Godzilla_vs._Kong,
Global,2021,Shang-Chi and the Legend of the Ten Rings,ww_gross_musd,432.2,,,,,,,,150.0,,,,Foreign,,1,superhero,,,,92,Disney,9,,https://en.wikipedia.org/wiki/Shang-Chi_and_the_Legend_of_the_Ten_Rings,"film article truncated before Reception section in fetch; rt_pct taken from Wikipedia 'List of Marvel Cinematic Universe films' critical-response table (92%, 344 reviews)"
Global,2021,Sing 2,ww_gross_musd,408.7,,,,,,,,85.0,,,,Foreign,,1,animated musical comedy,,,,72,Universal,10,,https://en.wikipedia.org/wiki/Sing_2,
Global,2022,Avatar: The Way of Water,ww_gross_musd,2320.3,,,,,,,,350.0,,,,Foreign,,1,epic science fiction,,,,76,20th Century,1,,https://en.wikipedia.org/wiki/Avatar:_The_Way_of_Water,
Global,2022,Top Gun: Maverick,ww_gross_musd,1495.7,,,,,,,,170.0,,,,Foreign,,1,action drama,,,,96,Paramount,2,,https://en.wikipedia.org/wiki/Top_Gun:_Maverick,
Global,2022,Jurassic World Dominion,ww_gross_musd,1002.0,,,,,,,,531.0,,,,Foreign,,1,science fiction action,,,,29,Universal,3,,https://en.wikipedia.org/wiki/Jurassic_World_Dominion,budget given as gross/net rather than a range
Global,2022,Doctor Strange in the Multiverse of Madness,ww_gross_musd,960.8,,,,,,,,350.6,,,,Foreign,,1,superhero,,,,73,Disney,4,,https://en.wikipedia.org/wiki/Doctor_Strange_in_the_Multiverse_of_Madness,"film article truncated before Reception section in fetch; rt_pct taken from Wikipedia 'List of Marvel Cinematic Universe films' critical-response table (73%, 464 reviews); budget given as gross/net"
Global,2022,Minions: The Rise of Gru,ww_gross_musd,940.6,,,,,,,,80.0,,,,Foreign,,1,animated comedy,,,,70,Universal,5,,https://en.wikipedia.org/wiki/Minions:_The_Rise_of_Gru,
Global,2022,Black Panther: Wakanda Forever,ww_gross_musd,859.2,,,,,,,,200.0,,,,Foreign,,1,superhero,,,,84,Disney,6,,https://en.wikipedia.org/wiki/Black_Panther:_Wakanda_Forever,"film article truncated before Reception section in fetch; rt_pct taken from Wikipedia 'List of Marvel Cinematic Universe films' critical-response table (84%, 450 reviews)"
Global,2022,The Batman,ww_gross_musd,772.2,,,,,,,,185.0,,,,Foreign,,1,superhero,,,,85,Warner Bros.,7,,https://en.wikipedia.org/wiki/The_Batman_(film),franchise=true on basis of lead: 'a reboot of the Batman film franchise'
Global,2022,Thor: Love and Thunder,ww_gross_musd,760.9,,,,,,,,250.0,,,,Foreign,,1,superhero,,,,63,Disney,8,,https://en.wikipedia.org/wiki/Thor:_Love_and_Thunder,
Global,2022,The Battle at Lake Changjin II,ww_gross_musd,626.6,,,,,,,,,,,,Foreign,,1,war drama,,,,,Bona,9,,https://en.wikipedia.org/wiki/The_Battle_at_Lake_Changjin_II,infobox has no Budget field; no Rotten Tomatoes figure on page
Global,2022,Puss in Boots: The Last Wish,ww_gross_musd,485.3,,,,,,,,90.0,,,,Foreign,,1,animated adventure comedy,,,,95,Universal,10,,https://en.wikipedia.org/wiki/Puss_in_Boots:_The_Last_Wish,
Global,2023,Barbie,ww_gross_musd,1448.2,,,,,,,,128.0,,,,Foreign,,1,satirical fantasy comedy,,,,88,Warner Bros. Pictures,1,,https://en.wikipedia.org/wiki/Barbie_(film),"film article truncated before Reception section in fetch; rt_pct (88%, 507 reviews) taken from Wikipedia 'List of accolades received by Barbie (film)'; franchise=true on basis of lead 'first live-action Barbie film after numerous animated films and specials'"
Global,2023,The Super Mario Bros. Movie,ww_gross_musd,1360.8,,,,,,,,100.0,,,,Foreign,,1,animated adventure comedy,,,,59,Universal,2,,https://en.wikipedia.org/wiki/The_Super_Mario_Bros._Movie,franchise=true on basis of lead 'based on Nintendo's Mario video game franchise'
Global,2023,Oppenheimer,ww_gross_musd,983.1,,,,,,,,100.0,,,,Foreign,,0,epic biographical thriller,,,,93,Universal,3,,https://en.wikipedia.org/wiki/Oppenheimer_(film),distributor cell merged (rowspan) with row above in yearly table; value confirmed via film infobox 'Distributed by'
Global,2023,Guardians of the Galaxy Vol. 3,ww_gross_musd,845.6,,,,,,,,250.0,,,,Foreign,,1,superhero,,,,82,Disney,4,,https://en.wikipedia.org/wiki/Guardians_of_the_Galaxy_Vol._3,"film article truncated before Reception section in fetch; rt_pct taken from Wikipedia 'List of Marvel Cinematic Universe films' critical-response table (82%, 409 reviews)"
Global,2023,Fast X,ww_gross_musd,714.9,,,,,,,,378.8,,,,Foreign,,1,action,,,,56,Universal,5,,https://en.wikipedia.org/wiki/Fast_X,
Global,2023,Spider-Man: Across the Spider-Verse,ww_gross_musd,690.8,,,,,,,,125.0,,,,Foreign,,1,animated superhero,,,,95,Sony,6,,https://en.wikipedia.org/wiki/Spider-Man:_Across_the_Spider-Verse,"film article truncated before Reception section in fetch; rt_pct taken from Wikipedia 'List of accolades received by Spider-Man: Across the Spider-Verse' (95%, 385 reviews; 'Spider-Man in film' table also 95%)"
Global,2023,Full River Red,ww_gross_musd,670.5,,,,,,,,72.7,,,,Foreign,,0,period,,,,95,China Film Group Corporation,7,,https://en.wikipedia.org/wiki/Full_River_Red,budget stated as CN¥500 million (est. US$72.7 million)
Global,2023,Wonka,ww_gross_musd,634.7,,,,,,,,125.0,,,,Foreign,,1,musical fantasy,,,,82,Warner Bros. Pictures,8,,https://en.wikipedia.org/wiki/Wonka_(film),franchise=true on basis of lead: precedes Willy Wonka & the Chocolate Factory (1971)
Global,2023,The Wandering Earth 2,ww_gross_musd,615.0,,,,,,,,,,,,Foreign,,1,science fiction action-adventure,,,,82,China Film Group Corporation,9,,https://en.wikipedia.org/wiki/The_Wandering_Earth_2,infobox has no Budget field; franchise=true as prequel to The Wandering Earth (2019)
Global,2023,Mission: Impossible – Dead Reckoning Part One,ww_gross_musd,571.1,,,,,,,,220.0,,,,Foreign,,1,action spy,,,,96,Paramount,10,,https://en.wikipedia.org/wiki/Mission:_Impossible_–_Dead_Reckoning_Part_One,budget given as gross/net rather than a range
Global,2024,Inside Out 2,ww_gross_musd,1698.9,,,,,,,,200.0,,,,Foreign,,1,animated coming-of-age,,,,91,Disney,1,,https://en.wikipedia.org/wiki/Inside_Out_2,
Global,2024,Deadpool & Wolverine,ww_gross_musd,1338.1,,,,,,,,429.0,,,,Foreign,,1,superhero,,,,77,Disney,2,,https://en.wikipedia.org/wiki/Deadpool_%26_Wolverine,"distributor cell merged (rowspan) with row above in yearly table; value confirmed via film infobox 'Distributed by'; film article truncated before Reception section in fetch; rt_pct taken from Wikipedia 'List of Marvel Cinematic Universe films' critical-response table (77%, 421 reviews); budget given as gross/net"
Global,2024,Moana 2,ww_gross_musd,1059.2,,,,,,,,150.0,,,,Foreign,,1,animated musical adventure,,,,61,Disney,3,,https://en.wikipedia.org/wiki/Moana_2,distributor cell merged (rowspan) with row above in yearly table; value confirmed via film infobox 'Distributed by'
Global,2024,Despicable Me 4,ww_gross_musd,972.0,,,,,,,,100.0,,,,Foreign,,1,animated comedy,,,,55,Universal,4,,https://en.wikipedia.org/wiki/Despicable_Me_4,
Global,2024,Wicked,ww_gross_musd,758.7,,,,,,,,150.0,,,,Foreign,,1,musical fantasy,,,,88,Universal,5,,https://en.wikipedia.org/wiki/Wicked_(2024_film),distributor cell merged (rowspan) with row above in yearly table; value confirmed via film infobox 'Distributed by'; franchise=true on basis of on-screen title 'Wicked: Part I' (first of a two-part adaptation of the stage musical)
Global,2024,Mufasa: The Lion King,ww_gross_musd,723.1,,,,,,,,200.0,,,,Foreign,,1,musical drama,,,,56,Disney,6,,https://en.wikipedia.org/wiki/Mufasa:_The_Lion_King,
Global,2024,Dune: Part Two,ww_gross_musd,715.4,,,,,,,,190.0,,,,Foreign,,1,epic space opera,,,,92,Warner Bros.,7,,https://en.wikipedia.org/wiki/Dune:_Part_Two,
Global,2024,Godzilla x Kong: The New Empire,ww_gross_musd,572.5,,,,,,,,135.0,,,,Foreign,,1,monster,,,,54,Warner Bros.,8,,https://en.wikipedia.org/wiki/Godzilla_x_Kong:_The_New_Empire,distributor cell merged (rowspan) with row above in yearly table; value confirmed via film infobox 'Distributed by' (infobox: Warner Bros. Pictures worldwide; Toho in Japan)
Global,2024,Kung Fu Panda 4,ww_gross_musd,547.7,,,,,,,,85.0,,,,Foreign,,1,animated martial arts comedy,,,,71,Universal,9,,https://en.wikipedia.org/wiki/Kung_Fu_Panda_4,
Global,2024,Sonic the Hedgehog 3,ww_gross_musd,492.2,,,,,,,,122.0,,,,Foreign,,1,action-adventure comedy,,,,85,Paramount,10,,https://en.wikipedia.org/wiki/Sonic_the_Hedgehog_3_(film),
Global,2025,Ne Zha 2,ww_gross_musd,2215.7,,,,,,,,80.0,,,,Foreign,,1,animated fantasy adventure,,,,91,Beijing Enlight,1,,https://en.wikipedia.org/wiki/Ne_Zha_2,ww_gross from yearly table; film infobox box office reads US$2.270 billion; budget stated as US$80 million (¥600 million)
Global,2025,Zootopia 2,ww_gross_musd,1870.3,,,,,,,,150.0,,,,Foreign,,1,animated buddy cop comedy,,,,92,Disney,2,,https://en.wikipedia.org/wiki/Zootopia_2,
Global,2025,Avatar: Fire and Ash,ww_gross_musd,1490.4,,,,,,,,350.0,,,,Foreign,,1,epic science fiction,,,,66,20th Century,3,,https://en.wikipedia.org/wiki/Avatar:_Fire_and_Ash,
Global,2025,Lilo & Stitch,ww_gross_musd,1038.0,,,,,,,,100.0,,,,Foreign,,1,live-action animated science fiction comedy-drama,,,,72,Disney,4,,https://en.wikipedia.org/wiki/Lilo_%26_Stitch_(2025_film),franchise=true as live-action remake of the 2002 film
Global,2025,A Minecraft Movie,ww_gross_musd,961.3,,,,,,,,150.0,,,,Foreign,,1,adventure comedy,,,,47,Warner Bros.,5,,https://en.wikipedia.org/wiki/A_Minecraft_Movie,"franchise=true on basis of lead: based on the video game Minecraft (established franchise IP); first film, a sequel is scheduled"
Global,2025,Jurassic World Rebirth,ww_gross_musd,872.4,,,,,,,,180.0,,,,Foreign,,1,science fiction action,,,,50,Universal,6,,https://en.wikipedia.org/wiki/Jurassic_World_Rebirth,
Global,2025,Demon Slayer: Kimetsu no Yaiba – The Movie: Infinity Castle,ww_gross_musd,793.5,,,,,,,,20.0,,,,Foreign,,1,animated dark fantasy action,,,,98,Aniplex / Toho / Crunchyroll,7,,https://en.wikipedia.org/wiki/Demon_Slayer:_Kimetsu_no_Yaiba_–_The_Movie:_Infinity_Castle,franchise=true as direct sequel to the anime TV series and follow-up to Mugen Train (2020)
Global,2025,How to Train Your Dragon,ww_gross_musd,639.9,,,,,,,,150.0,,,,Foreign,,1,fantasy adventure,,,,78,Universal,8,,https://en.wikipedia.org/wiki/How_to_Train_Your_Dragon_(2025_film),franchise=true as live-action remake of the 2010 animated film
Global,2025,F1,ww_gross_musd,634.1,,,,,,,,200.0,,,,Foreign,,0,sports drama,,,,82,Warner Bros. / Apple,9,,https://en.wikipedia.org/wiki/F1_(film),
Global,2025,Superman,ww_gross_musd,618.7,,,,,,,,225.0,,,,Foreign,,1,superhero,,,,83,Warner Bros.,10,,https://en.wikipedia.org/wiki/Superman_(2025_film),"film article truncated before Reception section in fetch; rt_pct (83%, 502 reviews) taken from Wikipedia 'List of films based on DC Comics publications' critical-response table; franchise=true as first DCU film and reboot of the Superman film series"
Korean,1999,Shiri,kr_admissions_m,5.82,,,,,,5.82,,,,,,Korean,,,,,,,,,,69,https://en.wikipedia.org/wiki/List_of_highest-grossing_films_in_South_Korea,all_time_rank = rank in all-time 'Highest-grossing domestic films (by admissions)' table (100 rows)
Korean,2000,Joint Security Area,kr_admissions_m,5.83,,,,,,5.83,,,,,,Korean,,,,,,,,,,68,https://en.wikipedia.org/wiki/List_of_highest-grossing_films_in_South_Korea,all_time_rank = rank in all-time 'Highest-grossing domestic films (by admissions)' table (100 rows)
Korean,2001,Friend,kr_admissions_m,8.1345,,,,,,8.1345,,,,,,Korean,,,,,,,,,,36,https://en.wikipedia.org/wiki/List_of_highest-grossing_films_in_South_Korea,all_time_rank = rank in all-time 'Highest-grossing domestic films (by admissions)' table (100 rows)
Korean,2001,My Wife Is a Gangster,kr_admissions_m,5.1809,,,,,,5.1809,,,,,,Korean,,,,,,,,,,84,https://en.wikipedia.org/wiki/List_of_highest-grossing_films_in_South_Korea,all_time_rank = rank in all-time 'Highest-grossing domestic films (by admissions)' table (100 rows)
Korean,2001,My Sassy Girl,kr_admissions_m,4.852845,,,,,,4.852845,,,,,,Korean,,,,,,,,,,94,https://en.wikipedia.org/wiki/List_of_highest-grossing_films_in_South_Korea,all_time_rank = rank in all-time 'Highest-grossing domestic films (by admissions)' table (100 rows)
Korean,2002,The Lord of the Rings: The Two Towers,kr_admissions_m,5.145193,,,,,,5.145193,,,,,,Foreign,,,,,,,,,,42,https://en.wikipedia.org/wiki/List_of_highest-grossing_films_in_South_Korea,all_time_rank = rank in all-time 'Foreign films' table (50 rows)
Korean,2002,Marrying the Mafia,kr_admissions_m,5.021001,,,,,,5.021001,,,,,,Korean,,,,,,,,,,90,https://en.wikipedia.org/wiki/List_of_highest-grossing_films_in_South_Korea,all_time_rank = rank in all-time 'Highest-grossing domestic films (by admissions)' table (100 rows)
Korean,2003,Silmido,kr_admissions_m,11.074,,,,,,11.074,,,,,,Korean,,,,,,,,,,23,https://en.wikipedia.org/wiki/List_of_highest-grossing_films_in_South_Korea,all_time_rank = rank in all-time 'Highest-grossing domestic films (by admissions)' table (100 rows)
Korean,2003,The Lord of the Rings: The Return of the King,kr_admissions_m,5.960137,,,,,,5.960137,,,,,,Foreign,,,,,,,,,,27,https://en.wikipedia.org/wiki/List_of_highest-grossing_films_in_South_Korea,all_time_rank = rank in all-time 'Foreign films' table (50 rows)
Korean,2003,Memories of Murder,kr_admissions_m,5.101645,,,,,,5.101645,,,,,,Korean,,,,,,,,,,87,https://en.wikipedia.org/wiki/List_of_highest-grossing_films_in_South_Korea,all_time_rank = rank in all-time 'Highest-grossing domestic films (by admissions)' table (100 rows)
Korean,2003,My Tutor Friend,kr_admissions_m,4.809871,,,,,,4.809871,,,,,,Korean,,,,,,,,,,95,https://en.wikipedia.org/wiki/List_of_highest-grossing_films_in_South_Korea,all_time_rank = rank in all-time 'Highest-grossing domestic films (by admissions)' table (100 rows)
Korean,2004,Taegukgi,kr_admissions_m,11.746135,,,,,,11.746135,,,,,,Korean,,,,,,,,,,18,https://en.wikipedia.org/wiki/List_of_highest-grossing_films_in_South_Korea,all_time_rank = rank in all-time 'Highest-grossing domestic films (by admissions)' table (100 rows)
Korean,2004,Shrek 2,kr_admissions_m,3.3,,,,,,3.3,,,,,,Foreign,,,,,,,,,,,https://en.wikipedia.org/wiki/List_of_highest-grossing_films_in_South_Korea,"admissions from all-time 'Animated films' table (rank 20 there); not listed in the all-time foreign top-50 table, so all_time_rank is null"
Korean,2005,King and the Clown,kr_admissions_m,12.302831,,,,,,12.302831,,,,,,Korean,,,,,,,,,,14,https://en.wikipedia.org/wiki/List_of_highest-grossing_films_in_South_Korea,all_time_rank = rank in all-time 'Highest-grossing domestic films (by admissions)' table (100 rows)
Korean,2005,Welcome to Dongmakgol,kr_admissions_m,8.008622,,,,,,8.008622,,,,,,Korean,,,,,,,,,,37,https://en.wikipedia.org/wiki/List_of_highest-grossing_films_in_South_Korea,all_time_rank = rank in all-time 'Highest-grossing domestic films (by admissions)' table (100 rows)
Korean,2005,Marrying the Mafia II,kr_admissions_m,5.635266,,,,,,5.635266,,,,,,Korean,,,,,,,,,,72,https://en.wikipedia.org/wiki/List_of_highest-grossing_films_in_South_Korea,all_time_rank = rank in all-time 'Highest-grossing domestic films (by admissions)' table (100 rows)
Korean,2005,Marathon,kr_admissions_m,5.148022,,,,,,5.148022,,,,,,Korean,,,,,,,,,,85,https://en.wikipedia.org/wiki/List_of_highest-grossing_films_in_South_Korea,all_time_rank = rank in all-time 'Highest-grossing domestic films (by admissions)' table (100 rows)
Korean,2006,The Host,kr_admissions_m,13.01974,,,,,,13.01974,,,,,,Korean,,,,,,,,,,8,https://en.wikipedia.org/wiki/List_of_highest-grossing_films_in_South_Korea,all_time_rank = rank in all-time 'Highest-grossing domestic films (by admissions)' table (100 rows)
Korean,2006,Tazza: The High Rollers,kr_admissions_m,6.847777,,,,,,6.847777,,,,,,Korean,,,,,,,,,,58,https://en.wikipedia.org/wiki/List_of_highest-grossing_films_in_South_Korea,all_time_rank = rank in all-time 'Highest-grossing domestic films (by admissions)' table (100 rows)
Korean,2006,200 Pounds Beauty,kr_admissions_m,6.619498,,,,,,6.619498,,,,,,Korean,,,,,,,,,,60,https://en.wikipedia.org/wiki/List_of_highest-grossing_films_in_South_Korea,all_time_rank = rank in all-time 'Highest-grossing domestic films (by admissions)' table (100 rows)
Korean,2006,"My Boss, My Teacher",kr_admissions_m,6.105431,,,,,,6.105431,,,,,,Korean,,,,,,,,,,65,https://en.wikipedia.org/wiki/List_of_highest-grossing_films_in_South_Korea,all_time_rank = rank in all-time 'Highest-grossing domestic films (by admissions)' table (100 rows)
Korean,2006,Mission: Impossible III,kr_admissions_m,5.740789,,,,,,5.740789,,,,,,Foreign,,,,,,,,,,31,https://en.wikipedia.org/wiki/List_of_highest-grossing_films_in_South_Korea,all_time_rank = rank in all-time 'Foreign films' table (50 rows)
Korean,2007,D-War,kr_admissions_m,8.426973,,,,,,8.426973,,,,,,Korean,,,,,,,,,,33,https://en.wikipedia.org/wiki/List_of_highest-grossing_films_in_South_Korea,all_time_rank = rank in all-time 'Highest-grossing domestic films (by admissions)' table (100 rows)
Korean,2007,Transformers,kr_admissions_m,7.440531,,,,,,7.440531,,,,,,Foreign,,,,,,,,,,18,https://en.wikipedia.org/wiki/List_of_highest-grossing_films_in_South_Korea,all_time_rank = rank in all-time 'Foreign films' table (50 rows)
Korean,2007,May 18,kr_admissions_m,7.307993,,,,,,7.307993,,,,,,Korean,,,,,,,,,,44,https://en.wikipedia.org/wiki/List_of_highest-grossing_films_in_South_Korea,all_time_rank = rank in all-time 'Highest-grossing domestic films (by admissions)' table (100 rows)
Korean,2007,Pirates of the Caribbean: At World's End,kr_admissions_m,4.966571,,,,,,4.966571,,,,,,Foreign,,,,,,,,,,46,https://en.wikipedia.org/wiki/List_of_highest-grossing_films_in_South_Korea,all_time_rank = rank in all-time 'Foreign films' table (50 rows)
Korean,2007,Spider-Man 3,kr_admissions_m,4.93566,,,,,,4.93566,,,,,,Foreign,,,,,,,,,,48,https://en.wikipedia.org/wiki/List_of_highest-grossing_films_in_South_Korea,all_time_rank = rank in all-time 'Foreign films' table (50 rows)
Korean,2008,Scandal Makers,kr_admissions_m,8.245523,,,,,,8.245523,,,,,,Korean,,,,,,,,,,35,https://en.wikipedia.org/wiki/List_of_highest-grossing_films_in_South_Korea,all_time_rank = rank in all-time 'Highest-grossing domestic films (by admissions)' table (100 rows)
Korean,2008,"The Good, the Bad, the Weird",kr_admissions_m,6.686949,,,,,,6.686949,,,,,,Korean,,,,,,,,,,59,https://en.wikipedia.org/wiki/List_of_highest-grossing_films_in_South_Korea,all_time_rank = rank in all-time 'Highest-grossing domestic films (by admissions)' table (100 rows)
Korean,2008,The Chaser,kr_admissions_m,5.071619,,,,,,5.071619,,,,,,Korean,,,,,,,,,,88,https://en.wikipedia.org/wiki/List_of_highest-grossing_films_in_South_Korea,all_time_rank = rank in all-time 'Highest-grossing domestic films (by admissions)' table (100 rows)
Korean,2008,Kung Fu Panda,kr_admissions_m,4.65,,,,,,4.65,,,,,,Foreign,,,,,,,,,,,https://en.wikipedia.org/wiki/List_of_highest-grossing_films_in_South_Korea,"admissions from all-time 'Animated films' table (rank 13 there); not listed in the all-time foreign top-50 table, so all_time_rank is null"
Korean,2009,Avatar,kr_admissions_m,13.351368,,,,,,13.351368,,,,,,Foreign,,,,,,,,,,3,https://en.wikipedia.org/wiki/List_of_highest-grossing_films_in_South_Korea,all_time_rank = rank in all-time 'Foreign films' table (50 rows)
Korean,2009,Tidal Wave,kr_admissions_m,11.324958,,,,,,11.324958,,,,,,Korean,,,,,,,,,,22,https://en.wikipedia.org/wiki/List_of_highest-grossing_films_in_South_Korea,all_time_rank = rank in all-time 'Highest-grossing domestic films (by admissions)' table (100 rows)
Korean,2009,Take Off,kr_admissions_m,8.84533,,,,,,8.84533,,,,,,Korean,,,,,,,,,,30,https://en.wikipedia.org/wiki/List_of_highest-grossing_films_in_South_Korea,all_time_rank = rank in all-time 'Highest-grossing domestic films (by admissions)' table (100 rows)
Korean,2009,Transformers: Revenge of the Fallen,kr_admissions_m,7.437602,,,,,,7.437602,,,,,,Foreign,,,,,,,,,,19,https://en.wikipedia.org/wiki/List_of_highest-grossing_films_in_South_Korea,all_time_rank = rank in all-time 'Foreign films' table (50 rows)
Korean,2009,Jeon Woo-chi: The Taoist Wizard,kr_admissions_m,6.136928,,,,,,6.136928,,,,,,Korean,,,,,,,,,,64,https://en.wikipedia.org/wiki/List_of_highest-grossing_films_in_South_Korea,all_time_rank = rank in all-time 'Highest-grossing domestic films (by admissions)' table (100 rows)
Korean,2009,2012,kr_admissions_m,5.43144,,,,,,5.43144,,,,,,Foreign,,,,,,,,,,36,https://en.wikipedia.org/wiki/List_of_highest-grossing_films_in_South_Korea,all_time_rank = rank in all-time 'Foreign films' table (50 rows)
Korean,2010,The Man from Nowhere,kr_admissions_m,6.282774,,,,,,6.282774,,,,,,Korean,,,,,,,,,,62,https://en.wikipedia.org/wiki/List_of_highest-grossing_films_in_South_Korea,all_time_rank = rank in all-time 'Highest-grossing domestic films (by admissions)' table (100 rows)
Korean,2010,Inception,kr_admissions_m,5.998647,,,,,,5.998647,,,,,,Foreign,,,,,,,,,,26,https://en.wikipedia.org/wiki/List_of_highest-grossing_films_in_South_Korea,all_time_rank = rank in all-time 'Foreign films' table (50 rows)
Korean,2010,Secret Reunion,kr_admissions_m,5.507106,,,,,,5.507106,,,,,,Korean,,,,,,,,,,77,https://en.wikipedia.org/wiki/List_of_highest-grossing_films_in_South_Korea,all_time_rank = rank in all-time 'Highest-grossing domestic films (by admissions)' table (100 rows)
Korean,2011,Transformers: Dark of the Moon,kr_admissions_m,7.785189,,,,,,7.785189,,,,,,Foreign,,,,,,,,,,15,https://en.wikipedia.org/wiki/List_of_highest-grossing_films_in_South_Korea,all_time_rank = rank in all-time 'Foreign films' table (50 rows)
Korean,2011,Mission: Impossible – Ghost Protocol,kr_admissions_m,7.552324,,,,,,7.552324,,,,,,Foreign,,,,,,,,,,16,https://en.wikipedia.org/wiki/List_of_highest-grossing_films_in_South_Korea,all_time_rank = rank in all-time 'Foreign films' table (50 rows)
Korean,2011,War of the Arrows,kr_admissions_m,7.48218,,,,,,7.48218,,,,,,Korean,,,,,,,,,,42,https://en.wikipedia.org/wiki/List_of_highest-grossing_films_in_South_Korea,all_time_rank = rank in all-time 'Highest-grossing domestic films (by admissions)' table (100 rows)
Korean,2011,Sunny,kr_admissions_m,7.453393,,,,,,7.453393,,,,,,Korean,,,,,,,,,,43,https://en.wikipedia.org/wiki/List_of_highest-grossing_films_in_South_Korea,all_time_rank = rank in all-time 'Highest-grossing domestic films (by admissions)' table (100 rows)
Korean,2011,Punch,kr_admissions_m,5.31135,,,,,,5.31135,,,,,,Korean,,,,,,,,,,81,https://en.wikipedia.org/wiki/List_of_highest-grossing_films_in_South_Korea,all_time_rank = rank in all-time 'Highest-grossing domestic films (by admissions)' table (100 rows)
Korean,2011,Kung Fu Panda 2,kr_admissions_m,5.064796,,,,,,5.064796,,,,,,Foreign,,,,,,,,,,43,https://en.wikipedia.org/wiki/List_of_highest-grossing_films_in_South_Korea,all_time_rank = rank in all-time 'Foreign films' table (50 rows) | also rank 8 in all-time animated films table
Korean,2011,Detective K: Secret of the Virtuous Widow,kr_admissions_m,4.786259,,,,,,4.786259,,,,,,Korean,,,,,,,,,,97,https://en.wikipedia.org/wiki/List_of_highest-grossing_films_in_South_Korea,all_time_rank = rank in all-time 'Highest-grossing domestic films (by admissions)' table (100 rows)
Korean,2011,"Leafie, A Hen into the Wild",kr_admissions_m,2.20487,,,,,,2.20487,,,,,,Korean,,,,,,,,,,,https://en.wikipedia.org/wiki/List_of_highest-grossing_films_in_South_Korea,admissions from all-time 'Highest-grossing Korean animated films' table (rank 1 there); all_time_rank null (not in main 100-row table)
Korean,2012,The Thieves,kr_admissions_m,12.984701,,,,,,12.984701,,,,,,Korean,,,,,,,,,,9,https://en.wikipedia.org/wiki/List_of_highest-grossing_films_in_South_Korea,all_time_rank = rank in all-time 'Highest-grossing domestic films (by admissions)' table (100 rows)
Korean,2012,Masquerade,kr_admissions_m,12.324062,,,,,,12.324062,,,,,,Korean,,,,,,,,,,13,https://en.wikipedia.org/wiki/List_of_highest-grossing_films_in_South_Korea,all_time_rank = rank in all-time 'Highest-grossing domestic films (by admissions)' table (100 rows)
Korean,2012,The Avengers,kr_admissions_m,7.087068,,,,,,7.087068,,,,,,Foreign,,,,,,,,,,21,https://en.wikipedia.org/wiki/List_of_highest-grossing_films_in_South_Korea,all_time_rank = rank in all-time 'Foreign films' table (50 rows)
Korean,2012,A Werewolf Boy,kr_admissions_m,7.069127,,,,,,7.069127,,,,,,Korean,,,,,,,,,,51,https://en.wikipedia.org/wiki/List_of_highest-grossing_films_in_South_Korea,all_time_rank = rank in all-time 'Highest-grossing domestic films (by admissions)' table (100 rows)
Korean,2012,The Dark Knight Rises,kr_admissions_m,6.428574,,,,,,6.428574,,,,,,Foreign,,,,,,,,,,23,https://en.wikipedia.org/wiki/List_of_highest-grossing_films_in_South_Korea,all_time_rank = rank in all-time 'Foreign films' table (50 rows)
Korean,2012,Les Misérables,kr_admissions_m,5.938769,,,,,,5.938769,,,,,,Foreign,,,,,,,,,,28,https://en.wikipedia.org/wiki/List_of_highest-grossing_films_in_South_Korea,all_time_rank = rank in all-time 'Foreign films' table (50 rows)
Korean,2012,The Tower,kr_admissions_m,5.181244,,,,,,5.181244,,,,,,Korean,,,,,,,,,,83,https://en.wikipedia.org/wiki/List_of_highest-grossing_films_in_South_Korea,all_time_rank = rank in all-time 'Highest-grossing domestic films (by admissions)' table (100 rows)
Korean,2012,The Grand Heist,kr_admissions_m,4.909937,,,,,,4.909937,,,,,,Korean,,,,,,,,,,93,https://en.wikipedia.org/wiki/List_of_highest-grossing_films_in_South_Korea,all_time_rank = rank in all-time 'Highest-grossing domestic films (by admissions)' table (100 rows)
Korean,2012,Nameless Gangster: Rules of the Time,kr_admissions_m,4.720172,,,,,,4.720172,,,,,,Korean,,,,,,,,,,100,https://en.wikipedia.org/wiki/List_of_highest-grossing_films_in_South_Korea,all_time_rank = rank in all-time 'Highest-grossing domestic films (by admissions)' table (100 rows)
Korean,2012,The Dino King: Speckles the Tarbosaurus 3D,kr_admissions_m,1.05171,,,,,,1.05171,,,,,,Korean,,,,,,,,,,,https://en.wikipedia.org/wiki/List_of_highest-grossing_films_in_South_Korea,admissions from all-time 'Highest-grossing Korean animated films' table (rank 3 there); all_time_rank null (not in main 100-row table)
Korean,2013,Miracle in Cell No. 7,kr_admissions_m,12.812144,,,,,,12.812144,,,,,,Korean,,,,,,,,,,10,https://en.wikipedia.org/wiki/List_of_highest-grossing_films_in_South_Korea,all_time_rank = rank in all-time 'Highest-grossing domestic films (by admissions)' table (100 rows)
Korean,2013,The Attorney,kr_admissions_m,11.375223,,,,,,11.375223,,,,,,Korean,,,,,,,,,,21,https://en.wikipedia.org/wiki/List_of_highest-grossing_films_in_South_Korea,all_time_rank = rank in all-time 'Highest-grossing domestic films (by admissions)' table (100 rows)
Korean,2013,Snowpiercer,kr_admissions_m,9.353799,,,,,,9.353799,,,,,,Korean,,,,,,,,,,28,https://en.wikipedia.org/wiki/List_of_highest-grossing_films_in_South_Korea,all_time_rank = rank in all-time 'Highest-grossing domestic films (by admissions)' table (100 rows)
Korean,2013,The Face Reader,kr_admissions_m,9.135806,,,,,,9.135806,,,,,,Korean,,,,,,,,,,29,https://en.wikipedia.org/wiki/List_of_highest-grossing_films_in_South_Korea,all_time_rank = rank in all-time 'Highest-grossing domestic films (by admissions)' table (100 rows)
Korean,2013,Iron Man 3,kr_admissions_m,9.001679,,,,,,9.001679,,,,,,Foreign,,,,,,,,,,11,https://en.wikipedia.org/wiki/List_of_highest-grossing_films_in_South_Korea,all_time_rank = rank in all-time 'Foreign films' table (50 rows)
Korean,2013,The Berlin File,kr_admissions_m,7.166513,,,,,,7.166513,,,,,,Korean,,,,,,,,,,47,https://en.wikipedia.org/wiki/List_of_highest-grossing_films_in_South_Korea,all_time_rank = rank in all-time 'Highest-grossing domestic films (by admissions)' table (100 rows)
Korean,2013,"Secretly, Greatly",kr_admissions_m,6.963821,,,,,,6.963821,,,,,,Korean,,,,,,,,,,55,https://en.wikipedia.org/wiki/List_of_highest-grossing_films_in_South_Korea,all_time_rank = rank in all-time 'Highest-grossing domestic films (by admissions)' table (100 rows)
Korean,2013,Hide and Seek,kr_admissions_m,5.604106,,,,,,5.604106,,,,,,Korean,,,,,,,,,,73,https://en.wikipedia.org/wiki/List_of_highest-grossing_films_in_South_Korea,all_time_rank = rank in all-time 'Highest-grossing domestic films (by admissions)' table (100 rows)
Korean,2013,The Terror Live,kr_admissions_m,5.584295,,,,,,5.584295,,,,,,Korean,,,,,,,,,,75,https://en.wikipedia.org/wiki/List_of_highest-grossing_films_in_South_Korea,all_time_rank = rank in all-time 'Highest-grossing domestic films (by admissions)' table (100 rows)
Korean,2013,Cold Eyes,kr_admissions_m,5.509019,,,,,,5.509019,,,,,,Korean,,,,,,,,,,76,https://en.wikipedia.org/wiki/List_of_highest-grossing_films_in_South_Korea,all_time_rank = rank in all-time 'Highest-grossing domestic films (by admissions)' table (100 rows)
Korean,2013,World War Z,kr_admissions_m,5.244336,,,,,,5.244336,,,,,,Foreign,,,,,,,,,,40,https://en.wikipedia.org/wiki/List_of_highest-grossing_films_in_South_Korea,all_time_rank = rank in all-time 'Foreign films' table (50 rows)
Korean,2013,"Pororo, The Racing Adventure",kr_admissions_m,0.931953,,,,,,0.931953,,,,,,Korean,,,,,,,,,,,https://en.wikipedia.org/wiki/List_of_highest-grossing_films_in_South_Korea,admissions from all-time 'Highest-grossing Korean animated films' table (rank 4 there); all_time_rank null (not in main 100-row table)
Korean,2014,The Admiral: Roaring Currents,kr_admissions_m,17.616661,,,,,,17.616661,,,,,,Korean,,,,,,,,,,1,https://en.wikipedia.org/wiki/List_of_highest-grossing_films_in_South_Korea,all_time_rank = rank in all-time 'Highest-grossing domestic films (by admissions)' table (100 rows)
Korean,2014,Ode to My Father,kr_admissions_m,14.265007,,,,,,14.265007,,,,,,Korean,,,,,,,,,,5,https://en.wikipedia.org/wiki/List_of_highest-grossing_films_in_South_Korea,all_time_rank = rank in all-time 'Highest-grossing domestic films (by admissions)' table (100 rows)
Korean,2014,Interstellar,kr_admissions_m,10.32624,,,,,,10.32624,,,,,,Foreign,,,,,,,,,,8,https://en.wikipedia.org/wiki/List_of_highest-grossing_films_in_South_Korea,all_time_rank = rank in all-time 'Foreign films' table (50 rows)
Korean,2014,Frozen,kr_admissions_m,10.303508,,,,,,10.303508,,,,,,Foreign,,,,,,,,,,9,https://en.wikipedia.org/wiki/List_of_highest-grossing_films_in_South_Korea,"all_time_rank = rank in all-time 'Foreign films' table (50 rows) | animated table prints 10,305,051 (rank 2) vs 10,303,508 in main table; main table kept | animated table prints year 2013; kept 2014"
Korean,2014,The Pirates,kr_admissions_m,8.666208,,,,,,8.666208,,,,,,Korean,,,,,,,,,,31,https://en.wikipedia.org/wiki/List_of_highest-grossing_films_in_South_Korea,all_time_rank = rank in all-time 'Highest-grossing domestic films (by admissions)' table (100 rows)
Korean,2014,Miss Granny,kr_admissions_m,8.660651,,,,,,8.660651,,,,,,Korean,,,,,,,,,,32,https://en.wikipedia.org/wiki/List_of_highest-grossing_films_in_South_Korea,all_time_rank = rank in all-time 'Highest-grossing domestic films (by admissions)' table (100 rows)
Korean,2014,Transformers: Age of Extinction,kr_admissions_m,5.295836,,,,,,5.295836,,,,,,Foreign,,,,,,,,,,38,https://en.wikipedia.org/wiki/List_of_highest-grossing_films_in_South_Korea,all_time_rank = rank in all-time 'Foreign films' table (50 rows)
Korean,2014,Kundo: Age of the Rampant,kr_admissions_m,4.775811,,,,,,4.775811,,,,,,Korean,,,,,,,,,,98,https://en.wikipedia.org/wiki/List_of_highest-grossing_films_in_South_Korea,all_time_rank = rank in all-time 'Highest-grossing domestic films (by admissions)' table (100 rows)
Korean,2015,Veteran,kr_admissions_m,13.414484,,,,,,13.414484,,,,,,Korean,,,,,,,,,,6,https://en.wikipedia.org/wiki/List_of_highest-grossing_films_in_South_Korea,all_time_rank = rank in all-time 'Highest-grossing domestic films (by admissions)' table (100 rows)
Korean,2015,Assassination,kr_admissions_m,12.706855,,,,,,12.706855,,,,,,Korean,,,,,,,,,,11,https://en.wikipedia.org/wiki/List_of_highest-grossing_films_in_South_Korea,all_time_rank = rank in all-time 'Highest-grossing domestic films (by admissions)' table (100 rows)
Korean,2015,Avengers: Age of Ultron,kr_admissions_m,10.504007,,,,,,10.504007,,,,,,Foreign,,,,,,,,,,7,https://en.wikipedia.org/wiki/List_of_highest-grossing_films_in_South_Korea,all_time_rank = rank in all-time 'Foreign films' table (50 rows)
Korean,2015,The Himalayas,kr_admissions_m,7.759761,,,,,,7.759761,,,,,,Korean,,,,,,,,,,39,https://en.wikipedia.org/wiki/List_of_highest-grossing_films_in_South_Korea,all_time_rank = rank in all-time 'Highest-grossing domestic films (by admissions)' table (100 rows)
Korean,2015,Inside Men,kr_admissions_m,7.126925,,,,,,7.126925,,,,,,Korean,,,,,,,,,,49,https://en.wikipedia.org/wiki/List_of_highest-grossing_films_in_South_Korea,all_time_rank = rank in all-time 'Highest-grossing domestic films (by admissions)' table (100 rows)
Korean,2015,The Throne,kr_admissions_m,6.247745,,,,,,6.247745,,,,,,Korean,,,,,,,,,,63,https://en.wikipedia.org/wiki/List_of_highest-grossing_films_in_South_Korea,all_time_rank = rank in all-time 'Highest-grossing domestic films (by admissions)' table (100 rows)
Korean,2015,Kingsman: The Secret Service,kr_admissions_m,6.129681,,,,,,6.129681,,,,,,Foreign,,,,,,,,,,24,https://en.wikipedia.org/wiki/List_of_highest-grossing_films_in_South_Korea,all_time_rank = rank in all-time 'Foreign films' table (50 rows)
Korean,2015,Mission: Impossible – Rogue Nation,kr_admissions_m,6.126488,,,,,,6.126488,,,,,,Foreign,,,,,,,,,,25,https://en.wikipedia.org/wiki/List_of_highest-grossing_films_in_South_Korea,all_time_rank = rank in all-time 'Foreign films' table (50 rows)
Korean,2015,Northern Limit Line,kr_admissions_m,6.045199,,,,,,6.045199,,,,,,Korean,,,,,,,,,,66,https://en.wikipedia.org/wiki/List_of_highest-grossing_films_in_South_Korea,all_time_rank = rank in all-time 'Highest-grossing domestic films (by admissions)' table (100 rows)
Korean,2015,Jurassic World,kr_admissions_m,5.547463,,,,,,5.547463,,,,,,Foreign,,,,,,,,,,33,https://en.wikipedia.org/wiki/List_of_highest-grossing_films_in_South_Korea,all_time_rank = rank in all-time 'Foreign films' table (50 rows)
Korean,2015,The Priests,kr_admissions_m,5.443232,,,,,,5.443232,,,,,,Korean,,,,,,,,,,78,https://en.wikipedia.org/wiki/List_of_highest-grossing_films_in_South_Korea,all_time_rank = rank in all-time 'Highest-grossing domestic films (by admissions)' table (100 rows)
Korean,2015,Inside Out,kr_admissions_m,4.969735,,,,,,4.969735,,,,,,Foreign,,,,,,,,,,45,https://en.wikipedia.org/wiki/List_of_highest-grossing_films_in_South_Korea,"all_time_rank = rank in all-time 'Foreign films' table (50 rows) | animated table prints 4,971,192 (rank 9) vs 4,969,735 in main table; main table kept"
Korean,2015,The Martian,kr_admissions_m,4.887144,,,,,,4.887144,,,,,,Foreign,,,,,,,,,,49,https://en.wikipedia.org/wiki/List_of_highest-grossing_films_in_South_Korea,all_time_rank = rank in all-time 'Foreign films' table (50 rows)
Korean,2016,Train to Busan,kr_admissions_m,11.567662,,,,81.6,,11.567662,,,,,,Korean,,,,,,,,Next Entertainment World,1,19,https://en.wikipedia.org/wiki/List_of_highest-grossing_films_in_South_Korea,"all_time_rank = rank in all-time 'Highest-grossing domestic films (by admissions)' table (100 rows) | listed as the highest-grossing film of 2016 in the all-time page's by-year table (no admissions/gross column there) | 2016 page prints 11,565,479 admissions (Highest-grossing films of 2016 (by admissions)); all-time page figure kept | gross_usd_m from 2016 page 'Highest-grossing films of 2016 (by admissions)' ('US$81.6 million') | additional sources: https://en.wikipedia.org/wiki/List_of_2016_box_office_number-one_films_in_South_Korea"
Korean,2016,A Violent Prosecutor,kr_admissions_m,9.707581,,,,67.7,,9.707581,,,,,,Korean,,,,,,,,,2,26,https://en.wikipedia.org/wiki/List_of_highest-grossing_films_in_South_Korea,all_time_rank = rank in all-time 'Highest-grossing domestic films (by admissions)' table (100 rows) | gross_usd_m from 2016 page 'Highest-grossing films of 2016 (by admissions)' ('US$67.7 million') | additional sources: https://en.wikipedia.org/wiki/List_of_2016_box_office_number-one_films_in_South_Korea
Korean,2016,Captain America: Civil War,kr_admissions_m,8.678117,,,,63.7,,8.678117,,,,,,Foreign,,,,,,,,,3,12,https://en.wikipedia.org/wiki/List_of_highest-grossing_films_in_South_Korea,"all_time_rank = rank in all-time 'Foreign films' table (50 rows) | 2016 page prints 8,677,249 admissions (Highest-grossing films of 2016 (by admissions)); all-time page figure kept | gross_usd_m from 2016 page 'Highest-grossing films of 2016 (by admissions)' ('US$63.7 million') | additional sources: https://en.wikipedia.org/wiki/List_of_2016_box_office_number-one_films_in_South_Korea"
Korean,2016,The Age of Shadows,kr_admissions_m,7.500457,,,,53.7,,7.500457,,,,,,Korean,,,,,,,,,4,41,https://en.wikipedia.org/wiki/List_of_highest-grossing_films_in_South_Korea,"all_time_rank = rank in all-time 'Highest-grossing domestic films (by admissions)' table (100 rows) | 2016 page prints 7,500,420 admissions (Highest-grossing films of 2016 (by admissions)); all-time page figure kept | gross_usd_m from 2016 page 'Highest-grossing films of 2016 (by admissions)' ('US$53.7 million') | additional sources: https://en.wikipedia.org/wiki/List_of_2016_box_office_number-one_films_in_South_Korea"
Korean,2016,The Tunnel,kr_admissions_m,7.12078,,,,50.4,,7.12078,,,,,,Korean,,,,,,,,,5,50,https://en.wikipedia.org/wiki/List_of_highest-grossing_films_in_South_Korea,"all_time_rank = rank in all-time 'Highest-grossing domestic films (by admissions)' table (100 rows) | 2016 page prints 7,120,508 admissions (Highest-grossing films of 2016 (by admissions)); all-time page figure kept | gross_usd_m from 2016 page 'Highest-grossing films of 2016 (by admissions)' ('US$50.4 million') | additional sources: https://en.wikipedia.org/wiki/List_of_2016_box_office_number-one_films_in_South_Korea"
Korean,2016,Operation Chromite,kr_admissions_m,7.051237,,,,48.3,,7.051237,,,,,,Korean,,,,,,,,,6,52,https://en.wikipedia.org/wiki/List_of_highest-grossing_films_in_South_Korea,"all_time_rank = rank in all-time 'Highest-grossing domestic films (by admissions)' table (100 rows) | 2016 page prints 7,049,643 admissions (Highest-grossing films of 2016 (by admissions)); all-time page figure kept | gross_usd_m from 2016 page 'Highest-grossing films of 2016 (by admissions)' ('US$48.3 million') | additional sources: https://en.wikipedia.org/wiki/List_of_2016_box_office_number-one_films_in_South_Korea"
Korean,2016,Luck Key,kr_admissions_m,6.975631,,,,49.4,,6.975631,,,,,,Korean,,,,,,,,,7,54,https://en.wikipedia.org/wiki/List_of_highest-grossing_films_in_South_Korea,"all_time_rank = rank in all-time 'Highest-grossing domestic films (by admissions)' table (100 rows) | 2016 page prints 6,975,291 admissions (Highest-grossing films of 2016 (by admissions)); all-time page figure kept | gross_usd_m from 2016 page 'Highest-grossing films of 2016 (by admissions)' ('US$49.4 million') | additional sources: https://en.wikipedia.org/wiki/List_of_2016_box_office_number-one_films_in_South_Korea"
Korean,2016,The Wailing,kr_admissions_m,6.879989,,,,48.9,,6.879989,,,,,,Korean,,,,,,,,,8,57,https://en.wikipedia.org/wiki/List_of_highest-grossing_films_in_South_Korea,"all_time_rank = rank in all-time 'Highest-grossing domestic films (by admissions)' table (100 rows) | 2016 page prints 6,879,908 admissions (Highest-grossing films of 2016 (by admissions)); all-time page figure kept | gross_usd_m from 2016 page 'Highest-grossing films of 2016 (by admissions)' ('US$48.9 million') | additional sources: https://en.wikipedia.org/wiki/List_of_2016_box_office_number-one_films_in_South_Korea"
Korean,2016,The Last Princess,kr_admissions_m,5.599995,,,,38.9,,5.599995,,,,,,Korean,,,,,,,,,9,74,https://en.wikipedia.org/wiki/List_of_highest-grossing_films_in_South_Korea,"all_time_rank = rank in all-time 'Highest-grossing domestic films (by admissions)' table (100 rows) | 2016 page prints 5,599,229 admissions (Highest-grossing films of 2016 (by admissions)); all-time page figure kept | gross_usd_m from 2016 page 'Highest-grossing films of 2016 (by admissions)' ('US$38.9 million') | additional sources: https://en.wikipedia.org/wiki/List_of_2016_box_office_number-one_films_in_South_Korea"
Korean,2016,Doctor Strange,kr_admissions_m,5.447269,,,,41.6,,5.447269,,,,,,Foreign,,,,,,,,,10,35,https://en.wikipedia.org/wiki/List_of_highest-grossing_films_in_South_Korea,"all_time_rank = rank in all-time 'Foreign films' table (50 rows) | 2016 page prints 5,446,241 admissions (Highest-grossing films of 2016 (by admissions)); all-time page figure kept | gross_usd_m from 2016 page 'Highest-grossing films of 2016 (by admissions)' ('US$41.6 million') | additional sources: https://en.wikipedia.org/wiki/List_of_2016_box_office_number-one_films_in_South_Korea"
Korean,2016,Master,kr_admissions_m,7.150586,,,,34.9,,7.150586,,,,,,Korean,,,,,,,,,,48,https://en.wikipedia.org/wiki/List_of_highest-grossing_films_in_South_Korea,"all_time_rank = rank in all-time 'Highest-grossing domestic films (by admissions)' table (100 rows) | 2016 page prints 4,935,297 admissions (Highest-grossing domestic films of 2016 (by admissions)); all-time page figure kept | gross_usd_m from 2016 page 'Highest-grossing domestic films of 2016 (by admissions)' ('US$34.9 million') | rank 9 among domestic films of 2016 (not in overall top 10); December 2016 release, so yearly-table admissions are calendar-2016 only | additional sources: https://en.wikipedia.org/wiki/List_of_2016_box_office_number-one_films_in_South_Korea"
Korean,2016,Zootopia,kr_admissions_m,4.707962,,,,,,4.707962,,,,,,Foreign,,,,,,,,,,,https://en.wikipedia.org/wiki/List_of_highest-grossing_films_in_South_Korea,"admissions from all-time 'Animated films' table (rank 11 there); not listed in the all-time foreign top-50 table, so all_time_rank is null"
Korean,2016,Pandora,kr_admissions_m,4.313566,,,,29.7,,4.313566,,,,,,Korean,,,,,,,,,,,https://en.wikipedia.org/wiki/List_of_2016_box_office_number-one_films_in_South_Korea,"gross_usd_m from 2016 page 'Highest-grossing domestic films of 2016 (by admissions)' ('US$29.7 million') | rank 10 among domestic films of 2016 (not in overall top 10); December 2016 release, so yearly-table admissions are calendar-2016 only"
Korean,2016,Kung Fu Panda 3,kr_admissions_m,3.984814,,,,,,3.984814,,,,,,Foreign,,,,,,,,,,,https://en.wikipedia.org/wiki/List_of_highest-grossing_films_in_South_Korea,"admissions from all-time 'Animated films' table (rank 14 there); not listed in the all-time foreign top-50 table, so all_time_rank is null"
Korean,2016,Your Name,kr_admissions_m,3.864065,,,,,,3.864065,,,,,,Foreign,,,,,,,,,,,https://en.wikipedia.org/wiki/List_of_highest-grossing_films_in_South_Korea,"admissions from all-time 'Animated films' table (rank 15 there); not listed in the all-time foreign top-50 table, so all_time_rank is null"
Korean,2017,A Taxi Driver,kr_admissions_m,12.189698,,,,89.7,,12.189698,,,,,,Korean,,,,,,,,Showbox,1,16,https://en.wikipedia.org/wiki/List_of_highest-grossing_films_in_South_Korea,"all_time_rank = rank in all-time 'Highest-grossing domestic films (by admissions)' table (100 rows) | listed as the highest-grossing film of 2017 in the all-time page's by-year table (no admissions/gross column there) | 2017 page prints 12,186,327 admissions (Highest-grossing films of 2017 (by admissions)); all-time page figure kept | gross_usd_m from 2017 page 'Highest-grossing films of 2017 (by admissions)' ('US$89.7 million') | additional sources: https://en.wikipedia.org/wiki/List_of_2017_box_office_number-one_films_in_South_Korea"
Korean,2017,Along With the Gods: The Two Worlds,kr_admissions_m,14.414658,,,,64.3,,14.414658,,,,,,Korean,,,,,,,,,2,4,https://en.wikipedia.org/wiki/List_of_highest-grossing_films_in_South_Korea,"all_time_rank = rank in all-time 'Highest-grossing domestic films (by admissions)' table (100 rows) | 2017 page prints 8,539,524 admissions (Highest-grossing films of 2017 (by admissions)); all-time page figure kept | gross_usd_m from 2017 page 'Highest-grossing films of 2017 (by admissions)' ('US$64.3 million') | '*' in 2017 table = still in release when the table was compiled | 2018 page prints 5,872,007 admissions (Highest-grossing domestic films of 2018 (by admissions)); all-time page figure kept | 2018 page lists 5,872,007 admissions / US$42.1 million for calendar 2018 only (rank 2 among 2018 domestic films); film released December 20, 2017, kept under 2017 with cumulative all-time admissions | additional sources: https://en.wikipedia.org/wiki/List_of_2017_box_office_number-one_films_in_South_Korea; https://en.wikipedia.org/wiki/List_of_2018_box_office_number-one_films_in_South_Korea"
Korean,2017,Confidential Assignment,kr_admissions_m,7.817654,,,,59.7,,7.817654,,,,,,Korean,,,,,,,,,3,38,https://en.wikipedia.org/wiki/List_of_highest-grossing_films_in_South_Korea,"all_time_rank = rank in all-time 'Highest-grossing domestic films (by admissions)' table (100 rows) | 2017 page prints 7,817,631 admissions (Highest-grossing films of 2017 (by admissions)); all-time page figure kept | gross_usd_m from 2017 page 'Highest-grossing films of 2017 (by admissions)' ('US$59.7 million') | additional sources: https://en.wikipedia.org/wiki/List_of_2017_box_office_number-one_films_in_South_Korea"
Korean,2017,Spider-Man: Homecoming,kr_admissions_m,7.258678,,,,55.3,,7.258678,,,,,,Foreign,,,,,,,,,4,20,https://en.wikipedia.org/wiki/List_of_highest-grossing_films_in_South_Korea,all_time_rank = rank in all-time 'Foreign films' table (50 rows) | gross_usd_m from 2017 page 'Highest-grossing films of 2017 (by admissions)' ('US$55.3 million') | additional sources: https://en.wikipedia.org/wiki/List_of_2017_box_office_number-one_films_in_South_Korea
Korean,2017,The Outlaws,kr_admissions_m,6.880546,,,,52.7,,6.880546,,,,,,Korean,,,,,,,,,5,56,https://en.wikipedia.org/wiki/List_of_highest-grossing_films_in_South_Korea,"all_time_rank = rank in all-time 'Highest-grossing domestic films (by admissions)' table (100 rows) | 2017 page prints 6,879,844 admissions (Highest-grossing films of 2017 (by admissions)); all-time page figure kept | gross_usd_m from 2017 page 'Highest-grossing films of 2017 (by admissions)' ('US$52.7 million') | additional sources: https://en.wikipedia.org/wiki/List_of_2017_box_office_number-one_films_in_South_Korea"
Korean,2017,The Battleship Island,kr_admissions_m,6.592151,,,,47.3,,6.592151,,,,,,Korean,,,,,,,,,6,61,https://en.wikipedia.org/wiki/List_of_highest-grossing_films_in_South_Korea,all_time_rank = rank in all-time 'Highest-grossing domestic films (by admissions)' table (100 rows) | gross_usd_m from 2017 page 'Highest-grossing films of 2017 (by admissions)' ('US$47.3 million') | additional sources: https://en.wikipedia.org/wiki/List_of_2017_box_office_number-one_films_in_South_Korea
Korean,2017,Midnight Runners,kr_admissions_m,5.653444,,,,41.5,,5.653444,,,,,,Korean,,,,,,,,,7,70,https://en.wikipedia.org/wiki/List_of_highest-grossing_films_in_South_Korea,"all_time_rank = rank in all-time 'Highest-grossing domestic films (by admissions)' table (100 rows) | 2017 page prints 5,653,270 admissions (Highest-grossing films of 2017 (by admissions)); all-time page figure kept | gross_usd_m from 2017 page 'Highest-grossing films of 2017 (by admissions)' ('US$41.5 million') | additional sources: https://en.wikipedia.org/wiki/List_of_2017_box_office_number-one_films_in_South_Korea"
Korean,2017,The King,kr_admissions_m,5.318007,,,,40.7,,5.318007,,,,,,Korean,,,,,,,,,8,80,https://en.wikipedia.org/wiki/List_of_highest-grossing_films_in_South_Korea,"all_time_rank = rank in all-time 'Highest-grossing domestic films (by admissions)' table (100 rows) | 2017 page prints 5,317,383 admissions (Highest-grossing films of 2017 (by admissions)); all-time page figure kept | gross_usd_m from 2017 page 'Highest-grossing films of 2017 (by admissions)' ('US$40.7 million') | additional sources: https://en.wikipedia.org/wiki/List_of_2017_box_office_number-one_films_in_South_Korea"
Korean,2017,Beauty and the Beast,kr_admissions_m,5.156372,,,,39.4,,5.156372,,,,,,Foreign,,,,,,,,,9,41,https://en.wikipedia.org/wiki/List_of_highest-grossing_films_in_South_Korea,"all_time_rank = rank in all-time 'Foreign films' table (50 rows) | 2017 page prints 5,138,330 admissions (Highest-grossing films of 2017 (by admissions)); all-time page figure kept | gross_usd_m from 2017 page 'Highest-grossing films of 2017 (by admissions)' ('US$39.4 million') | additional sources: https://en.wikipedia.org/wiki/List_of_2017_box_office_number-one_films_in_South_Korea"
Korean,2017,Kingsman: The Golden Circle,kr_admissions_m,4.945484,,,,38.4,,4.945484,,,,,,Foreign,,,,,,,,,10,47,https://en.wikipedia.org/wiki/List_of_highest-grossing_films_in_South_Korea,"all_time_rank = rank in all-time 'Foreign films' table (50 rows) | 2017 page prints 4,945,486 admissions (Highest-grossing films of 2017 (by admissions)); all-time page figure kept | gross_usd_m from 2017 page 'Highest-grossing films of 2017 (by admissions)' ('US$38.4 million') | additional sources: https://en.wikipedia.org/wiki/List_of_2017_box_office_number-one_films_in_South_Korea"
Korean,2017,1987: When the Day Comes,kr_admissions_m,7.232452,,,,38.1,,7.232452,,,,,,Korean,,,,,,,,,,46,https://en.wikipedia.org/wiki/List_of_highest-grossing_films_in_South_Korea,"all_time_rank = rank in all-time 'Highest-grossing domestic films (by admissions)' table (100 rows) | 2018 page prints 5,290,310 admissions (Highest-grossing domestic films of 2018 (by admissions)); all-time page figure kept | gross_usd_m from 2018 page 'Highest-grossing domestic films of 2018 (by admissions)' ('US$38.1 million') | 2018 page lists 5,290,310 admissions / US$38.1 million for calendar 2018 only (rank 5 among 2018 domestic films); film released December 27, 2017, kept under 2017 with cumulative all-time admissions | additional sources: https://en.wikipedia.org/wiki/List_of_2018_box_office_number-one_films_in_South_Korea"
Korean,2017,Thor: Ragnarok,kr_admissions_m,4.858572,,,,,,4.858572,,,,,,Foreign,,,,,,,,,,50,https://en.wikipedia.org/wiki/List_of_highest-grossing_films_in_South_Korea,all_time_rank = rank in all-time 'Foreign films' table (50 rows)
Korean,2017,The Swindlers,kr_admissions_m,4.018035,,,,29.3,,4.018035,,,,,,Korean,,,,,,,,,,,https://en.wikipedia.org/wiki/List_of_2017_box_office_number-one_films_in_South_Korea,gross_usd_m from 2017 page 'Highest-grossing domestic films of 2017 (by admissions)' ('US$29.3 million') | '*' in 2017 table = still in release when the table was compiled | rank 8 among domestic films of 2017 (not in overall top 10)
Korean,2017,Steel Rain,kr_admissions_m,4.013336,,,,29.9,,4.013336,,,,,,Korean,,,,,,,,,,,https://en.wikipedia.org/wiki/List_of_2017_box_office_number-one_films_in_South_Korea,gross_usd_m from 2017 page 'Highest-grossing domestic films of 2017 (by admissions)' ('US$29.9 million') | '*' in 2017 table = still in release when the table was compiled | rank 9 among domestic films of 2017 (not in overall top 10)
Korean,2017,The Fortress,kr_admissions_m,3.849087,,,,29.2,,3.849087,,,,,,Korean,,,,,,,,,,,https://en.wikipedia.org/wiki/List_of_2017_box_office_number-one_films_in_South_Korea,gross_usd_m from 2017 page 'Highest-grossing domestic films of 2017 (by admissions)' ('US$29.2 million') | rank 10 among domestic films of 2017 (not in overall top 10)
Korean,2017,Despicable Me 3,kr_admissions_m,3.324874,,,,,,3.324874,,,,,,Foreign,,,,,,,,,,,https://en.wikipedia.org/wiki/List_of_highest-grossing_films_in_South_Korea,"admissions from all-time 'Animated films' table (rank 19 there); not listed in the all-time foreign top-50 table, so all_time_rank is null"
Korean,2017,"Pororo, Dinosaur Island Adventure",kr_admissions_m,0.827338,,,,,,0.827338,,,,,,Korean,,,,,,,,,,,https://en.wikipedia.org/wiki/List_of_highest-grossing_films_in_South_Korea,admissions from all-time 'Highest-grossing Korean animated films' table (rank 7 there); all_time_rank null (not in main 100-row table)
Korean,2018,Along with the Gods: The Last 49 Days,kr_admissions_m,12.27801,,,,91.2,,12.27801,,,,,,Korean,,,,,,,,,1,15,https://en.wikipedia.org/wiki/List_of_highest-grossing_films_in_South_Korea,"all_time_rank = rank in all-time 'Highest-grossing domestic films (by admissions)' table (100 rows) | 2018 page prints 12,274,996 admissions (Highest-grossing domestic films of 2018 (by admissions)); all-time page figure kept | gross_usd_m from 2018 page 'Highest-grossing domestic films of 2018 (by admissions)' ('US$91.2 million') | rank 1 is among domestic films of 2018 (page has separate domestic/foreign tables, no combined table); released August 1, 2018 | additional sources: https://en.wikipedia.org/wiki/List_of_2018_box_office_number-one_films_in_South_Korea"
Korean,2018,Avengers: Infinity War,kr_admissions_m,11.233176,,,,88.8,,11.233176,,,,,,Foreign,,,,,,,,Walt Disney Studios Motion Pictures,1,5,https://en.wikipedia.org/wiki/List_of_highest-grossing_films_in_South_Korea,"all_time_rank = rank in all-time 'Foreign films' table (50 rows) | listed as the highest-grossing film of 2018 in the all-time page's by-year table (no admissions/gross column there) | 2018 page prints 11,212,710 admissions (Highest-grossing foreign films of 2018 (by admissions)); all-time page figure kept | gross_usd_m from 2018 page 'Highest-grossing foreign films of 2018 (by admissions)' ('US$88.8 million') | rank 1 is among foreign films of 2018 (page has separate domestic/foreign tables, no combined table); released April 25, 2018 | additional sources: https://en.wikipedia.org/wiki/List_of_2018_box_office_number-one_films_in_South_Korea"
Korean,2018,Bohemian Rhapsody,kr_admissions_m,9.948386,,,,76.1,,9.948386,,,,,,Foreign,,,,,,,,,2,10,https://en.wikipedia.org/wiki/List_of_highest-grossing_films_in_South_Korea,"all_time_rank = rank in all-time 'Foreign films' table (50 rows) | 2018 page prints 9,224,587 admissions (Highest-grossing foreign films of 2018 (by admissions)); all-time page figure kept | gross_usd_m from 2018 page 'Highest-grossing foreign films of 2018 (by admissions)' ('US$76.1 million') | rank 2 is among foreign films of 2018 (page has separate domestic/foreign tables, no combined table); released October 31, 2018 | yearly-table admissions/gross are calendar-2018 only (film continued into 2019); all-time page admissions kept | additional sources: https://en.wikipedia.org/wiki/List_of_2018_box_office_number-one_films_in_South_Korea"
Korean,2018,Mission: Impossible – Fallout,kr_admissions_m,6.584915,,,,49.7,,6.584915,,,,,,Foreign,,,,,,,,,3,22,https://en.wikipedia.org/wiki/List_of_highest-grossing_films_in_South_Korea,"all_time_rank = rank in all-time 'Foreign films' table (50 rows) | gross_usd_m from 2018 page 'Highest-grossing foreign films of 2018 (by admissions)' ('US$49.7 million') | rank 3 is among foreign films of 2018 (page has separate domestic/foreign tables, no combined table); released July 25, 2018 | additional sources: https://en.wikipedia.org/wiki/List_of_2018_box_office_number-one_films_in_South_Korea"
Korean,2018,The Great Battle,kr_admissions_m,5.44102,,,,41.2,,5.44102,,,,,,Korean,,,,,,,,,3,79,https://en.wikipedia.org/wiki/List_of_highest-grossing_films_in_South_Korea,"all_time_rank = rank in all-time 'Highest-grossing domestic films (by admissions)' table (100 rows) | 2018 page prints 5,440,186 admissions (Highest-grossing domestic films of 2018 (by admissions)); all-time page figure kept | gross_usd_m from 2018 page 'Highest-grossing domestic films of 2018 (by admissions)' ('US$41.2 million') | rank 3 is among domestic films of 2018 (page has separate domestic/foreign tables, no combined table); released September 19, 2018 | additional sources: https://en.wikipedia.org/wiki/List_of_2018_box_office_number-one_films_in_South_Korea"
Korean,2018,Jurassic World: Fallen Kingdom,kr_admissions_m,5.661128,,,,44.2,,5.661128,,,,,,Foreign,,,,,,,,,4,32,https://en.wikipedia.org/wiki/List_of_highest-grossing_films_in_South_Korea,"all_time_rank = rank in all-time 'Foreign films' table (50 rows) | gross_usd_m from 2018 page 'Highest-grossing foreign films of 2018 (by admissions)' ('US$44.2 million') | rank 4 is among foreign films of 2018 (page has separate domestic/foreign tables, no combined table); released June 6, 2018 | additional sources: https://en.wikipedia.org/wiki/List_of_2018_box_office_number-one_films_in_South_Korea"
Korean,2018,Intimate Strangers,kr_admissions_m,5.294154,,,,39.4,,5.294154,,,,,,Korean,,,,,,,,,4,82,https://en.wikipedia.org/wiki/List_of_highest-grossing_films_in_South_Korea,"all_time_rank = rank in all-time 'Highest-grossing domestic films (by admissions)' table (100 rows) | 2018 page prints 5,293,435 admissions (Highest-grossing domestic films of 2018 (by admissions)); all-time page figure kept | gross_usd_m from 2018 page 'Highest-grossing domestic films of 2018 (by admissions)' ('US$39.4 million') | rank 4 is among domestic films of 2018 (page has separate domestic/foreign tables, no combined table); released October 31, 2018 | additional sources: https://en.wikipedia.org/wiki/List_of_2018_box_office_number-one_films_in_South_Korea"
Korean,2018,Ant-Man and the Wasp,kr_admissions_m,5.448134,,,,42.2,,5.448134,,,,,,Foreign,,,,,,,,,5,34,https://en.wikipedia.org/wiki/List_of_highest-grossing_films_in_South_Korea,"all_time_rank = rank in all-time 'Foreign films' table (50 rows) | gross_usd_m from 2018 page 'Highest-grossing foreign films of 2018 (by admissions)' ('US$42.2 million') | rank 5 is among foreign films of 2018 (page has separate domestic/foreign tables, no combined table); released July 4, 2018 | additional sources: https://en.wikipedia.org/wiki/List_of_2018_box_office_number-one_films_in_South_Korea"
Korean,2018,Black Panther,kr_admissions_m,5.399327,,,,40.8,,5.399327,,,,,,Foreign,,,,,,,,,6,37,https://en.wikipedia.org/wiki/List_of_highest-grossing_films_in_South_Korea,"all_time_rank = rank in all-time 'Foreign films' table (50 rows) | 2018 page prints 5,399,227 admissions (Highest-grossing foreign films of 2018 (by admissions)); all-time page figure kept | gross_usd_m from 2018 page 'Highest-grossing foreign films of 2018 (by admissions)' ('US$40.8 million') | rank 6 is among foreign films of 2018 (page has separate domestic/foreign tables, no combined table); released February 14, 2018 | additional sources: https://en.wikipedia.org/wiki/List_of_2018_box_office_number-one_films_in_South_Korea"
Korean,2018,Believer,kr_admissions_m,5.064323,,,,38.6,,5.064323,,,,,,Korean,,,,,,,,,6,89,https://en.wikipedia.org/wiki/List_of_highest-grossing_films_in_South_Korea,"all_time_rank = rank in all-time 'Highest-grossing domestic films (by admissions)' table (100 rows) | 2018 page prints 5,063,684 admissions (Highest-grossing domestic films of 2018 (by admissions)); all-time page figure kept | gross_usd_m from 2018 page 'Highest-grossing domestic films of 2018 (by admissions)' ('US$38.6 million') | rank 6 is among domestic films of 2018 (page has separate domestic/foreign tables, no combined table); released May 22, 2018 | additional sources: https://en.wikipedia.org/wiki/List_of_2018_box_office_number-one_films_in_South_Korea"
Korean,2018,The Spy Gone North,kr_admissions_m,4.975517,,,,38.0,,4.975517,,,,,,Korean,,,,,,,,,7,91,https://en.wikipedia.org/wiki/List_of_highest-grossing_films_in_South_Korea,"all_time_rank = rank in all-time 'Highest-grossing domestic films (by admissions)' table (100 rows) | 2018 page prints 4,974,520 admissions (Highest-grossing domestic films of 2018 (by admissions)); all-time page figure kept | gross_usd_m from 2018 page 'Highest-grossing domestic films of 2018 (by admissions)' ('US$38.0 million') | rank 7 is among domestic films of 2018 (page has separate domestic/foreign tables, no combined table); released August 8, 2018 | additional sources: https://en.wikipedia.org/wiki/List_of_2018_box_office_number-one_films_in_South_Korea"
Korean,2018,Venom,kr_admissions_m,3.888096,,,,30.3,,3.888096,,,,,,Foreign,,,,,,,,,7,,https://en.wikipedia.org/wiki/List_of_2018_box_office_number-one_films_in_South_Korea,"gross_usd_m from 2018 page 'Highest-grossing foreign films of 2018 (by admissions)' ('US$30.3 million') | rank 7 is among foreign films of 2018 (page has separate domestic/foreign tables, no combined table); released October 3, 2018"
Korean,2018,Dark Figure of Crime,kr_admissions_m,3.789321,,,,29.3,,3.789321,,,,,,Korean,,,,,,,,,8,,https://en.wikipedia.org/wiki/List_of_2018_box_office_number-one_films_in_South_Korea,"gross_usd_m from 2018 page 'Highest-grossing domestic films of 2018 (by admissions)' ('US$29.3 million') | rank 8 is among domestic films of 2018 (page has separate domestic/foreign tables, no combined table); released October 3, 2018"
Korean,2018,Deadpool 2,kr_admissions_m,3.784602,,,,30.4,,3.784602,,,,,,Foreign,,,,,,,,,8,,https://en.wikipedia.org/wiki/List_of_2018_box_office_number-one_films_in_South_Korea,"gross_usd_m from 2018 page 'Highest-grossing foreign films of 2018 (by admissions)' ('US$30.4 million') | rank 8 is among foreign films of 2018 (page has separate domestic/foreign tables, no combined table); released May 16, 2018"
Korean,2018,Default,kr_admissions_m,3.747954,,,,27.4,,3.747954,,,,,,Korean,,,,,,,,,9,,https://en.wikipedia.org/wiki/List_of_2018_box_office_number-one_films_in_South_Korea,"gross_usd_m from 2018 page 'Highest-grossing domestic films of 2018 (by admissions)' ('US$27.4 million') | rank 9 is among domestic films of 2018 (page has separate domestic/foreign tables, no combined table); released November 28, 2018 | late-2018 release; yearly-table figures are calendar-2018 only"
Korean,2018,Coco,kr_admissions_m,3.51688,,,,24.6,,3.51688,,,,,,Foreign,,,,,,,,,9,,https://en.wikipedia.org/wiki/List_of_highest-grossing_films_in_South_Korea,"admissions from all-time 'Animated films' table (rank 16 there); not listed in the all-time foreign top-50 table, so all_time_rank is null | animated table prints year 2017; kept 2018 | 2018 page prints 3,510,017 admissions (Highest-grossing foreign films of 2018 (by admissions)); all-time page figure kept | gross_usd_m from 2018 page 'Highest-grossing foreign films of 2018 (by admissions)' ('US$24.6 million') | rank 9 is among foreign films of 2018 (page has separate domestic/foreign tables, no combined table); released January 11, 2018 | additional sources: https://en.wikipedia.org/wiki/List_of_2018_box_office_number-one_films_in_South_Korea"
Korean,2018,Aquaman,kr_admissions_m,5.041187,,,,27.1,,5.041187,,,,,,Foreign,,,,,,,,,10,44,https://en.wikipedia.org/wiki/List_of_highest-grossing_films_in_South_Korea,"all_time_rank = rank in all-time 'Foreign films' table (50 rows) | 2018 page prints 3,491,860 admissions (Highest-grossing foreign films of 2018 (by admissions)); all-time page figure kept | gross_usd_m from 2018 page 'Highest-grossing foreign films of 2018 (by admissions)' ('US$27.1 million') | rank 10 is among foreign films of 2018 (page has separate domestic/foreign tables, no combined table); released December 19, 2018 | yearly-table admissions/gross are calendar-2018 only (film continued into 2019); all-time page admissions kept | additional sources: https://en.wikipedia.org/wiki/List_of_2018_box_office_number-one_films_in_South_Korea"
Korean,2018,Keys to the Heart,kr_admissions_m,3.419339,,,,24.4,,3.419339,,,,,,Korean,,,,,,,,,10,,https://en.wikipedia.org/wiki/List_of_2018_box_office_number-one_films_in_South_Korea,"gross_usd_m from 2018 page 'Highest-grossing domestic films of 2018 (by admissions)' ('US$24.4 million') | rank 10 is among domestic films of 2018 (page has separate domestic/foreign tables, no combined table); released January 17, 2018"
Korean,2018,Hello Carbot: The Cretaceous Period,kr_admissions_m,0.880776,,,,,,0.880776,,,,,,Korean,,,,,,,,,,,https://en.wikipedia.org/wiki/List_of_highest-grossing_films_in_South_Korea,admissions from all-time 'Highest-grossing Korean animated films' table (rank 6 there); all_time_rank null (not in main 100-row table)
Korean,2019,Extreme Job,kr_admissions_m,16.266641,,,,,,16.266641,,,,,,Korean,,,,,,,,CJ Entertainment,,3,https://en.wikipedia.org/wiki/List_of_highest-grossing_films_in_South_Korea,"all_time_rank = rank in all-time 'Highest-grossing domestic films (by admissions)' table (100 rows) | listed as the highest-grossing film of 2019 in the all-time page's by-year table (no admissions/gross column there) | weekend number one in South Korea for 4 weekend(s) in 2019 per the 2019 page (January 27, 2019 onward); weekend gross figures are weekend-only, not totals (gross_usd_m left as-is) | additional sources: https://en.wikipedia.org/wiki/List_of_2019_box_office_number-one_films_in_South_Korea"
Korean,2019,Avengers: Endgame,kr_admissions_m,13.977602,,,,,,13.977602,,,,,,Foreign,,,,,,,,,,1,https://en.wikipedia.org/wiki/List_of_highest-grossing_films_in_South_Korea,"all_time_rank = rank in all-time 'Foreign films' table (50 rows) | weekend number one in South Korea for 3 weekend(s) in 2019 per the 2019 page (April 28, 2019 onward); weekend gross figures are weekend-only, not totals (gross_usd_m left as-is) | additional sources: https://en.wikipedia.org/wiki/List_of_2019_box_office_number-one_films_in_South_Korea"
Korean,2019,Frozen 2,kr_admissions_m,13.747792,,,,,,13.747792,,,,,,Foreign,,,,,,,,,,2,https://en.wikipedia.org/wiki/List_of_highest-grossing_films_in_South_Korea,"all_time_rank = rank in all-time 'Foreign films' table (50 rows) | animated table prints 13,750,668 (rank 1) vs 13,747,792 in main table; main table kept | weekend number one in South Korea for 4 weekend(s) in 2019 per the 2019 page (November 24, 2019 onward); weekend gross figures are weekend-only, not totals (gross_usd_m left as-is) | additional sources: https://en.wikipedia.org/wiki/List_of_2019_box_office_number-one_films_in_South_Korea"
Korean,2019,Aladdin,kr_admissions_m,12.723777,,,,,,12.723777,,,,,,Foreign,,,,,,,,,,4,https://en.wikipedia.org/wiki/List_of_highest-grossing_films_in_South_Korea,"all_time_rank = rank in all-time 'Foreign films' table (50 rows) | weekend number one in South Korea for 1 weekend(s) in 2019 per the 2019 page (May 26, 2019 onward); weekend gross figures are weekend-only, not totals (gross_usd_m left as-is) | weekend number one in South Korea for 1 weekend(s) in 2019 per the 2019 page (June 16, 2019 onward); weekend gross figures are weekend-only, not totals (gross_usd_m left as-is) | weekend number one in South Korea for 1 weekend(s) in 2019 per the 2019 page (June 30, 2019 onward); weekend gross figures are weekend-only, not totals (gross_usd_m left as-is) | additional sources: https://en.wikipedia.org/wiki/List_of_2019_box_office_number-one_films_in_South_Korea"
Korean,2019,Parasite,kr_admissions_m,10.316367,,,,,,10.316367,,,,,,Korean,,,,,,,,,,25,https://en.wikipedia.org/wiki/List_of_highest-grossing_films_in_South_Korea,"all_time_rank = rank in all-time 'Highest-grossing domestic films (by admissions)' table (100 rows) | weekend number one in South Korea for 2 weekend(s) in 2019 per the 2019 page (June 2, 2019 onward); weekend gross figures are weekend-only, not totals (gross_usd_m left as-is) | additional sources: https://en.wikipedia.org/wiki/List_of_2019_box_office_number-one_films_in_South_Korea"
Korean,2019,Exit,kr_admissions_m,9.428172,,,,,,9.428172,,,,,,Korean,,,,,,,,,,27,https://en.wikipedia.org/wiki/List_of_highest-grossing_films_in_South_Korea,"all_time_rank = rank in all-time 'Highest-grossing domestic films (by admissions)' table (100 rows) | weekend number one in South Korea for 2 weekend(s) in 2019 per the 2019 page (August 4, 2019 onward); weekend gross figures are weekend-only, not totals (gross_usd_m left as-is) | additional sources: https://en.wikipedia.org/wiki/List_of_2019_box_office_number-one_films_in_South_Korea"
Korean,2019,Ashfall,kr_admissions_m,8.252909,,,,,,8.252909,,,,,,Korean,,,,,,,,,,34,https://en.wikipedia.org/wiki/List_of_highest-grossing_films_in_South_Korea,"all_time_rank = rank in all-time 'Highest-grossing domestic films (by admissions)' table (100 rows) | weekend number one in South Korea for 2 weekend(s) in 2019 per the 2019 page (December 22, 2019 onward); weekend gross figures are weekend-only, not totals (gross_usd_m left as-is) | weekend number one in South Korea for 1 weekend(s) in 2020 per the 2020 page (January 5, 2020 onward); weekend gross figures are weekend-only, not totals (gross_usd_m left as-is) | additional sources: https://en.wikipedia.org/wiki/List_of_2019_box_office_number-one_films_in_South_Korea; https://en.wikipedia.org/wiki/List_of_2020_box_office_number-one_films_in_South_Korea"
Korean,2019,Spider-Man: Far From Home,kr_admissions_m,8.023606,,,,,,8.023606,,,,,,Foreign,,,,,,,,,,14,https://en.wikipedia.org/wiki/List_of_highest-grossing_films_in_South_Korea,"all_time_rank = rank in all-time 'Foreign films' table (50 rows) | weekend number one in South Korea for 2 weekend(s) in 2019 per the 2019 page (July 7, 2019 onward); weekend gross figures are weekend-only, not totals (gross_usd_m left as-is) | additional sources: https://en.wikipedia.org/wiki/List_of_2019_box_office_number-one_films_in_South_Korea"
Korean,2019,Captain Marvel,kr_admissions_m,5.80281,,,,,,5.80281,,,,,,Foreign,,,,,,,,,,30,https://en.wikipedia.org/wiki/List_of_highest-grossing_films_in_South_Korea,"all_time_rank = rank in all-time 'Foreign films' table (50 rows) | weekend number one in South Korea for 2 weekend(s) in 2019 per the 2019 page (March 10, 2019 onward); weekend gross figures are weekend-only, not totals (gross_usd_m left as-is) | additional sources: https://en.wikipedia.org/wiki/List_of_2019_box_office_number-one_films_in_South_Korea"
Korean,2019,Joker,kr_admissions_m,5.255308,,,,,,5.255308,,,,,,Foreign,,,,,,,,,,39,https://en.wikipedia.org/wiki/List_of_highest-grossing_films_in_South_Korea,"all_time_rank = rank in all-time 'Foreign films' table (50 rows) | weekend number one in South Korea for 2 weekend(s) in 2019 per the 2019 page (October 6, 2019 onward); weekend gross figures are weekend-only, not totals (gross_usd_m left as-is) | additional sources: https://en.wikipedia.org/wiki/List_of_2019_box_office_number-one_films_in_South_Korea"
Korean,2019,The Battle: Roar to Victory,kr_admissions_m,4.787579,,,,,,4.787579,,,,,,Korean,,,,,,,,,,96,https://en.wikipedia.org/wiki/List_of_highest-grossing_films_in_South_Korea,all_time_rank = rank in all-time 'Highest-grossing domestic films (by admissions)' table (100 rows)
Korean,2019,The Lion King,kr_admissions_m,4.743295,,,,,,4.743295,,,,,,Foreign,,,,,,,,,,,https://en.wikipedia.org/wiki/List_of_highest-grossing_films_in_South_Korea,"admissions from all-time 'Animated films' table (rank 10 there); not listed in the all-time foreign top-50 table, so all_time_rank is null | weekend number one in South Korea for 2 weekend(s) in 2019 per the 2019 page (July 21, 2019 onward); weekend gross figures are weekend-only, not totals (gross_usd_m left as-is) | additional sources: https://en.wikipedia.org/wiki/List_of_2019_box_office_number-one_films_in_South_Korea"
Korean,2019,Toy Story 4,kr_admissions_m,3.400623,,,,,,3.400623,,,,,,Foreign,,,,,,,,,,,https://en.wikipedia.org/wiki/List_of_highest-grossing_films_in_South_Korea,"admissions from all-time 'Animated films' table (rank 18 there); not listed in the all-time foreign top-50 table, so all_time_rank is null | weekend number one in South Korea for 1 weekend(s) in 2019 per the 2019 page (June 23, 2019 onward); weekend gross figures are weekend-only, not totals (gross_usd_m left as-is) | additional sources: https://en.wikipedia.org/wiki/List_of_2019_box_office_number-one_films_in_South_Korea"
Korean,2019,The Haunted House: The Sky Ghost VS Jormungandr,kr_admissions_m,0.894826,,,,,,0.894826,,,,,,Korean,,,,,,,,,,,https://en.wikipedia.org/wiki/List_of_highest-grossing_films_in_South_Korea,admissions from all-time 'Highest-grossing Korean animated films' table (rank 5 there); all_time_rank null (not in main 100-row table)
Korean,2019,Red Shoes and the Seven Dwarfs,kr_admissions_m,0.817729,,,,,,0.817729,,,,,,Korean,,,,,,,,,,,https://en.wikipedia.org/wiki/List_of_highest-grossing_films_in_South_Korea,admissions from all-time 'Highest-grossing Korean animated films' table (rank 8 there); all_time_rank null (not in main 100-row table)
Korean,2019,Pororo: Treasure Island Adventure,kr_admissions_m,0.762,,,,,,0.762,,,,,,Korean,,,,,,,,,,,https://en.wikipedia.org/wiki/List_of_highest-grossing_films_in_South_Korea,admissions from all-time 'Highest-grossing Korean animated films' table (rank 10 there); all_time_rank null (not in main 100-row table) | admissions printed as a rounded figure
Korean,2019,Ralph Breaks the Internet,ww_gross_musd,,,,,,,,,,,,,Foreign,,,,,,,,,,,https://en.wikipedia.org/wiki/List_of_2019_box_office_number-one_films_in_South_Korea,"weekend number one in South Korea for 1 weekend(s) in 2019 per the 2019 page (January 6, 2019 onward); weekend gross figures are weekend-only, not totals (gross_usd_m left as-is) | row from weekly number-one table only (2019 page has no yearly top-10 table); total admissions/gross not given on the fetched pages"
Korean,2019,Mal-Mo-E: The Secret Mission,ww_gross_musd,,,,,,,,,,,,,Korean,,,,,,,,,,,https://en.wikipedia.org/wiki/List_of_2019_box_office_number-one_films_in_South_Korea,"weekend number one in South Korea for 2 weekend(s) in 2019 per the 2019 page (January 13, 2019 onward); weekend gross figures are weekend-only, not totals (gross_usd_m left as-is) | row from weekly number-one table only (2019 page has no yearly top-10 table); total admissions/gross not given on the fetched pages"
Korean,2019,Svaha: The Sixth Finger,ww_gross_musd,,,,,,,,,,,,,Korean,,,,,,,,,,,https://en.wikipedia.org/wiki/List_of_2019_box_office_number-one_films_in_South_Korea,"weekend number one in South Korea for 1 weekend(s) in 2019 per the 2019 page (February 24, 2019 onward); weekend gross figures are weekend-only, not totals (gross_usd_m left as-is) | row from weekly number-one table only (2019 page has no yearly top-10 table); total admissions/gross not given on the fetched pages"
Korean,2019,A Resistance,ww_gross_musd,,,,,,,,,,,,,Korean,,,,,,,,,,,https://en.wikipedia.org/wiki/List_of_2019_box_office_number-one_films_in_South_Korea,"weekend number one in South Korea for 1 weekend(s) in 2019 per the 2019 page (March 3, 2019 onward); weekend gross figures are weekend-only, not totals (gross_usd_m left as-is) | row from weekly number-one table only (2019 page has no yearly top-10 table); total admissions/gross not given on the fetched pages"
Korean,2019,Money,ww_gross_musd,,,,,,,,,,,,,Korean,,,,,,,,,,,https://en.wikipedia.org/wiki/List_of_2019_box_office_number-one_films_in_South_Korea,"weekend number one in South Korea for 1 weekend(s) in 2019 per the 2019 page (March 24, 2019 onward); weekend gross figures are weekend-only, not totals (gross_usd_m left as-is) | row from weekly number-one table only (2019 page has no yearly top-10 table); total admissions/gross not given on the fetched pages"
Korean,2019,Us,ww_gross_musd,,,,,,,,,,,,,Foreign,,,,,,,,,,,https://en.wikipedia.org/wiki/List_of_2019_box_office_number-one_films_in_South_Korea,"weekend number one in South Korea for 1 weekend(s) in 2019 per the 2019 page (March 31, 2019 onward); weekend gross figures are weekend-only, not totals (gross_usd_m left as-is) | row from weekly number-one table only (2019 page has no yearly top-10 table); total admissions/gross not given on the fetched pages"
Korean,2019,Shazam!,ww_gross_musd,,,,,,,,,,,,,Foreign,,,,,,,,,,,https://en.wikipedia.org/wiki/List_of_2019_box_office_number-one_films_in_South_Korea,"weekend number one in South Korea for 1 weekend(s) in 2019 per the 2019 page (April 7, 2019 onward); weekend gross figures are weekend-only, not totals (gross_usd_m left as-is) | row from weekly number-one table only (2019 page has no yearly top-10 table); total admissions/gross not given on the fetched pages"
Korean,2019,Birthday,ww_gross_musd,,,,,,,,,,,,,Korean,,,,,,,,,,,https://en.wikipedia.org/wiki/List_of_2019_box_office_number-one_films_in_South_Korea,"weekend number one in South Korea for 2 weekend(s) in 2019 per the 2019 page (April 14, 2019 onward); weekend gross figures are weekend-only, not totals (gross_usd_m left as-is) | row from weekly number-one table only (2019 page has no yearly top-10 table); total admissions/gross not given on the fetched pages"
Korean,2019,"The Gangster, The Cop, The Devil",ww_gross_musd,,,,,,,,,,,,,Korean,,,,,,,,,,,https://en.wikipedia.org/wiki/List_of_2019_box_office_number-one_films_in_South_Korea,"weekend number one in South Korea for 1 weekend(s) in 2019 per the 2019 page (May 19, 2019 onward); weekend gross figures are weekend-only, not totals (gross_usd_m left as-is) | row from weekly number-one table only (2019 page has no yearly top-10 table); total admissions/gross not given on the fetched pages"
Korean,2019,Hobbs & Shaw,ww_gross_musd,,,,,,,,,,,,,Foreign,,,,,,,,,,,https://en.wikipedia.org/wiki/List_of_2019_box_office_number-one_films_in_South_Korea,"weekend number one in South Korea for 1 weekend(s) in 2019 per the 2019 page (August 18, 2019 onward); weekend gross figures are weekend-only, not totals (gross_usd_m left as-is) | row from weekly number-one table only (2019 page has no yearly top-10 table); total admissions/gross not given on the fetched pages"
Korean,2019,Metamorphosis,ww_gross_musd,,,,,,,,,,,,,Korean,,,,,,,,,,,https://en.wikipedia.org/wiki/List_of_2019_box_office_number-one_films_in_South_Korea,"weekend number one in South Korea for 1 weekend(s) in 2019 per the 2019 page (August 25, 2019 onward); weekend gross figures are weekend-only, not totals (gross_usd_m left as-is) | row from weekly number-one table only (2019 page has no yearly top-10 table); total admissions/gross not given on the fetched pages"
Korean,2019,Tune in for Love,ww_gross_musd,,,,,,,,,,,,,Korean,,,,,,,,,,,https://en.wikipedia.org/wiki/List_of_2019_box_office_number-one_films_in_South_Korea,"weekend number one in South Korea for 1 weekend(s) in 2019 per the 2019 page (September 1, 2019 onward); weekend gross figures are weekend-only, not totals (gross_usd_m left as-is) | row from weekly number-one table only (2019 page has no yearly top-10 table); total admissions/gross not given on the fetched pages"
Korean,2019,It Chapter Two,ww_gross_musd,,,,,,,,,,,,,Foreign,,,,,,,,,,,https://en.wikipedia.org/wiki/List_of_2019_box_office_number-one_films_in_South_Korea,"weekend number one in South Korea for 1 weekend(s) in 2019 per the 2019 page (September 8, 2019 onward); weekend gross figures are weekend-only, not totals (gross_usd_m left as-is) | row from weekly number-one table only (2019 page has no yearly top-10 table); total admissions/gross not given on the fetched pages"
Korean,2019,The Bad Guys: Reign of Chaos,ww_gross_musd,,,,,,,,,,,,,Korean,,,,,,,,,,,https://en.wikipedia.org/wiki/List_of_2019_box_office_number-one_films_in_South_Korea,"weekend number one in South Korea for 2 weekend(s) in 2019 per the 2019 page (September 15, 2019 onward); weekend gross figures are weekend-only, not totals (gross_usd_m left as-is) | row from weekly number-one table only (2019 page has no yearly top-10 table); total admissions/gross not given on the fetched pages"
Korean,2019,The Battle of Jangsari,ww_gross_musd,,,,,,,,,,,,,Korean,,,,,,,,,,,https://en.wikipedia.org/wiki/List_of_2019_box_office_number-one_films_in_South_Korea,"weekend number one in South Korea for 1 weekend(s) in 2019 per the 2019 page (September 29, 2019 onward); weekend gross figures are weekend-only, not totals (gross_usd_m left as-is) | row from weekly number-one table only (2019 page has no yearly top-10 table); total admissions/gross not given on the fetched pages"
Korean,2019,Maleficent: Mistress of Evil,ww_gross_musd,,,,,,,,,,,,,Foreign,,,,,,,,,,,https://en.wikipedia.org/wiki/List_of_2019_box_office_number-one_films_in_South_Korea,"weekend number one in South Korea for 1 weekend(s) in 2019 per the 2019 page (October 20, 2019 onward); weekend gross figures are weekend-only, not totals (gross_usd_m left as-is) | row from weekly number-one table only (2019 page has no yearly top-10 table); total admissions/gross not given on the fetched pages"
Korean,2019,Kim Ji-young: Born 1982,ww_gross_musd,,,,,,,,,,,,,Korean,,,,,,,,,,,https://en.wikipedia.org/wiki/List_of_2019_box_office_number-one_films_in_South_Korea,"weekend number one in South Korea for 1 weekend(s) in 2019 per the 2019 page (October 27, 2019 onward); weekend gross figures are weekend-only, not totals (gross_usd_m left as-is) | row from weekly number-one table only (2019 page has no yearly top-10 table); total admissions/gross not given on the fetched pages"
Korean,2019,Terminator: Dark Fate,ww_gross_musd,,,,,,,,,,,,,Foreign,,,,,,,,,,,https://en.wikipedia.org/wiki/List_of_2019_box_office_number-one_films_in_South_Korea,"weekend number one in South Korea for 1 weekend(s) in 2019 per the 2019 page (November 3, 2019 onward); weekend gross figures are weekend-only, not totals (gross_usd_m left as-is) | row from weekly number-one table only (2019 page has no yearly top-10 table); total admissions/gross not given on the fetched pages"
Korean,2019,The Divine Move 2: The Wrathful,ww_gross_musd,,,,,,,,,,,,,Korean,,,,,,,,,,,https://en.wikipedia.org/wiki/List_of_2019_box_office_number-one_films_in_South_Korea,"weekend number one in South Korea for 1 weekend(s) in 2019 per the 2019 page (November 10, 2019 onward); weekend gross figures are weekend-only, not totals (gross_usd_m left as-is) | row from weekly number-one table only (2019 page has no yearly top-10 table); total admissions/gross not given on the fetched pages"
Korean,2019,Black Money,ww_gross_musd,,,,,,,,,,,,,Korean,,,,,,,,,,,https://en.wikipedia.org/wiki/List_of_2019_box_office_number-one_films_in_South_Korea,"weekend number one in South Korea for 1 weekend(s) in 2019 per the 2019 page (November 17, 2019 onward); weekend gross figures are weekend-only, not totals (gross_usd_m left as-is) | row from weekly number-one table only (2019 page has no yearly top-10 table); total admissions/gross not given on the fetched pages"
Korean,2020,The Man Standing Next,kr_admissions_m,4.750345,,,,,,4.750345,,,,,,Korean,,,,,,,,Hive Media Corp.,,99,https://en.wikipedia.org/wiki/List_of_highest-grossing_films_in_South_Korea,"all_time_rank = rank in all-time 'Highest-grossing domestic films (by admissions)' table (100 rows) | listed as the highest-grossing film of 2020 in the all-time page's by-year table (no admissions/gross column there) | weekend number one in South Korea for 2 weekend(s) in 2020 per the 2020 page (January 26, 2020 onward); weekend gross figures are weekend-only, not totals (gross_usd_m left as-is) | additional sources: https://en.wikipedia.org/wiki/List_of_2020_box_office_number-one_films_in_South_Korea"
Korean,2020,Dolittle,ww_gross_musd,,,,,,,,,,,,,Foreign,,,,,,,,,,,https://en.wikipedia.org/wiki/List_of_2020_box_office_number-one_films_in_South_Korea,"weekend number one in South Korea for 1 weekend(s) in 2020 per the 2020 page (January 12, 2020 onward); weekend gross figures are weekend-only, not totals (gross_usd_m left as-is) | row from weekly number-one table only (2020 page has no yearly top-10 table); total admissions/gross not given on the fetched pages"
Korean,2020,Secret Zoo,ww_gross_musd,,,,,,,,,,,,,Korean,,,,,,,,,,,https://en.wikipedia.org/wiki/List_of_2020_box_office_number-one_films_in_South_Korea,"weekend number one in South Korea for 1 weekend(s) in 2020 per the 2020 page (January 19, 2020 onward); weekend gross figures are weekend-only, not totals (gross_usd_m left as-is) | row from weekly number-one table only (2020 page has no yearly top-10 table); total admissions/gross not given on the fetched pages"
Korean,2020,The Closet,ww_gross_musd,,,,,,,,,,,,,Korean,,,,,,,,,,,https://en.wikipedia.org/wiki/List_of_2020_box_office_number-one_films_in_South_Korea,"weekend number one in South Korea for 1 weekend(s) in 2020 per the 2020 page (February 9, 2020 onward); weekend gross figures are weekend-only, not totals (gross_usd_m left as-is) | row from weekly number-one table only (2020 page has no yearly top-10 table); total admissions/gross not given on the fetched pages"
Korean,2020,Honest Candidate,ww_gross_musd,,,,,,,,,,,,,Korean,,,,,,,,,,,https://en.wikipedia.org/wiki/List_of_2020_box_office_number-one_films_in_South_Korea,"weekend number one in South Korea for 1 weekend(s) in 2020 per the 2020 page (February 16, 2020 onward); weekend gross figures are weekend-only, not totals (gross_usd_m left as-is) | row from weekly number-one table only (2020 page has no yearly top-10 table); total admissions/gross not given on the fetched pages"
Korean,2020,Beasts Clawing at Straws,ww_gross_musd,,,,,,,,,,,,,Korean,,,,,,,,,,,https://en.wikipedia.org/wiki/List_of_2020_box_office_number-one_films_in_South_Korea,"weekend number one in South Korea for 1 weekend(s) in 2020 per the 2020 page (February 23, 2020 onward); weekend gross figures are weekend-only, not totals (gross_usd_m left as-is) | row from weekly number-one table only (2020 page has no yearly top-10 table); total admissions/gross not given on the fetched pages"
Korean,2020,The Invisible Man,ww_gross_musd,,,,,,,,,,,,,Foreign,,,,,,,,,,,https://en.wikipedia.org/wiki/List_of_2020_box_office_number-one_films_in_South_Korea,"weekend number one in South Korea for 4 weekend(s) in 2020 per the 2020 page (March 1, 2020 onward); weekend gross figures are weekend-only, not totals (gross_usd_m left as-is) | row from weekly number-one table only (2020 page has no yearly top-10 table); total admissions/gross not given on the fetched pages"
Korean,2020,Judy,ww_gross_musd,,,,,,,,,,,,,Foreign,,,,,,,,,,,https://en.wikipedia.org/wiki/List_of_2020_box_office_number-one_films_in_South_Korea,"weekend number one in South Korea for 1 weekend(s) in 2020 per the 2020 page (March 29, 2020 onward); weekend gross figures are weekend-only, not totals (gross_usd_m left as-is) | row from weekly number-one table only (2020 page has no yearly top-10 table); total admissions/gross not given on the fetched pages"
Korean,2020,Ip Man 4: The Finale,ww_gross_musd,,,,,,,,,,,,,Foreign,,,,,,,,,,,https://en.wikipedia.org/wiki/List_of_2020_box_office_number-one_films_in_South_Korea,"weekend number one in South Korea for 1 weekend(s) in 2020 per the 2020 page (April 5, 2020 onward); weekend gross figures are weekend-only, not totals (gross_usd_m left as-is) | row from weekly number-one table only (2020 page has no yearly top-10 table); total admissions/gross not given on the fetched pages"
Korean,2020,1917,ww_gross_musd,,,,,,,,,,,,,Foreign,,,,,,,,,,,https://en.wikipedia.org/wiki/List_of_2020_box_office_number-one_films_in_South_Korea,"weekend number one in South Korea for 1 weekend(s) in 2020 per the 2020 page (April 12, 2020 onward); weekend gross figures are weekend-only, not totals (gross_usd_m left as-is) | row from weekly number-one table only (2020 page has no yearly top-10 table); total admissions/gross not given on the fetched pages"
Korean,2020,La La Land,ww_gross_musd,,,,,,,,,,,,,Foreign,,,,,,,,,,,https://en.wikipedia.org/wiki/List_of_2020_box_office_number-one_films_in_South_Korea,"weekend number one in South Korea for 2 weekend(s) in 2020 per the 2020 page (April 19, 2020 onward); weekend gross figures are weekend-only, not totals (gross_usd_m left as-is) | row from weekly number-one table only (2020 page has no yearly top-10 table); total admissions/gross not given on the fetched pages"
Korean,2020,Trolls World Tour,ww_gross_musd,,,,,,,,,,,,,Foreign,,,,,,,,,,,https://en.wikipedia.org/wiki/List_of_2020_box_office_number-one_films_in_South_Korea,"weekend number one in South Korea for 1 weekend(s) in 2020 per the 2020 page (May 3, 2020 onward); weekend gross figures are weekend-only, not totals (gross_usd_m left as-is) | row from weekly number-one table only (2020 page has no yearly top-10 table); total admissions/gross not given on the fetched pages"
Korean,2020,A Rainy Day in New York,ww_gross_musd,,,,,,,,,,,,,Foreign,,,,,,,,,,,https://en.wikipedia.org/wiki/List_of_2020_box_office_number-one_films_in_South_Korea,"weekend number one in South Korea for 1 weekend(s) in 2020 per the 2020 page (May 10, 2020 onward); weekend gross figures are weekend-only, not totals (gross_usd_m left as-is) | row from weekly number-one table only (2020 page has no yearly top-10 table); total admissions/gross not given on the fetched pages"
Korean,2020,Escape from Pretoria,ww_gross_musd,,,,,,,,,,,,,Foreign,,,,,,,,,,,https://en.wikipedia.org/wiki/List_of_2020_box_office_number-one_films_in_South_Korea,"weekend number one in South Korea for 1 weekend(s) in 2020 per the 2020 page (May 17, 2020 onward); weekend gross figures are weekend-only, not totals (gross_usd_m left as-is) | row from weekly number-one table only (2020 page has no yearly top-10 table); total admissions/gross not given on the fetched pages"
Korean,2020,The Greatest Showman,ww_gross_musd,,,,,,,,,,,,,Foreign,,,,,,,,,,,https://en.wikipedia.org/wiki/List_of_2020_box_office_number-one_films_in_South_Korea,"weekend number one in South Korea for 1 weekend(s) in 2020 per the 2020 page (May 24, 2020 onward); weekend gross figures are weekend-only, not totals (gross_usd_m left as-is) | row from weekly number-one table only (2020 page has no yearly top-10 table); total admissions/gross not given on the fetched pages"
Korean,2020,Underwater,ww_gross_musd,,,,,,,,,,,,,Foreign,,,,,,,,,,,https://en.wikipedia.org/wiki/List_of_2020_box_office_number-one_films_in_South_Korea,"weekend number one in South Korea for 1 weekend(s) in 2020 per the 2020 page (May 31, 2020 onward); weekend gross figures are weekend-only, not totals (gross_usd_m left as-is) | row from weekly number-one table only (2020 page has no yearly top-10 table); total admissions/gross not given on the fetched pages"
Korean,2020,Intruder,ww_gross_musd,,,,,,,,,,,,,Korean,,,,,,,,,,,https://en.wikipedia.org/wiki/List_of_2020_box_office_number-one_films_in_South_Korea,"weekend number one in South Korea for 1 weekend(s) in 2020 per the 2020 page (June 7, 2020 onward); weekend gross figures are weekend-only, not totals (gross_usd_m left as-is) | row from weekly number-one table only (2020 page has no yearly top-10 table); total admissions/gross not given on the fetched pages"
Korean,2020,Innocence,ww_gross_musd,,,,,,,,,,,,,Korean,,,,,,,,,,,https://en.wikipedia.org/wiki/List_of_2020_box_office_number-one_films_in_South_Korea,"weekend number one in South Korea for 2 weekend(s) in 2020 per the 2020 page (June 14, 2020 onward); weekend gross figures are weekend-only, not totals (gross_usd_m left as-is) | row from weekly number-one table only (2020 page has no yearly top-10 table); total admissions/gross not given on the fetched pages"
Korean,2020,#Alive,ww_gross_musd,,,,,,,,,,,,,Korean,,,,,,,,,,,https://en.wikipedia.org/wiki/List_of_2020_box_office_number-one_films_in_South_Korea,"weekend number one in South Korea for 3 weekend(s) in 2020 per the 2020 page (June 28, 2020 onward); weekend gross figures are weekend-only, not totals (gross_usd_m left as-is) | row from weekly number-one table only (2020 page has no yearly top-10 table); total admissions/gross not given on the fetched pages"
Korean,2020,Peninsula,ww_gross_musd,,,,,,,,,,,,,Korean,,,,,,,,,,,https://en.wikipedia.org/wiki/List_of_2020_box_office_number-one_films_in_South_Korea,"weekend number one in South Korea for 2 weekend(s) in 2020 per the 2020 page (July 19, 2020 onward); weekend gross figures are weekend-only, not totals (gross_usd_m left as-is) | row from weekly number-one table only (2020 page has no yearly top-10 table); total admissions/gross not given on the fetched pages"
Korean,2020,Steel Rain 2: Summit,ww_gross_musd,,,,,,,,,,,,,Korean,,,,,,,,,,,https://en.wikipedia.org/wiki/List_of_2020_box_office_number-one_films_in_South_Korea,"weekend number one in South Korea for 1 weekend(s) in 2020 per the 2020 page (August 2, 2020 onward); weekend gross figures are weekend-only, not totals (gross_usd_m left as-is) | row from weekly number-one table only (2020 page has no yearly top-10 table); total admissions/gross not given on the fetched pages"
Korean,2020,Deliver Us from Evil,ww_gross_musd,,,,,,,,,,,,,Korean,,,,,,,,,,,https://en.wikipedia.org/wiki/List_of_2020_box_office_number-one_films_in_South_Korea,"weekend number one in South Korea for 3 weekend(s) in 2020 per the 2020 page (August 9, 2020 onward); weekend gross figures are weekend-only, not totals (gross_usd_m left as-is) | row from weekly number-one table only (2020 page has no yearly top-10 table); total admissions/gross not given on the fetched pages"
Korean,2020,Tenet,ww_gross_musd,,,,,,,,,,,,,Foreign,,,,,,,,,,,https://en.wikipedia.org/wiki/List_of_2020_box_office_number-one_films_in_South_Korea,"weekend number one in South Korea for 5 weekend(s) in 2020 per the 2020 page (August 30, 2020 onward); weekend gross figures are weekend-only, not totals (gross_usd_m left as-is) | row from weekly number-one table only (2020 page has no yearly top-10 table); total admissions/gross not given on the fetched pages"
Korean,2020,Pawn,ww_gross_musd,,,,,,,,,,,,,Korean,,,,,,,,,,,https://en.wikipedia.org/wiki/List_of_2020_box_office_number-one_films_in_South_Korea,"weekend number one in South Korea for 2 weekend(s) in 2020 per the 2020 page (October 4, 2020 onward); weekend gross figures are weekend-only, not totals (gross_usd_m left as-is) | row from weekly number-one table only (2020 page has no yearly top-10 table); total admissions/gross not given on the fetched pages"
Korean,2020,Voice of Silence,ww_gross_musd,,,,,,,,,,,,,Korean,,,,,,,,,,,https://en.wikipedia.org/wiki/List_of_2020_box_office_number-one_films_in_South_Korea,"weekend number one in South Korea for 1 weekend(s) in 2020 per the 2020 page (October 18, 2020 onward); weekend gross figures are weekend-only, not totals (gross_usd_m left as-is) | row from weekly number-one table only (2020 page has no yearly top-10 table); total admissions/gross not given on the fetched pages"
Korean,2020,Samjin Company English Class,ww_gross_musd,,,,,,,,,,,,,Korean,,,,,,,,,,,https://en.wikipedia.org/wiki/List_of_2020_box_office_number-one_films_in_South_Korea,"weekend number one in South Korea for 2 weekend(s) in 2020 per the 2020 page (October 25, 2020 onward); weekend gross figures are weekend-only, not totals (gross_usd_m left as-is) | row from weekly number-one table only (2020 page has no yearly top-10 table); total admissions/gross not given on the fetched pages"
Korean,2020,Collectors,ww_gross_musd,,,,,,,,,,,,,Korean,,,,,,,,,,,https://en.wikipedia.org/wiki/List_of_2020_box_office_number-one_films_in_South_Korea,"weekend number one in South Korea for 3 weekend(s) in 2020 per the 2020 page (November 8, 2020 onward); weekend gross figures are weekend-only, not totals (gross_usd_m left as-is) | row from weekly number-one table only (2020 page has no yearly top-10 table); total admissions/gross not given on the fetched pages"
Korean,2020,Best Friend,ww_gross_musd,,,,,,,,,,,,,Korean,,,,,,,,,,,https://en.wikipedia.org/wiki/List_of_2020_box_office_number-one_films_in_South_Korea,"weekend number one in South Korea for 2 weekend(s) in 2020 per the 2020 page (November 29, 2020 onward); weekend gross figures are weekend-only, not totals (gross_usd_m left as-is) | row from weekly number-one table only (2020 page has no yearly top-10 table); total admissions/gross not given on the fetched pages"
Korean,2020,Josée,ww_gross_musd,,,,,,,,,,,,,Korean,,,,,,,,,,,https://en.wikipedia.org/wiki/List_of_2020_box_office_number-one_films_in_South_Korea,"weekend number one in South Korea for 2 weekend(s) in 2020 per the 2020 page (December 13, 2020 onward); weekend gross figures are weekend-only, not totals (gross_usd_m left as-is) | row from weekly number-one table only (2020 page has no yearly top-10 table); total admissions/gross not given on the fetched pages"
Korean,2020,Wonder Woman 1984,ww_gross_musd,,,,,,,,,,,,,Foreign,,,,,,,,,,,https://en.wikipedia.org/wiki/List_of_2020_box_office_number-one_films_in_South_Korea,"weekend number one in South Korea for 1 weekend(s) in 2020 per the 2020 page (December 27, 2020 onward); weekend gross figures are weekend-only, not totals (gross_usd_m left as-is) | row from weekly number-one table only (2020 page has no yearly top-10 table); total admissions/gross not given on the fetched pages"
Korean,2021,Spider-Man: No Way Home,kr_admissions_m,7.55199,,,,46.648679,,7.55199,,,,,,Foreign,,,,,,,,Sony Pictures Releasing,1,17,https://en.wikipedia.org/wiki/List_of_highest-grossing_films_in_South_Korea,"all_time_rank = rank in all-time 'Foreign films' table (50 rows) | listed as the highest-grossing film of 2021 in the all-time page's by-year table (no admissions/gross column there) | gross_usd_m from 2021 page 'Highest-grossing films of 2021' ('US$46,648,679'); figures in these tables are calendar-2021 grosses | 2021 page lists distributor 'Sony' | released December 15, 2021; 2021 table gross is calendar-2021 only, all-time admissions are cumulative | additional sources: https://en.wikipedia.org/wiki/List_of_2021_box_office_number-one_films_in_South_Korea"
Korean,2021,Escape from Mogadishu,ww_gross_musd,28.955409,,,,28.955409,,,,,,,,Korean,,,,,,,,Lotte Entertainment,2,,https://en.wikipedia.org/wiki/List_of_2021_box_office_number-one_films_in_South_Korea,"gross_usd_m from 2021 page 'Highest-grossing films of 2021' ('$28,955,409'); figures in these tables are calendar-2021 grosses"
Korean,2021,Eternals,ww_gross_musd,26.583111,,,,26.583111,,,,,,,,Foreign,,,,,,,,Disney,3,,https://en.wikipedia.org/wiki/List_of_2021_box_office_number-one_films_in_South_Korea,"gross_usd_m from 2021 page 'Highest-grossing films of 2021' ('$26,583,111'); figures in these tables are calendar-2021 grosses"
Korean,2021,Black Widow,ww_gross_musd,25.132866,,,,25.132866,,,,,,,,Foreign,,,,,,,,,4,,https://en.wikipedia.org/wiki/List_of_2021_box_office_number-one_films_in_South_Korea,"gross_usd_m from 2021 page 'Highest-grossing films of 2021' ('$25,132,866'); figures in these tables are calendar-2021 grosses"
Korean,2021,F9,ww_gross_musd,18.483157,,,,18.483157,,,,,,,,Foreign,,,,,,,,Universal Pictures,5,,https://en.wikipedia.org/wiki/List_of_2021_box_office_number-one_films_in_South_Korea,"gross_usd_m from 2021 page 'Highest-grossing films of 2021' ('$18,483,157'); figures in these tables are calendar-2021 grosses"
Korean,2021,Sinkhole,ww_gross_musd,17.777858,,,,17.777858,,,,,,,,Korean,,,,,,,,Showbox,6,,https://en.wikipedia.org/wiki/List_of_2021_box_office_number-one_films_in_South_Korea,"gross_usd_m from 2021 page 'Highest-grossing films of 2021' ('$17,777,858'); figures in these tables are calendar-2021 grosses"
Korean,2021,Demon Slayer: Kimetsu no Yaiba – The Movie: Mugen Train,ww_gross_musd,17.163308,,,,17.163308,,,,,,,,Foreign,,,,,,,,Toho,7,,https://en.wikipedia.org/wiki/List_of_2021_box_office_number-one_films_in_South_Korea,"gross_usd_m from 2021 page 'Highest-grossing films of 2021' ('$17,163,308'); figures in these tables are calendar-2021 grosses"
Korean,2021,Venom: Let There Be Carnage,ww_gross_musd,17.545295,,,,17.545295,,,,,,,,Foreign,,,,,,,,Sony,8,,https://en.wikipedia.org/wiki/List_of_2021_box_office_number-one_films_in_South_Korea,"gross_usd_m from 2021 page 'Highest-grossing films of 2021' ('$17,545,295'); figures in these tables are calendar-2021 grosses | printed rank 8 although its gross exceeds rank 7 (Demon Slayer: Mugen Train) — table order kept as printed"
Korean,2021,Soul,ww_gross_musd,15.816298,,,,15.816298,,,,,,,,Foreign,,,,,,,,Disney,9,,https://en.wikipedia.org/wiki/List_of_2021_box_office_number-one_films_in_South_Korea,"gross_usd_m from 2021 page 'Highest-grossing films of 2021' ('$15,816,298'); figures in these tables are calendar-2021 grosses"
Korean,2021,Cruella,ww_gross_musd,15.997401,,,,15.997401,,,,,,,,Foreign,,,,,,,,,10,,https://en.wikipedia.org/wiki/List_of_2021_box_office_number-one_films_in_South_Korea,"gross_usd_m from 2021 page 'Highest-grossing films of 2021' ('$15,997,401'); figures in these tables are calendar-2021 grosses | printed rank 10 although its gross exceeds rank 9 (Soul) — table order kept as printed"
Korean,2022,The Roundup,kr_admissions_m,12.693322,,,,103.956897,,12.693322,,,,,,Korean,,,,,,,,"ABO Entertainment, Megabox",1,12,https://en.wikipedia.org/wiki/List_of_highest-grossing_films_in_South_Korea,"all_time_rank = rank in all-time 'Highest-grossing domestic films (by admissions)' table (100 rows) | listed as the highest-grossing film of 2022 in the all-time page's by-year table (no admissions/gross column there) | gross_usd_m from 2022 page 'Highest-grossing films of 2022' ('$103,956,897'); figures in these tables are calendar-2022 grosses | 2022 page lists distributor 'ABO Entertainment' | additional sources: https://en.wikipedia.org/wiki/List_of_2022_box_office_number-one_films_in_South_Korea"
Korean,2022,Top Gun: Maverick,kr_admissions_m,8.173617,,,,69.560907,,8.173617,,,,,,Foreign,,,,,,,,Paramount Pictures,2,13,https://en.wikipedia.org/wiki/List_of_highest-grossing_films_in_South_Korea,"all_time_rank = rank in all-time 'Foreign films' table (50 rows) | gross_usd_m from 2022 page 'Highest-grossing films of 2022' ('$69,560,907'); figures in these tables are calendar-2022 grosses | additional sources: https://en.wikipedia.org/wiki/List_of_2022_box_office_number-one_films_in_South_Korea"
Korean,2022,Avatar: The Way of Water,kr_admissions_m,10.804938,,,,71.493681,,10.804938,,,,,,Foreign,,,,,,,,20th Century Studios,3,6,https://en.wikipedia.org/wiki/List_of_highest-grossing_films_in_South_Korea,"all_time_rank = rank in all-time 'Foreign films' table (50 rows) | gross_usd_m from 2022 page 'Highest-grossing films of 2022' ('$71,493,681'); figures in these tables are calendar-2022 grosses | 2023 page 'Highest-grossing films of 2023' rank 7: $35,468,812 (calendar-2023 portion) | rank 7 in 2023 page table although film is a 2022 release | printed rank 3 in 2022 table although its 2022 gross exceeds rank 2 (Top Gun: Maverick) — order kept as printed; 2022 in-year gross $71,493,681 + 2023 in-year $35,468,812 (2023 table rank 7) | additional sources: https://en.wikipedia.org/wiki/List_of_2022_box_office_number-one_films_in_South_Korea; https://en.wikipedia.org/wiki/List_of_2023_box_office_number-one_films_in_South_Korea"
Korean,2022,Hansan: Rising Dragon,kr_admissions_m,7.264572,,,,58.353635,,7.264572,,,,,,Korean,,,,,,,,Lotte Entertainment,4,45,https://en.wikipedia.org/wiki/List_of_highest-grossing_films_in_South_Korea,"all_time_rank = rank in all-time 'Highest-grossing domestic films (by admissions)' table (100 rows) | gross_usd_m from 2022 page 'Highest-grossing films of 2022' ('$58,353,635'); figures in these tables are calendar-2022 grosses | additional sources: https://en.wikipedia.org/wiki/List_of_2022_box_office_number-one_films_in_South_Korea"
Korean,2022,Confidential Assignment 2: International,kr_admissions_m,6.98284,,,,56.149131,,6.98284,,,,,,Korean,,,,,,,,CJ Entertainment,5,53,https://en.wikipedia.org/wiki/List_of_highest-grossing_films_in_South_Korea,"all_time_rank = rank in all-time 'Highest-grossing domestic films (by admissions)' table (100 rows) | gross_usd_m from 2022 page 'Highest-grossing films of 2022' ('$56,149,131'); figures in these tables are calendar-2022 grosses | additional sources: https://en.wikipedia.org/wiki/List_of_2022_box_office_number-one_films_in_South_Korea"
Korean,2022,Doctor Strange in the Multiverse of Madness,kr_admissions_m,5.884595,,,,49.603147,,5.884595,,,,,,Foreign,,,,,,,,Walt Disney Studios Motion Pictures,6,29,https://en.wikipedia.org/wiki/List_of_highest-grossing_films_in_South_Korea,"all_time_rank = rank in all-time 'Foreign films' table (50 rows) | gross_usd_m from 2022 page 'Highest-grossing films of 2022' ('$49,603,147'); figures in these tables are calendar-2022 grosses | additional sources: https://en.wikipedia.org/wiki/List_of_2022_box_office_number-one_films_in_South_Korea"
Korean,2022,Hunt,ww_gross_musd,35.313446,,,,35.313446,,,,,,,,Korean,,,,,,,,Megabox JoongAng Plus M,7,,https://en.wikipedia.org/wiki/List_of_2022_box_office_number-one_films_in_South_Korea,"gross_usd_m from 2022 page 'Highest-grossing films of 2022' ('$35,313,446'); figures in these tables are calendar-2022 grosses"
Korean,2022,The Night Owl,ww_gross_musd,24.025598,,,,24.025598,,,,,,,,Korean,,,,,,,,Next Entertainment World,8,,https://en.wikipedia.org/wiki/List_of_2022_box_office_number-one_films_in_South_Korea,"gross_usd_m from 2022 page 'Highest-grossing films of 2022' ('$24,025,598'); figures in these tables are calendar-2022 grosses"
Korean,2022,Jurassic World Dominion,ww_gross_musd,23.148908,,,,23.148908,,,,,,,,Foreign,,,,,,,,Universal Pictures,9,,https://en.wikipedia.org/wiki/List_of_2022_box_office_number-one_films_in_South_Korea,"gross_usd_m from 2022 page 'Highest-grossing films of 2022' ('$23,148,908'); figures in these tables are calendar-2022 grosses"
Korean,2022,The Witch: Part 2. The Other One,ww_gross_musd,22.899833,,,,22.899833,,,,,,,,Korean,,,,,,,,Next Entertainment World,10,,https://en.wikipedia.org/wiki/List_of_2022_box_office_number-one_films_in_South_Korea,"gross_usd_m from 2022 page 'Highest-grossing films of 2022' ('$22,899,833'); figures in these tables are calendar-2022 grosses"
Korean,2023,12.12: The Day,kr_admissions_m,13.126578,,,,88.799883,,13.126578,,,,,,Korean,,,,,,,,Megabox,1,7,https://en.wikipedia.org/wiki/List_of_highest-grossing_films_in_South_Korea,"all_time_rank = rank in all-time 'Highest-grossing domestic films (by admissions)' table (100 rows) | listed as the highest-grossing film of 2023 in the all-time page's by-year table (no admissions/gross column there) | gross_usd_m from 2023 page 'Highest-grossing films of 2023' ('$88,799,883'); figures in these tables are calendar-2023 grosses | 2023 page lists distributor 'Megabox Plus M' | released November 22, 2023; 2023 table gross is calendar-2023 only, all-time admissions are cumulative | additional sources: https://en.wikipedia.org/wiki/List_of_2023_box_office_number-one_films_in_South_Korea"
Korean,2023,The Roundup: No Way Out,kr_admissions_m,10.681998,,,,81.216243,,10.681998,,,,,,Korean,,,,,,,,ABO Entertainment,2,24,https://en.wikipedia.org/wiki/List_of_highest-grossing_films_in_South_Korea,"all_time_rank = rank in all-time 'Highest-grossing domestic films (by admissions)' table (100 rows) | gross_usd_m from 2023 page 'Highest-grossing films of 2023' ('$81,216,243'); figures in these tables are calendar-2023 grosses | additional sources: https://en.wikipedia.org/wiki/List_of_2023_box_office_number-one_films_in_South_Korea"
Korean,2023,Elemental,kr_admissions_m,7.238453,,,,54.581219,,7.238453,,,,,,Foreign,,,,,,,,Walt Disney,3,,https://en.wikipedia.org/wiki/List_of_highest-grossing_films_in_South_Korea,"admissions from all-time 'Animated films' table (rank 5 there); not listed in the all-time foreign top-50 table, so all_time_rank is null | gross_usd_m from 2023 page 'Highest-grossing films of 2023' ('$54,581,219'); figures in these tables are calendar-2023 grosses | additional sources: https://en.wikipedia.org/wiki/List_of_2023_box_office_number-one_films_in_South_Korea"
Korean,2023,Suzume,kr_admissions_m,5.542245,,,,43.794719,,5.542245,,,,,,Foreign,,,,,,,,Toho,4,,https://en.wikipedia.org/wiki/List_of_highest-grossing_films_in_South_Korea,"admissions from all-time 'Animated films' table (rank 7 there); not listed in the all-time foreign top-50 table, so all_time_rank is null | gross_usd_m from 2023 page 'Highest-grossing films of 2023' ('$43,794,719'); figures in these tables are calendar-2023 grosses | additional sources: https://en.wikipedia.org/wiki/List_of_2023_box_office_number-one_films_in_South_Korea"
Korean,2023,Smugglers,kr_admissions_m,5.141186,,,,38.131243,,5.141186,,,,,,Korean,,,,,,,,Next Entertainment World,5,86,https://en.wikipedia.org/wiki/List_of_highest-grossing_films_in_South_Korea,"all_time_rank = rank in all-time 'Highest-grossing domestic films (by admissions)' table (100 rows) | gross_usd_m from 2023 page 'Highest-grossing films of 2023' ('$38,131,243'); figures in these tables are calendar-2023 grosses | additional sources: https://en.wikipedia.org/wiki/List_of_2023_box_office_number-one_films_in_South_Korea"
Korean,2023,The First Slam Dunk,kr_admissions_m,4.702083,,,,38.195472,,4.702083,,,,,,Foreign,,,,,,,,Toei Company,6,,https://en.wikipedia.org/wiki/List_of_highest-grossing_films_in_South_Korea,"admissions from all-time 'Animated films' table (rank 12 there); not listed in the all-time foreign top-50 table, so all_time_rank is null | gross_usd_m from 2023 page 'Highest-grossing films of 2023' ('$38,195,472'); figures in these tables are calendar-2023 grosses | printed rank 6 although its gross exceeds rank 5 (Smugglers) — order kept as printed | additional sources: https://en.wikipedia.org/wiki/List_of_2023_box_office_number-one_films_in_South_Korea"
Korean,2023,Guardians of the Galaxy Vol. 3,ww_gross_musd,34.024057,,,,34.024057,,,,,,,,Foreign,,,,,,,,Walt Disney,8,,https://en.wikipedia.org/wiki/List_of_2023_box_office_number-one_films_in_South_Korea,"gross_usd_m from 2023 page 'Highest-grossing films of 2023' ('$34,024,057'); figures in these tables are calendar-2023 grosses"
Korean,2023,Mission: Impossible – Dead Reckoning Part One,ww_gross_musd,31.010806,,,,31.010806,,,,,,,,Foreign,,,,,,,,Paramount Pictures,9,,https://en.wikipedia.org/wiki/List_of_2023_box_office_number-one_films_in_South_Korea,"gross_usd_m from 2023 page 'Highest-grossing films of 2023' ('$31,010,806'); figures in these tables are calendar-2023 grosses"
Korean,2023,Concrete Utopia,ww_gross_musd,28.697401,,,,28.697401,,,,,,,,Korean,,,,,,,,Lotte Entertainment,10,,https://en.wikipedia.org/wiki/List_of_2023_box_office_number-one_films_in_South_Korea,"gross_usd_m from 2023 page 'Highest-grossing films of 2023' ('$28,697,401'); figures in these tables are calendar-2023 grosses"
Korean,2024,Exhuma,kr_admissions_m,11.914798,,,,86.188981,,11.914798,,,,,,Korean,,,,,,,,Showbox,1,17,https://en.wikipedia.org/wiki/List_of_highest-grossing_films_in_South_Korea,"all_time_rank = rank in all-time 'Highest-grossing domestic films (by admissions)' table (100 rows) | listed as the highest-grossing film of 2024 in the all-time page's by-year table (no admissions/gross column there) | gross_usd_m from 2024 page 'Highest-grossing films of 2024 (In year release)' ('$86,188,981'); figures in these tables are calendar-2024 grosses | weekend number one in South Korea for 7 weekend(s) in 2024 per the 2024 page (February 25, 2024 onward); weekend gross figures are weekend-only, not totals (gross_usd_m left as-is) | additional sources: https://en.wikipedia.org/wiki/List_of_2024_box_office_number-one_films_in_South_Korea"
Korean,2024,The Roundup: Punishment,kr_admissions_m,11.502779,,,,82.364087,,11.502779,,,,,,Korean,,,,,,,,ABO Entertainment,2,20,https://en.wikipedia.org/wiki/List_of_highest-grossing_films_in_South_Korea,"all_time_rank = rank in all-time 'Highest-grossing domestic films (by admissions)' table (100 rows) | gross_usd_m from 2024 page 'Highest-grossing films of 2024 (In year release)' ('$82,364,087'); figures in these tables are calendar-2024 grosses | weekend number one in South Korea for 4 weekend(s) in 2024 per the 2024 page (April 28, 2024 onward); weekend gross figures are weekend-only, not totals (gross_usd_m left as-is) | additional sources: https://en.wikipedia.org/wiki/List_of_2024_box_office_number-one_films_in_South_Korea"
Korean,2024,Inside Out 2,kr_admissions_m,8.799611,,,,64.716939,,8.799611,,,,,,Foreign,,,,,,,,Walt Disney,3,,https://en.wikipedia.org/wiki/List_of_highest-grossing_films_in_South_Korea,"admissions from all-time 'Animated films' table (rank 3 there); not listed in the all-time foreign top-50 table, so all_time_rank is null | gross_usd_m from 2024 page 'Highest-grossing films of 2024 (In year release)' ('$64,716,939'); figures in these tables are calendar-2024 grosses | weekend number one in South Korea for 5 weekend(s) in 2024 per the 2024 page (June 16, 2024 onward); weekend gross figures are weekend-only, not totals (gross_usd_m left as-is) | additional sources: https://en.wikipedia.org/wiki/List_of_2024_box_office_number-one_films_in_South_Korea"
Korean,2024,"I, The Executioner",kr_admissions_m,7.523315,,,,47.349201,,7.523315,,,,,,Korean,,,,,,,,CJ Entertainment,4,40,https://en.wikipedia.org/wiki/List_of_highest-grossing_films_in_South_Korea,"all_time_rank = rank in all-time 'Highest-grossing domestic films (by admissions)' table (100 rows) | gross_usd_m from 2024 page 'Highest-grossing films of 2024 (In year release)' ('$47,349,201'); figures in these tables are calendar-2024 grosses | weekend number one in South Korea for 5 weekend(s) in 2024 per the 2024 page (September 15, 2024 onward); weekend gross figures are weekend-only, not totals (gross_usd_m left as-is) | additional sources: https://en.wikipedia.org/wiki/List_of_2024_box_office_number-one_films_in_South_Korea"
Korean,2024,Pilot,ww_gross_musd,32.187575,,,,32.187575,,,,,,,,Korean,,,,,,,,Lotte Entertainment,5,,https://en.wikipedia.org/wiki/List_of_2024_box_office_number-one_films_in_South_Korea,"gross_usd_m from 2024 page 'Highest-grossing films of 2024 (In year release)' ('$32,187,575'); figures in these tables are calendar-2024 grosses | weekend number one in South Korea for 2 weekend(s) in 2024 per the 2024 page (August 4, 2024 onward); weekend gross figures are weekend-only, not totals (gross_usd_m left as-is)"
Korean,2024,Wonka,ww_gross_musd,25.418279,,,,25.418279,,,,,,,,Foreign,,,,,,,,Warner Bros. Pictures,6,,https://en.wikipedia.org/wiki/List_of_2024_box_office_number-one_films_in_South_Korea,"gross_usd_m from 2024 page 'Highest-grossing films of 2024 (In year release)' ('$25,418,279'); figures in these tables are calendar-2024 grosses | weekend number one in South Korea for 3 weekend(s) in 2024 per the 2024 page (February 4, 2024 onward); weekend gross figures are weekend-only, not totals (gross_usd_m left as-is)"
Korean,2024,Moana 2,ww_gross_musd,21.1444,,,,21.1444,,,,,,,,Foreign,,,,,,,,Walt Disney,7,,https://en.wikipedia.org/wiki/List_of_2024_box_office_number-one_films_in_South_Korea,"gross_usd_m from 2024 page 'Highest-grossing films of 2024 (In year release)' ('$21,144,400'); figures in these tables are calendar-2024 grosses | weekend number one in South Korea for 2 weekend(s) in 2024 per the 2024 page (December 1, 2024 onward); weekend gross figures are weekend-only, not totals (gross_usd_m left as-is)"
Korean,2024,Firefighters,ww_gross_musd,21.172448,,,,21.172448,,,,,,,,Korean,,,,,,,,By4m Studio,8,,https://en.wikipedia.org/wiki/List_of_2024_box_office_number-one_films_in_South_Korea,"gross_usd_m from 2024 page 'Highest-grossing films of 2024 (In year release)' ('$21,172,448'); figures in these tables are calendar-2024 grosses | printed rank 8 although its gross exceeds rank 7 (Moana 2) — order kept as printed | weekend number one in South Korea for 2 weekend(s) in 2024 per the 2024 page (December 15, 2024 onward); weekend gross figures are weekend-only, not totals (gross_usd_m left as-is)"
Korean,2024,Harbin,kr_admissions_m,4.910181,,,,17.834854,,4.910181,,,,,,Korean,,,,,,,,CJ Entertainment,9,92,https://en.wikipedia.org/wiki/List_of_highest-grossing_films_in_South_Korea,"all_time_rank = rank in all-time 'Highest-grossing domestic films (by admissions)' table (100 rows) | gross_usd_m from 2024 page 'Highest-grossing films of 2024 (In year release)' ('$17,834,854'); figures in these tables are calendar-2024 grosses | released December 24, 2024; 2024 table gross ($17,834,854) is calendar-2024 only; #1 again on the first three weekends of 2025 ($3,236,588/483,915; $2,056,877/308,018; $1,215,711/182,107 weekend gross/admissions) | weekend number one in South Korea for 1 weekend(s) in 2024 per the 2024 page (December 29, 2024 onward); weekend gross figures are weekend-only, not totals (gross_usd_m left as-is) | weekend number one in South Korea for 3 weekend(s) in 2025 per the 2025 page (January 5, 2025 onward); weekend gross figures are weekend-only, not totals (gross_usd_m left as-is) | additional sources: https://en.wikipedia.org/wiki/List_of_2024_box_office_number-one_films_in_South_Korea; https://en.wikipedia.org/wiki/List_of_2025_box_office_number-one_films_in_South_Korea"
Korean,2024,Escape,ww_gross_musd,16.469491,,,,16.469491,,,,,,,,Korean,,,,,,,,Plus M Entertainment,10,,https://en.wikipedia.org/wiki/List_of_2024_box_office_number-one_films_in_South_Korea,"gross_usd_m from 2024 page 'Highest-grossing films of 2024 (In year release)' ('$16,469,491'); figures in these tables are calendar-2024 grosses | weekend number one in South Korea for 1 weekend(s) in 2024 per the 2024 page (July 21, 2024 onward); weekend gross figures are weekend-only, not totals (gross_usd_m left as-is)"
Korean,2024,Heartsping: Teenieping of Love,kr_admissions_m,1.232364,,,,,,1.232364,,,,,,Korean,,,,,,,,,,,https://en.wikipedia.org/wiki/List_of_highest-grossing_films_in_South_Korea,admissions from all-time 'Highest-grossing Korean animated films' table (rank 2 there); all_time_rank null (not in main 100-row table)
Korean,2025,Zootopia 2,kr_admissions_m,8.604185,,,,50.692343,,8.604185,,,,,,Foreign,,,,,,,,Walt Disney,1,,https://en.wikipedia.org/wiki/List_of_highest-grossing_films_in_South_Korea,"admissions from all-time 'Animated films' table (rank 4 there); not listed in the all-time foreign top-50 table, so all_time_rank is null | gross_usd_m from 2025 page 'Highest-grossing films of 2025 (In year release)' ('$50,692,343'); figures in these tables are calendar-2025 grosses | released late November 2025; 2025 table gross is calendar-2025 only | weekend number one in South Korea for 3 weekend(s) in 2025 per the 2025 page (November 30, 2025 onward); weekend gross figures are weekend-only, not totals (gross_usd_m left as-is) | additional sources: https://en.wikipedia.org/wiki/List_of_2025_box_office_number-one_films_in_South_Korea"
Korean,2025,Demon Slayer: Kimetsu no Yaiba – The Movie: Infinity Castle,kr_admissions_m,5.686958,,,,42.741491,,5.686958,,,,,,Foreign,,,,,,,,Crunchyroll,2,,https://en.wikipedia.org/wiki/List_of_highest-grossing_films_in_South_Korea,"admissions from all-time 'Animated films' table (rank 6 there); not listed in the all-time foreign top-50 table, so all_time_rank is null | gross_usd_m from 2025 page 'Highest-grossing films of 2025 (In year release)' ('$42,741,491'); figures in these tables are calendar-2025 grosses | weekend number one in South Korea for 4 weekend(s) in 2025 per the 2025 page (August 24, 2025 onward); weekend gross figures are weekend-only, not totals (gross_usd_m left as-is) | additional sources: https://en.wikipedia.org/wiki/List_of_2025_box_office_number-one_films_in_South_Korea"
Korean,2025,F1,ww_gross_musd,38.30262,,,,38.30262,,,,,,,,Foreign,,,,,,,,Warner Bros. Pictures,3,,https://en.wikipedia.org/wiki/List_of_2025_box_office_number-one_films_in_South_Korea,"gross_usd_m from 2025 page 'Highest-grossing films of 2025 (In year release)' ('$38,302,620'); figures in these tables are calendar-2025 grosses | weekend number one in South Korea for 1 weekend(s) in 2025 per the 2025 page (June 29, 2025 onward); weekend gross figures are weekend-only, not totals (gross_usd_m left as-is) | weekend number one in South Korea for 1 weekend(s) in 2025 per the 2025 page (July 20, 2025 onward); weekend gross figures are weekend-only, not totals (gross_usd_m left as-is)"
Korean,2025,My Daughter Is a Zombie,kr_admissions_m,5.640223,,,,37.045879,,5.640223,,,,,,Korean,,,,,,,,Next Entertainment World,4,71,https://en.wikipedia.org/wiki/List_of_highest-grossing_films_in_South_Korea,"all_time_rank = rank in all-time 'Highest-grossing domestic films (by admissions)' table (100 rows) | listed as the highest-grossing film of 2025 in the all-time page's by-year table (no admissions/gross column there) | gross_usd_m from 2025 page 'Highest-grossing films of 2025 (In year release)' ('$37,045,879'); figures in these tables are calendar-2025 grosses | weekend number one in South Korea for 3 weekend(s) in 2025 per the 2025 page (August 3, 2025 onward); weekend gross figures are weekend-only, not totals (gross_usd_m left as-is) | additional sources: https://en.wikipedia.org/wiki/List_of_2025_box_office_number-one_films_in_South_Korea"
Korean,2025,Avatar: Fire and Ash,ww_gross_musd,33.684141,,,,33.684141,,,,,,,,Foreign,,,,,,,,20th Century Studios,5,,https://en.wikipedia.org/wiki/List_of_2025_box_office_number-one_films_in_South_Korea,"gross_usd_m from 2025 page 'Highest-grossing films of 2025 (In year release)' ('$33,684,141'); figures in these tables are calendar-2025 grosses | released December 2025; 2025 table gross is calendar-2025 only | weekend number one in South Korea for 2 weekend(s) in 2025 per the 2025 page (December 21, 2025 onward); weekend gross figures are weekend-only, not totals (gross_usd_m left as-is)"
Korean,2025,Chainsaw Man – The Movie: Reze Arc,kr_admissions_m,3.427755,,,,25.136717,,3.427755,,,,,,Foreign,,,,,,,,Crunchyroll,6,,https://en.wikipedia.org/wiki/List_of_highest-grossing_films_in_South_Korea,"admissions from all-time 'Animated films' table (rank 17 there); not listed in the all-time foreign top-50 table, so all_time_rank is null | gross_usd_m from 2025 page 'Highest-grossing films of 2025 (In year release)' ('$25,136,717'); figures in these tables are calendar-2025 grosses | weekend number one in South Korea for 3 weekend(s) in 2025 per the 2025 page (October 12, 2025 onward); weekend gross figures are weekend-only, not totals (gross_usd_m left as-is) | additional sources: https://en.wikipedia.org/wiki/List_of_2025_box_office_number-one_films_in_South_Korea"
Korean,2025,Mission: Impossible – The Final Reckoning,ww_gross_musd,23.188902,,,,23.188902,,,,,,,,Foreign,,,,,,,,Paramount Pictures,7,,https://en.wikipedia.org/wiki/List_of_2025_box_office_number-one_films_in_South_Korea,"gross_usd_m from 2025 page 'Highest-grossing films of 2025 (In year release)' ('$23,188,902'); figures in these tables are calendar-2025 grosses | weekend number one in South Korea for 2 weekend(s) in 2025 per the 2025 page (May 18, 2025 onward); weekend gross figures are weekend-only, not totals (gross_usd_m left as-is)"
Korean,2025,Yadang: The Snitch,ww_gross_musd,22.313441,,,,22.313441,,,,,,,,Korean,,,,,,,,Plus M Entertainment,8,,https://en.wikipedia.org/wiki/List_of_2025_box_office_number-one_films_in_South_Korea,"gross_usd_m from 2025 page 'Highest-grossing films of 2025 (In year release)' ('$22,313,441'); figures in these tables are calendar-2025 grosses | weekend number one in South Korea for 4 weekend(s) in 2025 per the 2025 page (April 20, 2025 onward); weekend gross figures are weekend-only, not totals (gross_usd_m left as-is)"
Korean,2025,Mickey 17,ww_gross_musd,20.713359,,,,20.713359,,,,,,,,Foreign,,,,,,,,Warner Bros. Pictures,9,,https://en.wikipedia.org/wiki/List_of_2025_box_office_number-one_films_in_South_Korea,"gross_usd_m from 2025 page 'Highest-grossing films of 2025 (In year release)' ('$20,713,359'); figures in these tables are calendar-2025 grosses | US production (Warner Bros.) directed by Bong Joon-ho; classified Foreign | weekend number one in South Korea for 4 weekend(s) in 2025 per the 2025 page (March 2, 2025 onward); weekend gross figures are weekend-only, not totals (gross_usd_m left as-is)"
Korean,2025,No Other Choice,ww_gross_musd,20.05738,,,,20.05738,,,,,,,,Korean,,,,,,,,CJ Entertainment,10,,https://en.wikipedia.org/wiki/List_of_2025_box_office_number-one_films_in_South_Korea,"gross_usd_m from 2025 page 'Highest-grossing films of 2025 (In year release)' ('$20,057,380'); figures in these tables are calendar-2025 grosses | weekend number one in South Korea for 1 weekend(s) in 2025 per the 2025 page (September 28, 2025 onward); weekend gross figures are weekend-only, not totals (gross_usd_m left as-is)"
Korean,2026,The King's Warden,kr_admissions_m,16.918111,,,,,,16.918111,,,,,,Korean,,,,,,,,Showbox,,2,https://en.wikipedia.org/wiki/List_of_highest-grossing_films_in_South_Korea,all_time_rank = rank in all-time 'Highest-grossing domestic films (by admissions)' table (100 rows) | listed as the highest-grossing film of 2026 in the all-time page's by-year table (no admissions/gross column there)
Korean,2026,Colony,kr_admissions_m,5.952656,,,,,,5.952656,,,,,,Korean,,,,,,,,,,67,https://en.wikipedia.org/wiki/List_of_highest-grossing_films_in_South_Korea,all_time_rank = rank in all-time 'Highest-grossing domestic films (by admissions)' table (100 rows)
Korean,2026,Heartsping: Legend of the Whale Heartstone,kr_admissions_m,0.765,,,,,,0.765,,,,,,Korean,,,,,,,,,,,https://en.wikipedia.org/wiki/List_of_highest-grossing_films_in_South_Korea,admissions from all-time 'Highest-grossing Korean animated films' table (rank 9 there); all_time_rank null (not in main 100-row table) | admissions printed as a rounded figure
Japanese,2020,Demon Slayer: Mugen Train,jp_gross_jpybn,40.75,,,,,40.75,,,,,,,Japanese,,,anime,,,,,,,1,https://en.wikipedia.org/wiki/List_of_highest-grossing_films_in_Japan,
Japanese,2025,Demon Slayer: Infinity Castle,jp_gross_jpybn,40.36,,,,,40.36,,,,,,,Japanese,,,anime,,,,,,,2,https://en.wikipedia.org/wiki/List_of_highest-grossing_films_in_Japan,
Japanese,2001,Spirited Away,jp_gross_jpybn,31.68,,,,,31.68,,,,,,,Japanese,,,anime,,,,,,,3,https://en.wikipedia.org/wiki/List_of_highest-grossing_films_in_Japan,
Japanese,1997,Titanic,jp_gross_jpybn,27.77,,,,,27.77,,,,,,,Foreign,,,,,,,,,,4,https://en.wikipedia.org/wiki/List_of_highest-grossing_films_in_Japan,
Japanese,2013,Frozen,jp_gross_jpybn,25.5,,,,,25.5,,,,,,,Foreign,,,,,,,,,,5,https://en.wikipedia.org/wiki/List_of_highest-grossing_films_in_Japan,
Japanese,2016,Your Name,jp_gross_jpybn,25.17,,,,,25.17,,,,,,,Japanese,,,anime,,,,,,,6,https://en.wikipedia.org/wiki/List_of_highest-grossing_films_in_Japan,
Japanese,1997,Princess Mononoke,jp_gross_jpybn,21.46,,,,,21.46,,,,,,,Japanese,,,anime,,,,,,,7,https://en.wikipedia.org/wiki/List_of_highest-grossing_films_in_Japan,
Japanese,2025,Kokuho,jp_gross_jpybn,20.9,,,,,20.9,,,,,,,Japanese,,,,,,,,,,8,https://en.wikipedia.org/wiki/List_of_highest-grossing_films_in_Japan,
Japanese,2022,One Piece Film: Red,jp_gross_jpybn,20.34,,,,,20.34,,,,,,,Japanese,,,anime,,,,,,,9,https://en.wikipedia.org/wiki/List_of_highest-grossing_films_in_Japan,
Japanese,2001,Harry Potter and the Philosopher's Stone,jp_gross_jpybn,20.3,,,,,20.3,,,,,,,Foreign,,,,,,,,,,10,https://en.wikipedia.org/wiki/List_of_highest-grossing_films_in_Japan,
Japanese,2004,Howl's Moving Castle,jp_gross_jpybn,19.6,,,,,19.6,,,,,,,Japanese,,,anime,,,,,,,11,https://en.wikipedia.org/wiki/List_of_highest-grossing_films_in_Japan,
Japanese,2003,Bayside Shakedown 2,jp_gross_jpybn,17.35,,,,,17.35,,,,,,,Japanese,,,,,,,,,,12,https://en.wikipedia.org/wiki/List_of_highest-grossing_films_in_Japan,
Japanese,2002,Harry Potter and the Chamber of Secrets,jp_gross_jpybn,17.3,,,,,17.3,,,,,,,Foreign,,,,,,,,,,13,https://en.wikipedia.org/wiki/List_of_highest-grossing_films_in_Japan,
Japanese,2022,The First Slam Dunk,jp_gross_jpybn,16.67,,,,,16.67,,,,,,,Japanese,,,anime,,,,,,,14,https://en.wikipedia.org/wiki/List_of_highest-grossing_films_in_Japan,
Japanese,2009,Avatar,jp_gross_jpybn,15.9,,,,,15.9,,,,,,,Foreign,,,,,,,,,,15,https://en.wikipedia.org/wiki/List_of_highest-grossing_films_in_Japan,
Japanese,2024,Detective Conan: The Million-dollar Pentagram,jp_gross_jpybn,15.8,,,,,15.8,,,,,,,Japanese,,,anime,,,,,,,16,https://en.wikipedia.org/wiki/List_of_highest-grossing_films_in_Japan,
Japanese,2025,Zootopia 2,jp_gross_jpybn,15.71,,,,,15.71,,,,,,,Foreign,,,,,,,,,,17,https://en.wikipedia.org/wiki/List_of_highest-grossing_films_in_Japan,
Japanese,2008,Ponyo,jp_gross_jpybn,15.5,,,,,15.5,,,,,,,Japanese,,,anime,,,,,,,18,https://en.wikipedia.org/wiki/List_of_highest-grossing_films_in_Japan,
Japanese,2022,Suzume,jp_gross_jpybn,14.94,,,,,14.94,,,,,,,Japanese,,,anime,,,,,,,19,https://en.wikipedia.org/wiki/List_of_highest-grossing_films_in_Japan,
Japanese,2025,Detective Conan: One-eyed Flashback,jp_gross_jpybn,14.74,,,,,14.74,,,,,,,Japanese,,,anime,,,,,,,20,https://en.wikipedia.org/wiki/List_of_highest-grossing_films_in_Japan,
Japanese,2019,Weathering with You,jp_gross_jpybn,14.23,,,,,14.23,,,,,,,Japanese,,,anime,,,,,,,21,https://en.wikipedia.org/wiki/List_of_highest-grossing_films_in_Japan,
Japanese,2023,The Super Mario Bros. Movie,jp_gross_jpybn,14.02,,,,,14.02,,,,,,,Foreign,,,,,,,,,,22,https://en.wikipedia.org/wiki/List_of_highest-grossing_films_in_Japan,
Japanese,2023,Detective Conan: Black Iron Submarine,jp_gross_jpybn,13.88,,,,,13.88,,,,,,,Japanese,,,anime,,,,,,,23,https://en.wikipedia.org/wiki/List_of_highest-grossing_films_in_Japan,
Japanese,2022,Top Gun: Maverick,jp_gross_jpybn,13.81,,,,,13.81,,,,,,,Foreign,,,,,,,,,,24,https://en.wikipedia.org/wiki/List_of_highest-grossing_films_in_Japan,
Japanese,2021,Jujutsu Kaisen 0,jp_gross_jpybn,13.8,,,,,13.8,,,,,,,Japanese,,,anime,,,,,,,25,https://en.wikipedia.org/wiki/List_of_highest-grossing_films_in_Japan,
Japanese,2026,Detective Conan: Fallen Angel of the Highway,jp_gross_jpybn,13.7,,,,,13.7,,,,,,,Japanese,,,anime,,,,,,,26,https://en.wikipedia.org/wiki/List_of_highest-grossing_films_in_Japan,"Source table marks this entry with † (as of page fetch, 2026 release still in theatrical release / gross may be incomplete, per Wikipedia convention)."
Japanese,2003,The Last Samurai,jp_gross_jpybn,13.7,,,,,13.7,,,,,,,Foreign,,,,,,,,,,26,https://en.wikipedia.org/wiki/List_of_highest-grossing_films_in_Japan,
Japanese,2018,Bohemian Rhapsody,jp_gross_jpybn,13.51,,,,,13.51,,,,,,,Foreign,,,,,,,,,,28,https://en.wikipedia.org/wiki/List_of_highest-grossing_films_in_Japan,
Japanese,1982,E.T. the Extra-Terrestrial,jp_gross_jpybn,13.5,,,,,13.5,,,,,,,Foreign,,,,,,,,,,29,https://en.wikipedia.org/wiki/List_of_highest-grossing_films_in_Japan,
Japanese,1998,Armageddon,jp_gross_jpybn,13.5,,,,,13.5,,,,,,,Foreign,,,,,,,,,,29,https://en.wikipedia.org/wiki/List_of_highest-grossing_films_in_Japan,
Japanese,2004,Harry Potter and the Prisoner of Azkaban,jp_gross_jpybn,13.5,,,,,13.5,,,,,,,Foreign,,,,,,,,,,29,https://en.wikipedia.org/wiki/List_of_highest-grossing_films_in_Japan,
Japanese,2019,Frozen II,jp_gross_jpybn,13.37,,,,,13.37,,,,,,,Foreign,,,,,,,,,,32,https://en.wikipedia.org/wiki/List_of_highest-grossing_films_in_Japan,
Japanese,1993,Jurassic Park,jp_gross_jpybn,12.85,,,,,12.85,,,,,,,Foreign,,,,,,,,,,33,https://en.wikipedia.org/wiki/List_of_highest-grossing_films_in_Japan,
Japanese,1999,Star Wars: Episode I – The Phantom Menace,jp_gross_jpybn,12.7,,,,,12.7,,,,,,,Foreign,,,,,,,,,,34,https://en.wikipedia.org/wiki/List_of_highest-grossing_films_in_Japan,
Japanese,2026,Toy Story 5,jp_gross_jpybn,12.54,,,,,12.54,,,,,,,Foreign,,,,,,,,,,35,https://en.wikipedia.org/wiki/List_of_highest-grossing_films_in_Japan,"Source table marks this entry with † (as of page fetch, 2026 release still in theatrical release / gross may be incomplete, per Wikipedia convention)."
Japanese,2017,Beauty and the Beast,jp_gross_jpybn,12.4,,,,,12.4,,,,,,,Foreign,,,,,,,,,,36,https://en.wikipedia.org/wiki/List_of_highest-grossing_films_in_Japan,
Japanese,2026,Chiikawa the Movie: The Secret of the Mermaid Island,jp_gross_jpybn,12.23,,,,,12.23,,,,,,,Japanese,,,anime,,,,,,,37,https://en.wikipedia.org/wiki/List_of_highest-grossing_films_in_Japan,"Source table marks this entry with † (as of page fetch, 2026 release still in theatrical release / gross may be incomplete, per Wikipedia convention)."
Japanese,2019,Aladdin,jp_gross_jpybn,12.16,,,,,12.16,,,,,,,Foreign,,,,,,,,,,38,https://en.wikipedia.org/wiki/List_of_highest-grossing_films_in_Japan,
Japanese,2013,The Wind Rises,jp_gross_jpybn,12.02,,,,,12.02,,,,,,,Japanese,,,anime,,,,,,,39,https://en.wikipedia.org/wiki/List_of_highest-grossing_films_in_Japan,
Japanese,2010,Alice in Wonderland,jp_gross_jpybn,11.8,,,,,11.8,,,,,,,Foreign,,,,,,,,,,40,https://en.wikipedia.org/wiki/List_of_highest-grossing_films_in_Japan,
Japanese,2024,Haikyu!! The Dumpster Battle,jp_gross_jpybn,11.64,,,,,11.64,,,,,,,Japanese,,,anime,,,,,,,41,https://en.wikipedia.org/wiki/List_of_highest-grossing_films_in_Japan,
Japanese,2015,Star Wars: The Force Awakens,jp_gross_jpybn,11.63,,,,,11.63,,,,,,,Foreign,,,,,,,,,,42,https://en.wikipedia.org/wiki/List_of_highest-grossing_films_in_Japan,
Japanese,1983,Antarctica,jp_gross_jpybn,11.0,,,,,11.0,,,,,,,Japanese,,,,,,,,,,43,https://en.wikipedia.org/wiki/List_of_highest-grossing_films_in_Japan,
Japanese,2003,The Matrix Reloaded,jp_gross_jpybn,11.0,,,,,11.0,,,,,,,Foreign,,,,,,,,,,43,https://en.wikipedia.org/wiki/List_of_highest-grossing_films_in_Japan,
Japanese,2003,Finding Nemo,jp_gross_jpybn,11.0,,,,,11.0,,,,,,,Foreign,,,,,,,,,,43,https://en.wikipedia.org/wiki/List_of_highest-grossing_films_in_Japan,
Japanese,2005,Harry Potter and the Goblet of Fire,jp_gross_jpybn,11.0,,,,,11.0,,,,,,,Foreign,,,,,,,,,,43,https://en.wikipedia.org/wiki/List_of_highest-grossing_films_in_Japan,
Japanese,2007,Pirates of the Caribbean: At World's End,jp_gross_jpybn,10.9,,,,,10.9,,,,,,,Foreign,,,,,,,,,,47,https://en.wikipedia.org/wiki/List_of_highest-grossing_films_in_Japan,
Japanese,2025,Chainsaw Man – The Movie: Reze Arc,jp_gross_jpybn,10.81,,,,,10.81,,,,,,,Japanese,,,anime,,,,,,,48,https://en.wikipedia.org/wiki/List_of_highest-grossing_films_in_Japan,
Japanese,2010,Toy Story 3,jp_gross_jpybn,10.8,,,,,10.8,,,,,,,Foreign,,,,,,,,,,49,https://en.wikipedia.org/wiki/List_of_highest-grossing_films_in_Japan,
Japanese,1996,Independence Day,jp_gross_jpybn,10.65,,,,,10.65,,,,,,,Foreign,,,,,,,,,,50,https://en.wikipedia.org/wiki/List_of_highest-grossing_films_in_Japan,
Japanese,2004,The Lord of the Rings: The Return of the King,jp_gross_jpybn,10.32,,,,,10.32,,,,,,,Foreign,,,,,,,,,,51,https://en.wikipedia.org/wiki/List_of_highest-grossing_films_in_Japan,
Japanese,2021,Evangelion: 3.0+1.0 Thrice Upon a Time,jp_gross_jpybn,10.28,,,,,10.28,,,,,,,Japanese,,,anime,,,,,,,52,https://en.wikipedia.org/wiki/List_of_highest-grossing_films_in_Japan,
Japanese,1998,Bayside Shakedown: The Movie,jp_gross_jpybn,10.1,,,,,10.1,,,,,,,Japanese,,,,,,,,,,53,https://en.wikipedia.org/wiki/List_of_highest-grossing_films_in_Japan,
Japanese,2019,Toy Story 4,jp_gross_jpybn,10.09,,,,,10.09,,,,,,,Foreign,,,,,,,,,,54,https://en.wikipedia.org/wiki/List_of_highest-grossing_films_in_Japan,
Japanese,2006,Pirates of the Caribbean: Dead Man's Chest,jp_gross_jpybn,10.02,,,,,10.02,,,,,,,Foreign,,,,,,,,,,55,https://en.wikipedia.org/wiki/List_of_highest-grossing_films_in_Japan,
Japanese,2016,Your Name,jp_gross_jpybn,23.56,,,,,23.56,,,,,,,Japanese,,,anime,,,,,,1,,https://en.wikipedia.org/wiki/List_of_2016_box_office_number-one_films_in_Japan,
Japanese,2016,Star Wars: The Force Awakens,jp_gross_jpybn,11.63,,,,,11.63,,,,,,,Foreign,,,,,,,,,2,,https://en.wikipedia.org/wiki/List_of_2016_box_office_number-one_films_in_Japan,
Japanese,2016,Shin Godzilla,jp_gross_jpybn,8.25,,,,,8.25,,,,,,,Japanese,,,,,,,,,3,,https://en.wikipedia.org/wiki/List_of_2016_box_office_number-one_films_in_Japan,
Japanese,2016,Zootopia,jp_gross_jpybn,7.63,,,,,7.63,,,,,,,Foreign,,,,,,,,,4,,https://en.wikipedia.org/wiki/List_of_2016_box_office_number-one_films_in_Japan,
Japanese,2016,Finding Dory,jp_gross_jpybn,6.83,,,,,6.83,,,,,,,Foreign,,,,,,,,,5,,https://en.wikipedia.org/wiki/List_of_2016_box_office_number-one_films_in_Japan,
Japanese,2016,Detective Conan: The Darkest Nightmare,jp_gross_jpybn,6.33,,,,,6.33,,,,,,,Japanese,,,anime,,,,,,6,,https://en.wikipedia.org/wiki/List_of_2016_box_office_number-one_films_in_Japan,
Japanese,2016,Yo-kai Watch: Soratobu Kujira to Double no Sekai no Daiboken da Nyan!,jp_gross_jpybn,5.53,,,,,5.53,,,,,,,Japanese,,,anime,,,,,,7,,https://en.wikipedia.org/wiki/List_of_2016_box_office_number-one_films_in_Japan,
Japanese,2016,One Piece Film Gold,jp_gross_jpybn,5.18,,,,,5.18,,,,,,,Japanese,,,anime,,,,,,8,,https://en.wikipedia.org/wiki/List_of_2016_box_office_number-one_films_in_Japan,
Japanese,2016,Nobunaga Concerto,jp_gross_jpybn,4.61,,,,,4.61,,,,,,,Japanese,,,,,,,,,9,,https://en.wikipedia.org/wiki/List_of_2016_box_office_number-one_films_in_Japan,
Japanese,2016,The Secret Life of Pets,jp_gross_jpybn,4.24,,,,,4.24,,,,,,,Foreign,,,,,,,,,10,,https://en.wikipedia.org/wiki/List_of_2016_box_office_number-one_films_in_Japan,
Japanese,2017,Beauty and the Beast,jp_gross_jpybn,12.4,,,,110.55,12.4,,,,,,,Foreign,,,,,,,,,1,,https://en.wikipedia.org/wiki/List_of_2017_box_office_number-one_films_in_Japan,
Japanese,2017,Fantastic Beasts and Where to Find Them,jp_gross_jpybn,7.34,,,,65.44,7.34,,,,,,,Foreign,,,,,,,,,2,,https://en.wikipedia.org/wiki/List_of_2017_box_office_number-one_films_in_Japan,
Japanese,2017,Despicable Me 3,jp_gross_jpybn,7.31,,,,65.17,7.31,,,,,,,Foreign,,,,,,,,,3,,https://en.wikipedia.org/wiki/List_of_2017_box_office_number-one_films_in_Japan,
Japanese,2017,Case Closed: The Crimson Love Letter,jp_gross_jpybn,6.89,,,,61.43,6.89,,,,,,,Japanese,,,anime,,,,,,4,,https://en.wikipedia.org/wiki/List_of_2017_box_office_number-one_films_in_Japan,
Japanese,2017,Pirates of the Caribbean: Dead Men Tell No Tales,jp_gross_jpybn,6.71,,,,59.82,6.71,,,,,,,Foreign,,,,,,,,,5,,https://en.wikipedia.org/wiki/List_of_2017_box_office_number-one_films_in_Japan,
Japanese,2017,Moana,jp_gross_jpybn,5.16,,,,46.0,5.16,,,,,,,Foreign,,,,,,,,,6,,https://en.wikipedia.org/wiki/List_of_2017_box_office_number-one_films_in_Japan,
Japanese,2017,Sing,jp_gross_jpybn,5.11,,,,45.56,5.11,,,,,,,Foreign,,,,,,,,,7,,https://en.wikipedia.org/wiki/List_of_2017_box_office_number-one_films_in_Japan,
Japanese,2017,Rogue One,jp_gross_jpybn,4.63,,,,41.28,4.63,,,,,,,Foreign,,,,,,,,,8,,https://en.wikipedia.org/wiki/List_of_2017_box_office_number-one_films_in_Japan,
Japanese,2017,Doraemon the Movie 2017: Great Adventure in the Antarctic Kachi Kochi,jp_gross_jpybn,4.43,,,,39.49,4.43,,,,,,,Japanese,,,anime,,,,,,9,,https://en.wikipedia.org/wiki/List_of_2017_box_office_number-one_films_in_Japan,
Japanese,2017,La La Land,jp_gross_jpybn,4.42,,,,39.41,4.42,,,,,,,Foreign,,,,,,,,,10,,https://en.wikipedia.org/wiki/List_of_2017_box_office_number-one_films_in_Japan,
Japanese,2018,Bohemian Rhapsody,jp_gross_jpybn,10.46,,,,94.73,10.46,,,,,,,Foreign,,,,,,,,,1,,https://en.wikipedia.org/wiki/List_of_2018_box_office_number-one_films_in_Japan,
Japanese,2018,Code Blue,jp_gross_jpybn,9.3,,,,84.22,9.3,,,,,,,Japanese,,,,,,,,,2,,https://en.wikipedia.org/wiki/List_of_2018_box_office_number-one_films_in_Japan,
Japanese,2018,Case Closed: Zero the Enforcer,jp_gross_jpybn,9.18,,,,83.13,9.18,,,,,,,Japanese,,,anime,,,,,,3,,https://en.wikipedia.org/wiki/List_of_2018_box_office_number-one_films_in_Japan,
Japanese,2018,Jurassic World: Fallen Kingdom,jp_gross_jpybn,8.07,,,,73.08,8.07,,,,,,,Foreign,,,,,,,,,4,,https://en.wikipedia.org/wiki/List_of_2018_box_office_number-one_films_in_Japan,
Japanese,2018,Star Wars: The Last Jedi,jp_gross_jpybn,7.51,,,,68.01,7.51,,,,,,,Foreign,,,,,,,,,5,,https://en.wikipedia.org/wiki/List_of_2018_box_office_number-one_films_in_Japan,
Japanese,2018,Doraemon the Movie: Nobita's Treasure Island,jp_gross_jpybn,5.37,,,,48.63,5.37,,,,,,,Japanese,,,anime,,,,,,6,,https://en.wikipedia.org/wiki/List_of_2018_box_office_number-one_films_in_Japan,
Japanese,2018,The Greatest Showman,jp_gross_jpybn,5.22,,,,47.27,5.22,,,,,,,Foreign,,,,,,,,,7,,https://en.wikipedia.org/wiki/List_of_2018_box_office_number-one_films_in_Japan,
Japanese,2018,Coco,jp_gross_jpybn,5.0,,,,45.28,5.0,,,,,,,Foreign,,,,,,,,,8,,https://en.wikipedia.org/wiki/List_of_2018_box_office_number-one_films_in_Japan,
Japanese,2018,Incredibles 2,jp_gross_jpybn,4.9,,,,44.37,4.9,,,,,,,Foreign,,,,,,,,,9,,https://en.wikipedia.org/wiki/List_of_2018_box_office_number-one_films_in_Japan,
Japanese,2018,Mission: Impossible – Fallout,jp_gross_jpybn,4.72,,,,42.74,4.72,,,,,,,Foreign,,,,,,,,,10,,https://en.wikipedia.org/wiki/List_of_2018_box_office_number-one_films_in_Japan,
Japanese,2019,Weathering with You,jp_gross_jpybn,14.06,,,,128.98,14.06,,,,,,,Japanese,,,anime,,,,,,1,,https://en.wikipedia.org/wiki/List_of_2019_box_office_number-one_films_in_Japan,
Japanese,2019,Frozen 2,jp_gross_jpybn,12.79,,,,117.33,12.79,,,,,,,Foreign,,,,,,,,,2,,https://en.wikipedia.org/wiki/List_of_2019_box_office_number-one_films_in_Japan,
Japanese,2019,Aladdin,jp_gross_jpybn,12.16,,,,111.55,12.16,,,,,,,Foreign,,,,,,,,,3,,https://en.wikipedia.org/wiki/List_of_2019_box_office_number-one_films_in_Japan,
Japanese,2019,Toy Story 4,jp_gross_jpybn,10.09,,,,92.56,10.09,,,,,,,Foreign,,,,,,,,,4,,https://en.wikipedia.org/wiki/List_of_2019_box_office_number-one_films_in_Japan,
Japanese,2019,Detective Conan: The Fist of Blue Sapphire,jp_gross_jpybn,9.37,,,,85.96,9.37,,,,,,,Japanese,,,anime,,,,,,5,,https://en.wikipedia.org/wiki/List_of_2019_box_office_number-one_films_in_Japan,
Japanese,2019,The Lion King,jp_gross_jpybn,6.67,,,,61.19,6.67,,,,,,,Foreign,,,,,,,,,6,,https://en.wikipedia.org/wiki/List_of_2019_box_office_number-one_films_in_Japan,
Japanese,2019,Fantastic Beasts: The Crimes of Grindelwald,jp_gross_jpybn,6.57,,,,60.27,6.57,,,,,,,Foreign,,,,,,,,,7,,https://en.wikipedia.org/wiki/List_of_2019_box_office_number-one_films_in_Japan,
Japanese,2019,Avengers: Endgame,jp_gross_jpybn,6.12,,,,56.14,6.12,,,,,,,Foreign,,,,,,,,,8,,https://en.wikipedia.org/wiki/List_of_2019_box_office_number-one_films_in_Japan,
Japanese,2019,Kingdom,jp_gross_jpybn,5.73,,,,52.56,5.73,,,,,,,Japanese,,,,,,,,,9,,https://en.wikipedia.org/wiki/List_of_2019_box_office_number-one_films_in_Japan,
Japanese,2019,One Piece: Stampede,jp_gross_jpybn,5.55,,,,50.91,5.55,,,,,,,Japanese,,,anime,,,,,,10,,https://en.wikipedia.org/wiki/List_of_2019_box_office_number-one_films_in_Japan,
Japanese,2020,Demon Slayer: Kimetsu no Yaiba the Movie: Mugen Train,jp_gross_jpybn,36.55,,,,342.31,36.55,,,,,,,Japanese,,,anime,,,,,,1,,https://en.wikipedia.org/wiki/List_of_2020_box_office_number-one_films_in_Japan,
Japanese,2020,Star Wars: The Rise of Skywalker,jp_gross_jpybn,7.32,,,,68.56,7.32,,,,,,,Foreign,,,,,,,,,2,,https://en.wikipedia.org/wiki/List_of_2020_box_office_number-one_films_in_Japan,
Japanese,2020,"From Today, It's My Turn the Movie!",jp_gross_jpybn,5.37,,,,50.29,5.37,,,,,,,Japanese,,,,,,,,,3,,https://en.wikipedia.org/wiki/List_of_2020_box_office_number-one_films_in_Japan,
Japanese,2020,Parasite,jp_gross_jpybn,4.74,,,,44.39,4.74,,,,,,,Foreign,,,,,,,,,4,,https://en.wikipedia.org/wiki/List_of_2020_box_office_number-one_films_in_Japan,
Japanese,2020,The Confidence Man JP: Episode of the Princess,jp_gross_jpybn,3.84,,,,35.96,3.84,,,,,,,Japanese,,,,,,,,,5,,https://en.wikipedia.org/wiki/List_of_2020_box_office_number-one_films_in_Japan,
Japanese,2020,Doraemon: Nobita's New Dinosaur,jp_gross_jpybn,3.35,,,,31.37,3.35,,,,,,,Japanese,,,anime,,,,,,6,,https://en.wikipedia.org/wiki/List_of_2020_box_office_number-one_films_in_Japan,
Japanese,2020,Tenet,jp_gross_jpybn,2.73,,,,25.57,2.73,,,,,,,Foreign,,,,,,,,,7,,https://en.wikipedia.org/wiki/List_of_2020_box_office_number-one_films_in_Japan,
Japanese,2020,Stigmatized Properties,jp_gross_jpybn,2.34,,,,21.92,2.34,,,,,,,Japanese,,,,,,,,,8,,https://en.wikipedia.org/wiki/List_of_2020_box_office_number-one_films_in_Japan,
Japanese,2020,Threads: Our Tapestry of Love,jp_gross_jpybn,2.27,,,,21.26,2.27,,,,,,,Japanese,,,,,,,,,9,,https://en.wikipedia.org/wiki/List_of_2020_box_office_number-one_films_in_Japan,
Japanese,2020,Violet Evergarden: The Movie,jp_gross_jpybn,2.13,,,,19.95,2.13,,,,,,,Japanese,,,anime,,,,,,10,,https://en.wikipedia.org/wiki/List_of_2020_box_office_number-one_films_in_Japan,
Japanese,2021,Evangelion: 3.0+1.0 Thrice Upon a Time,jp_gross_jpybn,10.28,,,,93.67,10.28,,,,,,,Japanese,,,anime,,,,,,1,,https://en.wikipedia.org/wiki/List_of_2021_box_office_number-one_films_in_Japan,
Japanese,2021,Detective Conan: The Scarlet Bullet,jp_gross_jpybn,7.65,,,,69.7,7.65,,,,,,,Japanese,,,anime,,,,,,2,,https://en.wikipedia.org/wiki/List_of_2021_box_office_number-one_films_in_Japan,
Japanese,2021,Belle,jp_gross_jpybn,6.6,,,,60.14,6.6,,,,,,,Japanese,,,anime,,,,,,3,,https://en.wikipedia.org/wiki/List_of_2021_box_office_number-one_films_in_Japan,
Japanese,2021,Arashi Anniversary Tour 5x20 Film: Record of Memories,jp_gross_jpybn,4.55,,,,41.46,4.55,,,,,,,Japanese,,,,,,,,,4,,https://en.wikipedia.org/wiki/List_of_2021_box_office_number-one_films_in_Japan,
Japanese,2021,Tokyo Revengers,jp_gross_jpybn,4.5,,,,41.0,4.5,,,,,,,Japanese,,,,,,,,,5,,https://en.wikipedia.org/wiki/List_of_2021_box_office_number-one_films_in_Japan,
Japanese,2021,Rurouni Kenshin: The Final,jp_gross_jpybn,4.35,,,,39.64,4.35,,,,,,,Japanese,,,,,,,,,6,,https://en.wikipedia.org/wiki/List_of_2021_box_office_number-one_films_in_Japan,
Japanese,2021,The Untold Tale of the Three Kingdoms,jp_gross_jpybn,4.03,,,,36.72,4.03,,,,,,,Japanese,,,,,,,,,7,,https://en.wikipedia.org/wiki/List_of_2021_box_office_number-one_films_in_Japan,
Japanese,2021,We Made a Beautiful Bouquet,jp_gross_jpybn,3.81,,,,34.72,3.81,,,,,,,Japanese,,,,,,,,,8,,https://en.wikipedia.org/wiki/List_of_2021_box_office_number-one_films_in_Japan,
Japanese,2021,Masquerade Night,jp_gross_jpybn,3.81,,,,34.72,3.81,,,,,,,Japanese,,,,,,,,,8,,https://en.wikipedia.org/wiki/List_of_2021_box_office_number-one_films_in_Japan,
Japanese,2021,F9,jp_gross_jpybn,3.67,,,,33.44,3.67,,,,,,,Foreign,,,,,,,,,10,,https://en.wikipedia.org/wiki/List_of_2021_box_office_number-one_films_in_Japan,
Japanese,2022,One Piece Film: Red,jp_gross_jpybn,19.7,,,,149.81,19.7,,,,,,,Japanese,,,anime,,,,,,1,,https://en.wikipedia.org/wiki/List_of_2022_box_office_number-one_films_in_Japan,"Figure as printed on this year-end page; the all-time list page later shows a higher final gross for this film (its theatrical run continued beyond this snapshot), so treat this as a lower-bound gross as of this table's snapshot date."
Japanese,2022,Jujutsu Kaisen 0,jp_gross_jpybn,13.8,,,,104.94,13.8,,,,,,,Japanese,,,anime,,,,,,2,,https://en.wikipedia.org/wiki/List_of_2022_box_office_number-one_films_in_Japan,
Japanese,2022,Top Gun: Maverick,jp_gross_jpybn,13.57,,,,103.2,13.57,,,,,,,Foreign,,,,,,,,,3,,https://en.wikipedia.org/wiki/List_of_2022_box_office_number-one_films_in_Japan,"Figure as printed on this year-end page; the all-time list page later shows a higher final gross for this film (its theatrical run continued beyond this snapshot), so treat this as a lower-bound gross as of this table's snapshot date."
Japanese,2022,Suzume,jp_gross_jpybn,13.15,,,,100.0,13.15,,,,,,,Japanese,,,anime,,,,,,4,,https://en.wikipedia.org/wiki/List_of_2022_box_office_number-one_films_in_Japan,"Figure as printed on this year-end page; the all-time list page later shows a higher final gross for this film (its theatrical run continued beyond this snapshot), so treat this as a lower-bound gross as of this table's snapshot date."
Japanese,2022,Detective Conan: The Bride of Halloween,jp_gross_jpybn,9.78,,,,74.37,9.78,,,,,,,Japanese,,,anime,,,,,,5,,https://en.wikipedia.org/wiki/List_of_2022_box_office_number-one_films_in_Japan,
Japanese,2022,Jurassic World Dominion,jp_gross_jpybn,6.32,,,,48.06,6.32,,,,,,,Foreign,,,,,,,,,6,,https://en.wikipedia.org/wiki/List_of_2022_box_office_number-one_films_in_Japan,
Japanese,2022,Kingdom 2: Far and Away,jp_gross_jpybn,5.16,,,,39.24,5.16,,,,,,,Japanese,,,,,,,,,7,,https://en.wikipedia.org/wiki/List_of_2022_box_office_number-one_films_in_Japan,
Japanese,2022,Fantastic Beasts: The Secrets of Dumbledore,jp_gross_jpybn,4.6,,,,34.98,4.6,,,,,,,Foreign,,,,,,,,,8,,https://en.wikipedia.org/wiki/List_of_2022_box_office_number-one_films_in_Japan,
Japanese,2022,Shin Ultraman,jp_gross_jpybn,4.44,,,,33.76,4.44,,,,,,,Japanese,,,,,,,,,9,,https://en.wikipedia.org/wiki/List_of_2022_box_office_number-one_films_in_Japan,
Japanese,2022,Minions: The Rise of Gru,jp_gross_jpybn,4.44,,,,33.76,4.44,,,,,,,Foreign,,,,,,,,,9,,https://en.wikipedia.org/wiki/List_of_2022_box_office_number-one_films_in_Japan,
Japanese,2023,The First Slam Dunk,jp_gross_jpybn,15.87,,,,112.96,15.87,,,,,,,Japanese,,,anime,,,,,,1,,https://en.wikipedia.org/wiki/List_of_2023_box_office_number-one_films_in_Japan,"Figure as printed on this year-end page; the all-time list page later shows a higher final gross for this film (its theatrical run continued beyond this snapshot), so treat this as a lower-bound gross as of this table's snapshot date."
Japanese,2023,The Super Mario Bros. Movie,jp_gross_jpybn,14.02,,,,99.79,14.02,,,,,,,Foreign,,,,,,,,,2,,https://en.wikipedia.org/wiki/List_of_2023_box_office_number-one_films_in_Japan,
Japanese,2023,Detective Conan: Black Iron Submarine,jp_gross_jpybn,13.88,,,,98.8,13.88,,,,,,,Japanese,,,anime,,,,,,3,,https://en.wikipedia.org/wiki/List_of_2023_box_office_number-one_films_in_Japan,
Japanese,2023,The Boy and the Heron,jp_gross_jpybn,8.84,,,,62.92,8.84,,,,,,,Japanese,,,anime,,,,,,4,,https://en.wikipedia.org/wiki/List_of_2023_box_office_number-one_films_in_Japan,
Japanese,2023,Kingdom 3: The Flame of Destiny,jp_gross_jpybn,5.6,,,,39.86,5.6,,,,,,,Japanese,,,,,,,,,5,,https://en.wikipedia.org/wiki/List_of_2023_box_office_number-one_films_in_Japan,
Japanese,2023,Godzilla Minus One,jp_gross_jpybn,5.59,,,,39.79,5.59,,,,,,,Japanese,,,,,,,,,6,,https://en.wikipedia.org/wiki/List_of_2023_box_office_number-one_films_in_Japan,
Japanese,2023,Mission: Impossible – Dead Reckoning Part One,jp_gross_jpybn,5.43,,,,38.65,5.43,,,,,,,Foreign,,,,,,,,,7,,https://en.wikipedia.org/wiki/List_of_2023_box_office_number-one_films_in_Japan,
Japanese,2023,Don't Call It Mystery,jp_gross_jpybn,4.8,,,,34.17,4.8,,,,,,,Japanese,,,,,,,,,8,,https://en.wikipedia.org/wiki/List_of_2023_box_office_number-one_films_in_Japan,
Japanese,2023,Tokyo MER: Mobile Emergency Room – The Movie,jp_gross_jpybn,4.53,,,,32.24,4.53,,,,,,,Japanese,,,,,,,,,9,,https://en.wikipedia.org/wiki/List_of_2023_box_office_number-one_films_in_Japan,
Japanese,2023,Doraemon: Nobita's Sky Utopia,jp_gross_jpybn,4.34,,,,30.89,4.34,,,,,,,Japanese,,,anime,,,,,,10,,https://en.wikipedia.org/wiki/List_of_2023_box_office_number-one_films_in_Japan,
Japanese,2024,Detective Conan: The Million-dollar Pentagram,jp_gross_jpybn,15.8,,,,104.38,15.8,,,,,,,Japanese,,,anime,,,,,,1,,https://en.wikipedia.org/wiki/List_of_2024_box_office_number-one_films_in_Japan,
Japanese,2024,Haikyu!! The Dumpster Battle,jp_gross_jpybn,11.64,,,,76.9,11.64,,,,,,,Japanese,,,anime,,,,,,2,,https://en.wikipedia.org/wiki/List_of_2024_box_office_number-one_films_in_Japan,
Japanese,2024,Kingdom 4: Return of the Great General,jp_gross_jpybn,8.03,,,,53.05,8.03,,,,,,,Japanese,,,,,,,,,3,,https://en.wikipedia.org/wiki/List_of_2024_box_office_number-one_films_in_Japan,
Japanese,2024,Spy x Family Code: White,jp_gross_jpybn,6.32,,,,41.75,6.32,,,,,,,Japanese,,,anime,,,,,,4,,https://en.wikipedia.org/wiki/List_of_2024_box_office_number-one_films_in_Japan,
Japanese,2024,Last Mile,jp_gross_jpybn,5.96,,,,39.37,5.96,,,,,,,Japanese,,,,,,,,,5,,https://en.wikipedia.org/wiki/List_of_2024_box_office_number-one_films_in_Japan,
Japanese,2024,Mobile Suit Gundam SEED Freedom,jp_gross_jpybn,5.38,,,,35.54,5.38,,,,,,,Japanese,,,anime,,,,,,6,,https://en.wikipedia.org/wiki/List_of_2024_box_office_number-one_films_in_Japan,
Japanese,2024,Inside Out 2,jp_gross_jpybn,5.36,,,,35.41,5.36,,,,,,,Foreign,,,,,,,,,7,,https://en.wikipedia.org/wiki/List_of_2024_box_office_number-one_films_in_Japan,
Japanese,2024,The Floor Plan,jp_gross_jpybn,5.07,,,,33.49,5.07,,,,,,,Japanese,,,,,,,,,8,,https://en.wikipedia.org/wiki/List_of_2024_box_office_number-one_films_in_Japan,
Japanese,2024,Till We Meet Again on the Lily Hill,jp_gross_jpybn,4.54,,,,29.99,4.54,,,,,,,Japanese,,,,,,,,,9,,https://en.wikipedia.org/wiki/List_of_2024_box_office_number-one_films_in_Japan,
Japanese,2024,Despicable Me 4,jp_gross_jpybn,4.53,,,,29.93,4.53,,,,,,,Foreign,,,,,,,,,10,,https://en.wikipedia.org/wiki/List_of_2024_box_office_number-one_films_in_Japan,
Japanese,2025,Demon Slayer: Kimetsu no Yaiba – The Movie: Infinity Castle,jp_gross_jpybn,39.14,,,,261.58,39.14,,,,,,,Japanese,,,anime,,,,,,1,,https://en.wikipedia.org/wiki/List_of_2025_box_office_number-one_films_in_Japan,"Figure as printed on this year-end page; the all-time list page later shows a higher final gross for this film (its theatrical run continued beyond this snapshot), so treat this as a lower-bound gross as of this table's snapshot date."
Japanese,2025,Kokuho,jp_gross_jpybn,19.55,,,,130.65,19.55,,,,,,,Japanese,,,,,,,,,2,,https://en.wikipedia.org/wiki/List_of_2025_box_office_number-one_films_in_Japan,"Figure as printed on this year-end page; the all-time list page later shows a higher final gross for this film (its theatrical run continued beyond this snapshot), so treat this as a lower-bound gross as of this table's snapshot date."
Japanese,2025,Detective Conan: One-eyed Flashback,jp_gross_jpybn,14.74,,,,98.51,14.74,,,,,,,Japanese,,,anime,,,,,,3,,https://en.wikipedia.org/wiki/List_of_2025_box_office_number-one_films_in_Japan,
Japanese,2025,Chainsaw Man – The Movie: Reze Arc,jp_gross_jpybn,10.43,,,,69.7,10.43,,,,,,,Japanese,,,anime,,,,,,4,,https://en.wikipedia.org/wiki/List_of_2025_box_office_number-one_films_in_Japan,"Figure as printed on this year-end page; the all-time list page later shows a higher final gross for this film (its theatrical run continued beyond this snapshot), so treat this as a lower-bound gross as of this table's snapshot date."
Japanese,2025,Cells at Work!,jp_gross_jpybn,6.36,,,,42.5,6.36,,,,,,,Japanese,,,,,,,,,5,,https://en.wikipedia.org/wiki/List_of_2025_box_office_number-one_films_in_Japan,
Japanese,2025,Tokyo MER: Mobile Emergency Room – Nankai Mission,jp_gross_jpybn,5.29,,,,35.35,5.29,,,,,,,Japanese,,,,,,,,,6,,https://en.wikipedia.org/wiki/List_of_2025_box_office_number-one_films_in_Japan,
Japanese,2025,Mission: Impossible – The Final Reckoning,jp_gross_jpybn,5.28,,,,35.29,5.28,,,,,,,Foreign,,,,,,,,,7,,https://en.wikipedia.org/wiki/List_of_2025_box_office_number-one_films_in_Japan,
Japanese,2025,Moana 2,jp_gross_jpybn,5.17,,,,34.55,5.17,,,,,,,Foreign,,,,,,,,,8,,https://en.wikipedia.org/wiki/List_of_2025_box_office_number-one_films_in_Japan,
Japanese,2025,Exit 8,jp_gross_jpybn,5.17,,,,34.55,5.17,,,,,,,Japanese,,,,,,,,,8,,https://en.wikipedia.org/wiki/List_of_2025_box_office_number-one_films_in_Japan,
Japanese,2025,Jurassic World Rebirth,jp_gross_jpybn,4.9,,,,32.75,4.9,,,,,,,Foreign,,,,,,,,,10,,https://en.wikipedia.org/wiki/List_of_2025_box_office_number-one_films_in_Japan,
